course_id,course_title,description,category,source,level
MECH-264,Micro-Electro-Mechanical Systems (MEMS) Actuators,"Micro-Electro-Mechanical Systems (MEMS) Actuators. Multiphysics design of silicon micro-actuators. Electrostatic comb drives, piezoelectric micro-beams, cleanroom photolithography fabrication, and coupled thermal-fluid simulation. Prerequisites: Completion of introductory undergraduate coursework in relevant engineering or scientific disciplines.",Mechanical,MIT OpenCourseWare,Undergraduate
CIVI-316,Design of Reinforced Concrete Structures,"Design of Reinforced Concrete Structures. Behavior and limit state design of reinforced concrete members. Ultimate flexural strength of beams, shear reinforcement detailing, one-way and two-way floor slabs, and axial-flexural interaction of columns. Prerequisites: Solid foundational coursework in the discipline and consent of the department.",Civil,Coursera,Advanced Undergraduate
COMP-445,Principles of Cybersecurity and Cryptography,"Principles of Cybersecurity and Cryptography. Foundations of computer systems security. Cryptographic primitives, symmetric and asymmetric ciphers, public-key infrastructure, memory exploit defenses, buffer overflows, and zero-trust security architectures. Prerequisites: Upper-division undergraduate standing and permission of the instructor.",Computer Science,MIT OpenCourseWare,Advanced Undergraduate
BUSI-284,Corporate Finance and Capital Structure,"Corporate Finance and Capital Structure. Financial decision making in corporations. Capital budgeting discounted cash flows (NPV, IRR), weighted average cost of capital (WACC), debt vs equity financing, dividend policy, and corporate governance. Targeted towards undergraduate and beginning graduate students in relevant university programs.",Business,MIT OpenCourseWare,Graduate
PHYS-690,Classical Mechanics and Lagrangian Dynamics,"Classical Mechanics and Lagrangian Dynamics. Advanced formulation of classical mechanics. Variational principles, Euler-Lagrange equations of motion, generalized coordinates, conservation laws, central force planetary motion, and Hamiltonian mechanics. Prerequisites: Solid foundational coursework in the discipline and consent of the department.",Physics,edX,Undergraduate
CHEM-338,Biochemical Reaction and Bioseparation Engineering,"Biochemical Reaction and Bioseparation Engineering. Engineering analysis of biological reaction systems. Enzyme kinetics (Michaelis-Menten), bioreactor design and oxygen transfer aeration, sterilization protocols, and downstream protein purification chromatography. Targeted towards undergraduate and beginning graduate students in relevant university programs.",Chemical Engineering,UC Berkeley Academic Guide,Undergraduate
BIOT-247,Cellular Biochemistry and Metabolic Pathways,"Cellular Biochemistry and Metabolic Pathways. Structure and function of cellular macromolecules. Enzymatic biocatalysis, metabolic pathways (glycolysis, citric acid cycle, oxidative phosphorylation), bioenergetics, and allosteric enzyme regulation. Prerequisites: Upper-division undergraduate standing and permission of the instructor.",Biotechnology,Stanford Engineering Catalog,Graduate
BUSI-253,Competitive Strategy and Industry Analysis,"Competitive Strategy and Industry Analysis. Frameworks for establishing sustainable competitive advantage. Porter's Five Forces, resource-based view of the firm, value chain configuration, corporate diversification, and industry disruption. Prerequisites: Solid foundational coursework in the discipline and consent of the department.",Business,Coursera,Advanced Undergraduate
BUSI-687,Strategic Marketing and Brand Positioning,"Strategic Marketing and Brand Positioning. Core marketing management frameworks. Market segmentation, targeting, and brand positioning (STP), customer lifetime value, pricing strategies, promotional channels, and brand equity development. Prerequisites: Upper-division undergraduate standing and permission of the instructor.",Business,MIT OpenCourseWare,Graduate
CHEM-666,Chemical Engineering Thermodynamics and Phase Equilibria,"Chemical Engineering Thermodynamics and Phase Equilibria. Thermodynamics of multicomponent fluid mixtures. Equations of state (Peng-Robinson), chemical potentials, fugacity coefficients, activity coefficient models (NRTL, UNIQUAC), and vapor-liquid equilibria (VLE). Targeted towards undergraduate and beginning graduate students in relevant university programs.",Chemical Engineering,Coursera,Graduate
CIVI-254,Geotechnical Soil Mechanics,"Geotechnical Soil Mechanics. Fundamental physical and engineering properties of soils. Soil classification, Darcy's permeability law, 1D Terzaghi consolidation theory, effective stress, and Mohr-Coulomb shear strength criteria. Prerequisites: Upper-division undergraduate standing and permission of the instructor.",Civil,Coursera,Undergraduate
BIOT-601,Bioprocess Engineering and Microbial Fermentation,"Bioprocess Engineering and Microbial Fermentation. Engineering principles of microbial cell cultivation. Stoichiometry of cell growth, batch and fed-batch fermentation kinetics, oxygen mass transfer rate (kLa), bioreactor scale-up, and continuous bioprocessing. Targeted towards undergraduate and beginning graduate students in relevant university programs.",Biotechnology,Harvard University Course Catalog,Graduate
PHYS-665,Quantum Mechanics and Atomic Structure,"Quantum Mechanics and Atomic Structure. Fundamental postulates of quantum mechanics. Wave-particle duality, Schrodinger wave equation, square wells, quantum harmonic oscillator, angular momentum operators, and hydrogen atom quantum states. Prerequisites: Upper-division undergraduate standing and permission of the instructor.",Physics,Stanford Engineering Catalog,Undergraduate
CIVI-885,Hydraulic Engineering and Open Channel Flow,"Hydraulic Engineering and Open Channel Flow. Fluid flow in open channels and pipe networks. Manning's uniform flow equation, specific energy, hydraulic jumps, gradually varied flow profile computations, and culvert hydraulic sizing. Targeted towards undergraduate and beginning graduate students in relevant university programs.",Civil,UC Berkeley Academic Guide,Undergraduate
ELEC-538,Power Electronics and Energy Conversion,"Power Electronics and Energy Conversion. Analysis of solid-state power electronic converters. Switch-mode DC-DC buck, boost, and flyback converters, inverter topologies, pulse-width modulation (PWM) control, and thermal dissipation management. Prerequisites: Solid foundational coursework in the discipline and consent of the department.",Electronics,UC Berkeley Academic Guide,Advanced Undergraduate
MATH-629,Ordinary Differential Equations and Dynamical Systems,"Ordinary Differential Equations and Dynamical Systems. Linear and nonlinear ordinary differential equations. Existence and uniqueness theorems (Picard-Lindelof), phase portrait analysis, Lyapunov stability theory, and bifurcation behavior. Prerequisites: Completion of introductory undergraduate coursework in relevant engineering or scientific disciplines.",Mathematics,Harvard University Course Catalog,Graduate
BUSI-112,Operations and Global Supply Chain Management,"Operations and Global Supply Chain Management. Design and control of operational supply chains. Process bottleneck analysis, Little's Law, aggregate production planning, economic order quantity (EOQ), safety stock, and lean manufacturing. Prerequisites: Upper-division undergraduate standing and permission of the instructor.",Business,Harvard University Course Catalog,Undergraduate
BIOT-418,Molecular Biology and Recombinant DNA Technology,"Molecular Biology and Recombinant DNA Technology. Molecular mechanisms of gene expression and genetic engineering. DNA replication, transcription, translation, restriction endonucleases, plasmid cloning vectors, CRISPR-Cas9 gene editing, and PCR amplification. Recommended background: Prior exposure to core analytical concepts and methodological reasoning.",Biotechnology,Coursera,Undergraduate
PHYS-386,Classical Mechanics and Lagrangian Dynamics,"Classical Mechanics and Lagrangian Dynamics. Advanced formulation of classical mechanics. Variational principles, Euler-Lagrange equations of motion, generalized coordinates, conservation laws, central force planetary motion, and Hamiltonian mechanics. Recommended background: Prior exposure to core analytical concepts and methodological reasoning.",Physics,UC Berkeley Academic Guide,Advanced Undergraduate
MECH-631,Micro-Electro-Mechanical Systems (MEMS) Actuators,"Micro-Electro-Mechanical Systems (MEMS) Actuators. Multiphysics design of silicon micro-actuators. Electrostatic comb drives, piezoelectric micro-beams, cleanroom photolithography fabrication, and coupled thermal-fluid simulation. Prerequisites: Completion of introductory undergraduate coursework in relevant engineering or scientific disciplines.",Mechanical,UC Berkeley Academic Guide,Graduate
COMP-601,Principles of Cybersecurity and Cryptography,"Principles of Cybersecurity and Cryptography. Foundations of computer systems security. Cryptographic primitives, symmetric and asymmetric ciphers, public-key infrastructure, memory exploit defenses, buffer overflows, and zero-trust security architectures. Recommended background: Prior exposure to core analytical concepts and methodological reasoning.",Computer Science,UC Berkeley Academic Guide,Undergraduate
CHEM-448,Biochemical Reaction and Bioseparation Engineering,"Biochemical Reaction and Bioseparation Engineering. Engineering analysis of biological reaction systems. Enzyme kinetics (Michaelis-Menten), bioreactor design and oxygen transfer aeration, sterilization protocols, and downstream protein purification chromatography. Targeted towards undergraduate and beginning graduate students in relevant university programs.",Chemical Engineering,Coursera,Graduate
BUSI-662,Operations and Global Supply Chain Management,"Operations and Global Supply Chain Management. Design and control of operational supply chains. Process bottleneck analysis, Little's Law, aggregate production planning, economic order quantity (EOQ), safety stock, and lean manufacturing. Recommended background: Prior exposure to core analytical concepts and methodological reasoning.",Business,Coursera,Advanced Undergraduate
CHEM-240,Polymer Reaction Engineering and Processing,"Polymer Reaction Engineering and Processing. Polymerization kinetics and processing techniques. Step-growth and chain-growth polymerization, molecular weight distribution modeling, rheology of non-Newtonian polymer melts, and extrusion molding. Prerequisites: Completion of introductory undergraduate coursework in relevant engineering or scientific disciplines.",Chemical Engineering,Harvard University Course Catalog,Advanced Undergraduate
ELEC-574,Power Electronics and Energy Conversion,"Power Electronics and Energy Conversion. Analysis of solid-state power electronic converters. Switch-mode DC-DC buck, boost, and flyback converters, inverter topologies, pulse-width modulation (PWM) control, and thermal dissipation management. Prerequisites: Solid foundational coursework in the discipline and consent of the department.",Electronics,UC Berkeley Academic Guide,Graduate
CHEM-764,Process Safety and Plant Design in Chemical Industry,"Process Safety and Plant Design in Chemical Industry. Design and hazard mitigation in chemical production facilities. Process flow diagrams (PFD), piping and instrumentation diagrams (P&ID), HAZOP safety reviews, pressure relief sizing, and capital cost estimation. Prerequisites: Completion of introductory undergraduate coursework in relevant engineering or scientific disciplines.",Chemical Engineering,edX,Undergraduate
CHEM-340,Mass Transfer Operations and Separation Processes,"Mass Transfer Operations and Separation Processes. Equilibrium stage and rate-based separation processes. Multicomponent distillation column design, liquid-liquid extraction, gas absorption columns, membrane separations, and McCabe-Thiele stage calculations. Prerequisites: Solid foundational coursework in the discipline and consent of the department.",Chemical Engineering,Stanford Engineering Catalog,Advanced Undergraduate
PHYS-574,General Relativity and Gravitational Physics,"General Relativity and Gravitational Physics. Geometric theory of gravitation. Tensor calculus on Riemannian manifolds, Einstein field equations, geodesic motion in curved spacetime, Schwarzschild black holes, and gravitational waves. Prerequisites: Upper-division undergraduate standing and permission of the instructor.",Physics,Harvard University Course Catalog,Undergraduate
CIVI-211,Highway Geometric Design and Planning,"Highway Geometric Design and Planning. Principles of highway engineering. Horizontal and vertical alignment curves, sight distance requirements, highway cross-sections, intersection channelization, and AASHTO geometric standards. Targeted towards undergraduate and beginning graduate students in relevant university programs.",Civil,Stanford Engineering Catalog,Undergraduate
PHYS-233,Solid State and Condensed Matter Physics,"Solid State and Condensed Matter Physics. Electronic and crystal structure of solids. Bravais crystal lattices, X-ray Bragg diffraction, phonon vibrations, Bloch's theorem, energy band dispersion, and semiconductor electrical conduction. Targeted towards undergraduate and beginning graduate students in relevant university programs.",Physics,Harvard University Course Catalog,Advanced Undergraduate
COMP-489,Deep Learning and Neural Representation,"Deep Learning and Neural Representation. Theoretical foundations and architectures of deep neural networks. Convolutional neural networks, recurrent architectures, transformer self-attention, loss surface optimization, backpropagation calculus, and GPU model training. Prerequisites: Upper-division undergraduate standing and permission of the instructor.",Computer Science,MIT OpenCourseWare,Advanced Undergraduate
BUSI-816,Financial Statement Analysis and Accounting,"Financial Statement Analysis and Accounting. Interpretation and construction of financial statements under GAAP and IFRS. Balance sheets, income statements, cash flow statements, revenue recognition rules, inventory costing, and ratio analysis. Recommended background: Prior exposure to core analytical concepts and methodological reasoning.",Business,Stanford Engineering Catalog,Undergraduate
BIOT-508,Immunology and Monoclonal Antibody Technology,"Immunology and Monoclonal Antibody Technology. Principles of humoral and cell-mediated immunity. Antigen recognition, antibody structure, hybridoma technology, recombinant therapeutic monoclonal antibodies, ELISA assays, and immunotherapy design. Prerequisites: Upper-division undergraduate standing and permission of the instructor.",Biotechnology,UC Berkeley Academic Guide,Undergraduate
COMP-316,Computational Biology and Genome Informatics,"Computational Biology and Genome Informatics. Algorithm development for biological big data. Sequence alignment algorithms, phylogenetic tree clustering, genome assembly heuristics, and neural network models for protein folding. Targeted towards undergraduate and beginning graduate students in relevant university programs.",Computer Science,Stanford Engineering Catalog,Graduate
ELEC-505,Semiconductor Device Physics,"Semiconductor Device Physics. Quantum mechanical principles of semiconductor transport. Energy band structures, carrier generation and recombination, p-n junction electrostatics, Schottky diodes, and subthreshold MOSFET characteristics. Prerequisites: Solid foundational coursework in the discipline and consent of the department.",Electronics,UC Berkeley Academic Guide,Undergraduate
MATH-294,Real Analysis and Measure Theory,"Real Analysis and Measure Theory. Rigorous mathematical analysis of Euclidean spaces. Metric topologies, compactness, sequences, Cauchy convergence, Riemann-Stieltjes integration, Lebesgue measure, and dominated convergence theorem. Prerequisites: Completion of introductory undergraduate coursework in relevant engineering or scientific disciplines.",Mathematics,Coursera,Undergraduate
BUSI-351,Corporate Finance and Capital Structure,"Corporate Finance and Capital Structure. Financial decision making in corporations. Capital budgeting discounted cash flows (NPV, IRR), weighted average cost of capital (WACC), debt vs equity financing, dividend policy, and corporate governance. Targeted towards undergraduate and beginning graduate students in relevant university programs.",Business,UC Berkeley Academic Guide,Advanced Undergraduate
PHYS-317,Classical Mechanics and Lagrangian Dynamics,"Classical Mechanics and Lagrangian Dynamics. Advanced formulation of classical mechanics. Variational principles, Euler-Lagrange equations of motion, generalized coordinates, conservation laws, central force planetary motion, and Hamiltonian mechanics. Recommended background: Prior exposure to core analytical concepts and methodological reasoning.",Physics,MIT OpenCourseWare,Graduate
COMP-710,Computer Networks and Internet Protocols,"Computer Networks and Internet Protocols. Architecture and layered protocols of internet systems. TCP flow and congestion control, BGP routing protocols, packet switching, DNS resolution, transport layer security (TLS), and software-defined networking. Prerequisites: Upper-division undergraduate standing and permission of the instructor.",Computer Science,Harvard University Course Catalog,Graduate
BUSI-156,Entrepreneurial Finance and Venture Capital,"Entrepreneurial Finance and Venture Capital. Financing emerging high-growth ventures. Term sheets, convertible notes, venture valuation methods, capitalization tables, angel financing, and startup exit strategies. Prerequisites: Completion of introductory undergraduate coursework in relevant engineering or scientific disciplines.",Business,Stanford Engineering Catalog,Undergraduate
BIOT-104,Cellular Biochemistry and Metabolic Pathways,"Cellular Biochemistry and Metabolic Pathways. Structure and function of cellular macromolecules. Enzymatic biocatalysis, metabolic pathways (glycolysis, citric acid cycle, oxidative phosphorylation), bioenergetics, and allosteric enzyme regulation. Prerequisites: Completion of introductory undergraduate coursework in relevant engineering or scientific disciplines.",Biotechnology,Coursera,Graduate
MECH-827,Kinematics and Dynamics of Mechanisms,"Kinematics and Dynamics of Mechanisms. Planar mechanism motion analysis. Four-bar linkages, velocity and acceleration polygon methods, dynamic force balancing, flywheel inertia determination, and balancing of rotating machinery. Prerequisites: Completion of introductory undergraduate coursework in relevant engineering or scientific disciplines.",Mechanical,UC Berkeley Academic Guide,Advanced Undergraduate
COMP-745,Principles of Cybersecurity and Cryptography,"Principles of Cybersecurity and Cryptography. Foundations of computer systems security. Cryptographic primitives, symmetric and asymmetric ciphers, public-key infrastructure, memory exploit defenses, buffer overflows, and zero-trust security architectures. Recommended background: Prior exposure to core analytical concepts and methodological reasoning.",Computer Science,UC Berkeley Academic Guide,Undergraduate
BIOT-112,Stem Cell Biology and Tissue Engineering,"Stem Cell Biology and Tissue Engineering. Mechanisms of cellular pluripotency and regenerative medicine. Embryonic and induced pluripotent stem cells, biomaterial scaffolds, cell-matrix interactions, and bioreactor culture of functional engineered tissues. Prerequisites: Solid foundational coursework in the discipline and consent of the department.",Biotechnology,MIT OpenCourseWare,Undergraduate
ELEC-829,Digital VLSI Architecture and Design,"Digital VLSI Architecture and Design. CMOS digital logic design and physical layout. Static and dynamic power consumption, propagation delay calculation, static timing analysis (STA), clock tree synthesis, and Verilog hardware description language. Prerequisites: Upper-division undergraduate standing and permission of the instructor.",Electronics,UC Berkeley Academic Guide,Undergraduate
BIOT-164,Immunology and Monoclonal Antibody Technology,"Immunology and Monoclonal Antibody Technology. Principles of humoral and cell-mediated immunity. Antigen recognition, antibody structure, hybridoma technology, recombinant therapeutic monoclonal antibodies, ELISA assays, and immunotherapy design. Prerequisites: Completion of introductory undergraduate coursework in relevant engineering or scientific disciplines.",Biotechnology,UC Berkeley Academic Guide,Graduate
CIVI-291,Structural Analysis and Matrix Methods,"Structural Analysis and Matrix Methods. Static analysis of indeterminate structural frames, trusses, and continuous beams. Moment distribution, slope deflection methods, influence lines, virtual work energy principles, and stiffness matrix formulations. Prerequisites: Upper-division undergraduate standing and permission of the instructor.",Civil,MIT OpenCourseWare,Advanced Undergraduate
MATH-217,Ordinary Differential Equations and Dynamical Systems,"Ordinary Differential Equations and Dynamical Systems. Linear and nonlinear ordinary differential equations. Existence and uniqueness theorems (Picard-Lindelof), phase portrait analysis, Lyapunov stability theory, and bifurcation behavior. Prerequisites: Solid foundational coursework in the discipline and consent of the department.",Mathematics,Coursera,Undergraduate
CHEM-724,Chemical Reaction Engineering and Reactor Kinetics,"Chemical Reaction Engineering and Reactor Kinetics. Kinetics of homogeneous and heterogeneous chemical reactions. Ideal batch, continuous stirred-tank (CSTR), and plug flow reactors (PFR). Catalytic kinetics, non-isothermal reactor operation, and thermal runaway prevention. Prerequisites: Solid foundational coursework in the discipline and consent of the department.",Chemical Engineering,Stanford Engineering Catalog,Undergraduate
BIOT-172,Bioinformatics Pipeline Engineering and Transcriptomics,"Bioinformatics Pipeline Engineering and Transcriptomics. High-throughput computational pipeline design for next-generation RNA sequencing data. Statistical differential expression, variant calling algorithms, and cloud genomic workflows. Targeted towards undergraduate and beginning graduate students in relevant university programs.",Biotechnology,Harvard University Course Catalog,Advanced Undergraduate
HUMA-768,Critical Media Studies and Cultural Communication,"Critical Media Studies and Cultural Communication. Critical analysis of mass media institutions, digital communication networks, and popular culture. Semiotic media decoding, ideological framing, digital disinformation, and algorithmic culture. Prerequisites: Upper-division undergraduate standing and permission of the instructor.",Humanities,edX,Advanced Undergraduate
BUSI-522,Entrepreneurial Finance and Venture Capital,"Entrepreneurial Finance and Venture Capital. Financing emerging high-growth ventures. Term sheets, convertible notes, venture valuation methods, capitalization tables, angel financing, and startup exit strategies. Targeted towards undergraduate and beginning graduate students in relevant university programs.",Business,Coursera,Undergraduate
MATH-405,Ordinary Differential Equations and Dynamical Systems,"Ordinary Differential Equations and Dynamical Systems. Linear and nonlinear ordinary differential equations. Existence and uniqueness theorems (Picard-Lindelof), phase portrait analysis, Lyapunov stability theory, and bifurcation behavior. Recommended background: Prior exposure to core analytical concepts and methodological reasoning.",Mathematics,Coursera,Undergraduate
CHEM-402,Biochemical Processing and Enzyme Reactors,"Biochemical Processing and Enzyme Reactors. Application of reaction engineering principles to biological catalysts. Michaelis-Menten kinetics in CSTRs, aeration mass transfer in fermenters, and downstream recovery of bio-products. Prerequisites: Completion of introductory undergraduate coursework in relevant engineering or scientific disciplines.",Chemical Engineering,Stanford Engineering Catalog,Undergraduate
ELEC-581,Digital VLSI Architecture and Design,"Digital VLSI Architecture and Design. CMOS digital logic design and physical layout. Static and dynamic power consumption, propagation delay calculation, static timing analysis (STA), clock tree synthesis, and Verilog hardware description language. Prerequisites: Upper-division undergraduate standing and permission of the instructor.",Electronics,Stanford Engineering Catalog,Graduate
HUMA-823,Global Economic and Civilizational History,"Global Economic and Civilizational History. Historical evolution of human societies and global trade networks. Rise and fall of ancient empires, the Enlightenment, Industrial Revolution, imperialism, and social transformations in the modern world. Prerequisites: Completion of introductory undergraduate coursework in relevant engineering or scientific disciplines.",Humanities,Harvard University Course Catalog,Undergraduate
ELEC-395,Analog Integrated Circuit Design,"Analog Integrated Circuit Design. Analysis and design of CMOS analog integrated circuits. MOSFET small-signal modeling, single-stage and differential amplifiers, active current mirrors, frequency response, feedback stability margins, and SPICE op-amp simulation. Prerequisites: Upper-division undergraduate standing and permission of the instructor.",Electronics,Harvard University Course Catalog,Undergraduate
COMP-389,Computer Networks and Internet Protocols,"Computer Networks and Internet Protocols. Architecture and layered protocols of internet systems. TCP flow and congestion control, BGP routing protocols, packet switching, DNS resolution, transport layer security (TLS), and software-defined networking. Prerequisites: Upper-division undergraduate standing and permission of the instructor.",Computer Science,UC Berkeley Academic Guide,Undergraduate
BUSI-182,Organizational Behavior and Leadership,"Organizational Behavior and Leadership. Behavioral dynamics within modern corporations. Team leadership, employee motivation theories, transformational leadership styles, organizational culture, conflict management, and change execution. Prerequisites: Completion of introductory undergraduate coursework in relevant engineering or scientific disciplines.",Business,Harvard University Course Catalog,Advanced Undergraduate
BIOT-553,Cellular Biochemistry and Metabolic Pathways,"Cellular Biochemistry and Metabolic Pathways. Structure and function of cellular macromolecules. Enzymatic biocatalysis, metabolic pathways (glycolysis, citric acid cycle, oxidative phosphorylation), bioenergetics, and allosteric enzyme regulation. Prerequisites: Upper-division undergraduate standing and permission of the instructor.",Biotechnology,Harvard University Course Catalog,Advanced Undergraduate
CHEM-307,Chemical Process Dynamics and Automated Control,"Chemical Process Dynamics and Automated Control. Mathematical modeling of dynamic chemical processes. Laplace transforms, transfer functions, feedback PID controller tuning, feedback-feedforward control, frequency response analysis, and process stability limits. Prerequisites: Completion of introductory undergraduate coursework in relevant engineering or scientific disciplines.",Chemical Engineering,Coursera,Advanced Undergraduate
COMP-223,Computational Biology and Genome Informatics,"Computational Biology and Genome Informatics. Algorithm development for biological big data. Sequence alignment algorithms, phylogenetic tree clustering, genome assembly heuristics, and neural network models for protein folding. Targeted towards undergraduate and beginning graduate students in relevant university programs.",Computer Science,UC Berkeley Academic Guide,Undergraduate
PHYS-565,Classical Mechanics and Lagrangian Dynamics,"Classical Mechanics and Lagrangian Dynamics. Advanced formulation of classical mechanics. Variational principles, Euler-Lagrange equations of motion, generalized coordinates, conservation laws, central force planetary motion, and Hamiltonian mechanics. Prerequisites: Upper-division undergraduate standing and permission of the instructor.",Physics,MIT OpenCourseWare,Undergraduate
CHEM-434,Chemical Process Dynamics and Automated Control,"Chemical Process Dynamics and Automated Control. Mathematical modeling of dynamic chemical processes. Laplace transforms, transfer functions, feedback PID controller tuning, feedback-feedforward control, frequency response analysis, and process stability limits. Targeted towards undergraduate and beginning graduate students in relevant university programs.",Chemical Engineering,UC Berkeley Academic Guide,Undergraduate
CHEM-575,Process Safety and Plant Design in Chemical Industry,"Process Safety and Plant Design in Chemical Industry. Design and hazard mitigation in chemical production facilities. Process flow diagrams (PFD), piping and instrumentation diagrams (P&ID), HAZOP safety reviews, pressure relief sizing, and capital cost estimation. Prerequisites: Upper-division undergraduate standing and permission of the instructor.",Chemical Engineering,edX,Advanced Undergraduate
MATH-155,Complex Analysis and Conformal Mapping,"Complex Analysis and Conformal Mapping. Theory of functions of a complex variable. Cauchy-Riemann equations, Cauchy's integral theorem, Taylor and Laurent series expansions, residue calculus, contour integrals, and conformal mappings. Recommended background: Prior exposure to core analytical concepts and methodological reasoning.",Mathematics,edX,Advanced Undergraduate
BUSI-515,Investment Analysis and Portfolio Management,"Investment Analysis and Portfolio Management. Modern portfolio theory and capital asset pricing model (CAPM). Efficient market hypothesis, equity valuation models, fixed-income duration and convexity, hedge fund strategies, and risk metrics. Recommended background: Prior exposure to core analytical concepts and methodological reasoning.",Business,MIT OpenCourseWare,Graduate
MATH-670,Complex Analysis and Conformal Mapping,"Complex Analysis and Conformal Mapping. Theory of functions of a complex variable. Cauchy-Riemann equations, Cauchy's integral theorem, Taylor and Laurent series expansions, residue calculus, contour integrals, and conformal mappings. Recommended background: Prior exposure to core analytical concepts and methodological reasoning.",Mathematics,Harvard University Course Catalog,Graduate
MATH-692,Complex Analysis and Conformal Mapping,"Complex Analysis and Conformal Mapping. Theory of functions of a complex variable. Cauchy-Riemann equations, Cauchy's integral theorem, Taylor and Laurent series expansions, residue calculus, contour integrals, and conformal mappings. Prerequisites: Solid foundational coursework in the discipline and consent of the department.",Mathematics,UC Berkeley Academic Guide,Undergraduate
MECH-709,Classical Applied Thermodynamics,"Classical Applied Thermodynamics. Fundamental thermodynamic principles for engineering systems. First and second laws, closed and control volume energy balance, entropy generation, exergy analysis, vapor power Rankine cycles, and gas turbine Brayton cycles. Prerequisites: Solid foundational coursework in the discipline and consent of the department.",Mechanical,MIT OpenCourseWare,Graduate
COMP-742,Distributed Cloud Systems Architecture,"Distributed Cloud Systems Architecture. Architectural principles of fault-tolerant distributed systems. Consensus algorithms (Paxos, Raft), replication consistency models, remote procedure calls (RPC), distributed key-value stores, and cloud microservices. Recommended background: Prior exposure to core analytical concepts and methodological reasoning.",Computer Science,Coursera,Advanced Undergraduate
PHYS-180,Quantum Mechanics and Atomic Structure,"Quantum Mechanics and Atomic Structure. Fundamental postulates of quantum mechanics. Wave-particle duality, Schrodinger wave equation, square wells, quantum harmonic oscillator, angular momentum operators, and hydrogen atom quantum states. Prerequisites: Completion of introductory undergraduate coursework in relevant engineering or scientific disciplines.",Physics,Stanford Engineering Catalog,Advanced Undergraduate
BUSI-146,Competitive Strategy and Industry Analysis,"Competitive Strategy and Industry Analysis. Frameworks for establishing sustainable competitive advantage. Porter's Five Forces, resource-based view of the firm, value chain configuration, corporate diversification, and industry disruption. Prerequisites: Solid foundational coursework in the discipline and consent of the department.",Business,Harvard University Course Catalog,Graduate
BIOT-289,Industrial Microbiology and Downstream Processing,"Industrial Microbiology and Downstream Processing. Production of pharmaceuticals and industrial metabolites using microbes. Secondary metabolite biosynthesis, cell disruption techniques, centrifugation, ultrafiltration, and preparative chromatography. Targeted towards undergraduate and beginning graduate students in relevant university programs.",Biotechnology,Harvard University Course Catalog,Graduate
ELEC-477,Wireless Communications and RF Systems,"Wireless Communications and RF Systems. Physical principles of wireless transmission. Digital modulation formats (QAM, PSK), multipath fading channel modeling, orthogonal frequency division multiplexing (OFDM), and MIMO multi-antenna beamforming. Prerequisites: Solid foundational coursework in the discipline and consent of the department.",Electronics,UC Berkeley Academic Guide,Advanced Undergraduate
HUMA-104,Cultural Anthropology and Ethnographic Inquiry,"Cultural Anthropology and Ethnographic Inquiry. Comparative study of human cultures, kinship systems, and social institutions. Ethnographic fieldwork methodologies, cultural relativism, ritual symbolic systems, and globalization impacts. Recommended background: Prior exposure to core analytical concepts and methodological reasoning.",Humanities,UC Berkeley Academic Guide,Advanced Undergraduate
MECH-573,Classical Applied Thermodynamics,"Classical Applied Thermodynamics. Fundamental thermodynamic principles for engineering systems. First and second laws, closed and control volume energy balance, entropy generation, exergy analysis, vapor power Rankine cycles, and gas turbine Brayton cycles. Targeted towards undergraduate and beginning graduate students in relevant university programs.",Mechanical,MIT OpenCourseWare,Undergraduate
CIVI-553,Design of Reinforced Concrete Structures,"Design of Reinforced Concrete Structures. Behavior and limit state design of reinforced concrete members. Ultimate flexural strength of beams, shear reinforcement detailing, one-way and two-way floor slabs, and axial-flexural interaction of columns. Recommended background: Prior exposure to core analytical concepts and methodological reasoning.",Civil,edX,Advanced Undergraduate
MECH-575,Kinematics and Dynamics of Mechanisms,"Kinematics and Dynamics of Mechanisms. Planar mechanism motion analysis. Four-bar linkages, velocity and acceleration polygon methods, dynamic force balancing, flywheel inertia determination, and balancing of rotating machinery. Prerequisites: Solid foundational coursework in the discipline and consent of the department.",Mechanical,MIT OpenCourseWare,Advanced Undergraduate
BIOT-686,Immunology and Monoclonal Antibody Technology,"Immunology and Monoclonal Antibody Technology. Principles of humoral and cell-mediated immunity. Antigen recognition, antibody structure, hybridoma technology, recombinant therapeutic monoclonal antibodies, ELISA assays, and immunotherapy design. Prerequisites: Upper-division undergraduate standing and permission of the instructor.",Biotechnology,Coursera,Undergraduate
BIOT-681,Agricultural Biotechnology and Crop Genetic Engineering,"Agricultural Biotechnology and Crop Genetic Engineering. Application of genetic modification in plant science. Agrobacterium-mediated plant transformation, transgenic crop development, herbicide tolerance traits, pest resistance mechanisms, and biosafety protocols. Prerequisites: Completion of introductory undergraduate coursework in relevant engineering or scientific disciplines.",Biotechnology,Coursera,Undergraduate
COMP-284,Design and Analysis of Algorithms,"Design and Analysis of Algorithms. Fundamental algorithmic design paradigms including divide-and-conquer, greedy optimization, dynamic programming, network flow algorithms, and graph traversals. Worst-case amortized time analysis and NP-completeness reductions are rigorously studied. Recommended background: Prior exposure to core analytical concepts and methodological reasoning.",Computer Science,Harvard University Course Catalog,Advanced Undergraduate
CHEM-177,Process Safety and Plant Design in Chemical Industry,"Process Safety and Plant Design in Chemical Industry. Design and hazard mitigation in chemical production facilities. Process flow diagrams (PFD), piping and instrumentation diagrams (P&ID), HAZOP safety reviews, pressure relief sizing, and capital cost estimation. Prerequisites: Completion of introductory undergraduate coursework in relevant engineering or scientific disciplines.",Chemical Engineering,Coursera,Undergraduate
MATH-635,"Abstract Algebra: Groups, Rings and Fields","Abstract Algebra: Groups, Rings and Fields. Axiomatic algebraic structures. Group homomorphisms, normal subgroups, quotient groups, Lagrange's theorem, ring ideals, unique factorization domains (UFD), and field extensions. Targeted towards undergraduate and beginning graduate students in relevant university programs.",Mathematics,Harvard University Course Catalog,Graduate
COMP-419,Deep Learning and Neural Representation,"Deep Learning and Neural Representation. Theoretical foundations and architectures of deep neural networks. Convolutional neural networks, recurrent architectures, transformer self-attention, loss surface optimization, backpropagation calculus, and GPU model training. Prerequisites: Solid foundational coursework in the discipline and consent of the department.",Computer Science,MIT OpenCourseWare,Graduate
MECH-531,Kinematics and Dynamics of Mechanisms,"Kinematics and Dynamics of Mechanisms. Planar mechanism motion analysis. Four-bar linkages, velocity and acceleration polygon methods, dynamic force balancing, flywheel inertia determination, and balancing of rotating machinery. Targeted towards undergraduate and beginning graduate students in relevant university programs.",Mechanical,Harvard University Course Catalog,Undergraduate
MECH-656,Mechanical Elements Machine Design,"Mechanical Elements Machine Design. Design principles for mechanical machine components. Fatigue loading life calculation, hydrodynamic journal bearings, spur and helical gear rating, bolted joint preload, compression springs, clutches, and brakes. Recommended background: Prior exposure to core analytical concepts and methodological reasoning.",Mechanical,MIT OpenCourseWare,Graduate
MECH-727,Manufacturing Processes and Machining,"Manufacturing Processes and Machining. Engineering materials processing. Metal casting, bulk deformation, sheet metal forming, chip formation mechanics in turning and milling, tool wear mechanisms, and CNC machining operations. Prerequisites: Upper-division undergraduate standing and permission of the instructor.",Mechanical,UC Berkeley Academic Guide,Undergraduate
MECH-754,Micro-Electro-Mechanical Systems (MEMS) Actuators,"Micro-Electro-Mechanical Systems (MEMS) Actuators. Multiphysics design of silicon micro-actuators. Electrostatic comb drives, piezoelectric micro-beams, cleanroom photolithography fabrication, and coupled thermal-fluid simulation. Recommended background: Prior exposure to core analytical concepts and methodological reasoning.",Mechanical,edX,Undergraduate
HUMA-714,Critical Media Studies and Cultural Communication,"Critical Media Studies and Cultural Communication. Critical analysis of mass media institutions, digital communication networks, and popular culture. Semiotic media decoding, ideological framing, digital disinformation, and algorithmic culture. Prerequisites: Upper-division undergraduate standing and permission of the instructor.",Humanities,edX,Advanced Undergraduate
ELEC-778,Analog Integrated Circuit Design,"Analog Integrated Circuit Design. Analysis and design of CMOS analog integrated circuits. MOSFET small-signal modeling, single-stage and differential amplifiers, active current mirrors, frequency response, feedback stability margins, and SPICE op-amp simulation. Prerequisites: Completion of introductory undergraduate coursework in relevant engineering or scientific disciplines.",Electronics,edX,Graduate
BIOT-276,Bioprocess Engineering and Microbial Fermentation,"Bioprocess Engineering and Microbial Fermentation. Engineering principles of microbial cell cultivation. Stoichiometry of cell growth, batch and fed-batch fermentation kinetics, oxygen mass transfer rate (kLa), bioreactor scale-up, and continuous bioprocessing. Targeted towards undergraduate and beginning graduate students in relevant university programs.",Biotechnology,Coursera,Undergraduate
BUSI-831,"Business Ethics, Corporate Responsibility and Human Values","Business Ethics, Corporate Responsibility and Human Values. Ethical decision-making frameworks for corporate executives. Moral philosophy applied to capitalism, stakeholder rights, environmental sustainability (ESG), and cross-cultural business ethics. Prerequisites: Solid foundational coursework in the discipline and consent of the department.",Business,UC Berkeley Academic Guide,Undergraduate
CIVI-776,Hydraulic Engineering and Open Channel Flow,"Hydraulic Engineering and Open Channel Flow. Fluid flow in open channels and pipe networks. Manning's uniform flow equation, specific energy, hydraulic jumps, gradually varied flow profile computations, and culvert hydraulic sizing. Targeted towards undergraduate and beginning graduate students in relevant university programs.",Civil,Coursera,Graduate
CIVI-761,Highway Geometric Design and Planning,"Highway Geometric Design and Planning. Principles of highway engineering. Horizontal and vertical alignment curves, sight distance requirements, highway cross-sections, intersection channelization, and AASHTO geometric standards. Targeted towards undergraduate and beginning graduate students in relevant university programs.",Civil,Coursera,Graduate
BUSI-311,Operations and Global Supply Chain Management,"Operations and Global Supply Chain Management. Design and control of operational supply chains. Process bottleneck analysis, Little's Law, aggregate production planning, economic order quantity (EOQ), safety stock, and lean manufacturing. Prerequisites: Upper-division undergraduate standing and permission of the instructor.",Business,Harvard University Course Catalog,Advanced Undergraduate
HUMA-851,Cognitive Linguistics and Semantic Structures,"Cognitive Linguistics and Semantic Structures. Scientific study of human language and mental grammars. Phonology, morphological derivation, Chomskyan transformational syntax, cognitive semantics, pragmatic context, and sociolinguistics. Recommended background: Prior exposure to core analytical concepts and methodological reasoning.",Humanities,UC Berkeley Academic Guide,Graduate
ELEC-571,Power Electronics and Energy Conversion,"Power Electronics and Energy Conversion. Analysis of solid-state power electronic converters. Switch-mode DC-DC buck, boost, and flyback converters, inverter topologies, pulse-width modulation (PWM) control, and thermal dissipation management. Prerequisites: Completion of introductory undergraduate coursework in relevant engineering or scientific disciplines.",Electronics,UC Berkeley Academic Guide,Undergraduate
PHYS-117,Quantum Information Theory and Quantum Gates,"Quantum Information Theory and Quantum Gates. Physics of quantum computing architectures. Qubits, superposition states, quantum entanglement, unitary quantum logic gates, decoherence models, and quantum error-correcting codes. Prerequisites: Upper-division undergraduate standing and permission of the instructor.",Physics,Stanford Engineering Catalog,Undergraduate
BUSI-672,Strategic Marketing and Brand Positioning,"Strategic Marketing and Brand Positioning. Core marketing management frameworks. Market segmentation, targeting, and brand positioning (STP), customer lifetime value, pricing strategies, promotional channels, and brand equity development. Recommended background: Prior exposure to core analytical concepts and methodological reasoning.",Business,Harvard University Course Catalog,Graduate
HUMA-690,Epistemology and Philosophy of Mind,"Epistemology and Philosophy of Mind. Philosophical inquiry into the nature of knowledge, truth, and mental consciousness. Rationalism vs empiricism, skeptical arguments, dualism, functionalism, intentionality, and cognitive experience. Prerequisites: Upper-division undergraduate standing and permission of the instructor.",Humanities,UC Berkeley Academic Guide,Graduate
MATH-146,Advanced Linear Algebra and Vector Spaces,"Advanced Linear Algebra and Vector Spaces. Vector spaces over arbitrary fields. Linear transformations, dual spaces, spectral theorem for normal operators, Jordan canonical forms, minimal polynomials, and inner product geometry. Targeted towards undergraduate and beginning graduate students in relevant university programs.",Mathematics,MIT OpenCourseWare,Advanced Undergraduate
BUSI-874,"Business Ethics, Corporate Responsibility and Human Values","Business Ethics, Corporate Responsibility and Human Values. Ethical decision-making frameworks for corporate executives. Moral philosophy applied to capitalism, stakeholder rights, environmental sustainability (ESG), and cross-cultural business ethics. Prerequisites: Completion of introductory undergraduate coursework in relevant engineering or scientific disciplines.",Business,Stanford Engineering Catalog,Graduate
COMP-820,Computational Biology and Genome Informatics,"Computational Biology and Genome Informatics. Algorithm development for biological big data. Sequence alignment algorithms, phylogenetic tree clustering, genome assembly heuristics, and neural network models for protein folding. Prerequisites: Completion of introductory undergraduate coursework in relevant engineering or scientific disciplines.",Computer Science,Stanford Engineering Catalog,Undergraduate
PHYS-540,Nuclear and High-Energy Particle Physics,"Nuclear and High-Energy Particle Physics. Structure and interactions of atomic nuclei and subatomic particles. Radioactive decay kinetics, nuclear fission and fusion reactors, quarks, leptons, gauge bosons, and Standard Model symmetries. Prerequisites: Completion of introductory undergraduate coursework in relevant engineering or scientific disciplines.",Physics,Coursera,Advanced Undergraduate
CIVI-828,Highway Geometric Design and Planning,"Highway Geometric Design and Planning. Principles of highway engineering. Horizontal and vertical alignment curves, sight distance requirements, highway cross-sections, intersection channelization, and AASHTO geometric standards. Targeted towards undergraduate and beginning graduate students in relevant university programs.",Civil,MIT OpenCourseWare,Advanced Undergraduate
PHYS-503,Quantum Information Theory and Quantum Gates,"Quantum Information Theory and Quantum Gates. Physics of quantum computing architectures. Qubits, superposition states, quantum entanglement, unitary quantum logic gates, decoherence models, and quantum error-correcting codes. Recommended background: Prior exposure to core analytical concepts and methodological reasoning.",Physics,edX,Graduate
MATH-569,Ordinary Differential Equations and Dynamical Systems,"Ordinary Differential Equations and Dynamical Systems. Linear and nonlinear ordinary differential equations. Existence and uniqueness theorems (Picard-Lindelof), phase portrait analysis, Lyapunov stability theory, and bifurcation behavior. Recommended background: Prior exposure to core analytical concepts and methodological reasoning.",Mathematics,MIT OpenCourseWare,Undergraduate
BIOT-466,Bioinformatics Pipeline Engineering and Transcriptomics,"Bioinformatics Pipeline Engineering and Transcriptomics. High-throughput computational pipeline design for next-generation RNA sequencing data. Statistical differential expression, variant calling algorithms, and cloud genomic workflows. Prerequisites: Upper-division undergraduate standing and permission of the instructor.",Biotechnology,MIT OpenCourseWare,Graduate
BIOT-325,Stem Cell Biology and Tissue Engineering,"Stem Cell Biology and Tissue Engineering. Mechanisms of cellular pluripotency and regenerative medicine. Embryonic and induced pluripotent stem cells, biomaterial scaffolds, cell-matrix interactions, and bioreactor culture of functional engineered tissues. Prerequisites: Completion of introductory undergraduate coursework in relevant engineering or scientific disciplines.",Biotechnology,Harvard University Course Catalog,Advanced Undergraduate
ELEC-758,RF and Microwave Engineering,"RF and Microwave Engineering. High-frequency electromagnetic wave propagation in transmission lines and microstrips. Smith chart impedance matching, S-parameters, microwave filter design, high-frequency power amplifiers, and directional couplers. Prerequisites: Completion of introductory undergraduate coursework in relevant engineering or scientific disciplines.",Electronics,edX,Advanced Undergraduate
CIVI-164,Design of Structural Steel Buildings,"Design of Structural Steel Buildings. Design of steel structures according to AISC specifications. Tension members, compact and non-compact compression columns, laterally unsupported beams, bolted moment connections, and braced frames. Prerequisites: Completion of introductory undergraduate coursework in relevant engineering or scientific disciplines.",Civil,Harvard University Course Catalog,Advanced Undergraduate
ELEC-409,Semiconductor Device Physics,"Semiconductor Device Physics. Quantum mechanical principles of semiconductor transport. Energy band structures, carrier generation and recombination, p-n junction electrostatics, Schottky diodes, and subthreshold MOSFET characteristics. Prerequisites: Upper-division undergraduate standing and permission of the instructor.",Electronics,Coursera,Undergraduate
MATH-618,Ordinary Differential Equations and Dynamical Systems,"Ordinary Differential Equations and Dynamical Systems. Linear and nonlinear ordinary differential equations. Existence and uniqueness theorems (Picard-Lindelof), phase portrait analysis, Lyapunov stability theory, and bifurcation behavior. Prerequisites: Solid foundational coursework in the discipline and consent of the department.",Mathematics,UC Berkeley Academic Guide,Undergraduate
BIOT-398,Molecular Biology and Recombinant DNA Technology,"Molecular Biology and Recombinant DNA Technology. Molecular mechanisms of gene expression and genetic engineering. DNA replication, transcription, translation, restriction endonucleases, plasmid cloning vectors, CRISPR-Cas9 gene editing, and PCR amplification. Recommended background: Prior exposure to core analytical concepts and methodological reasoning.",Biotechnology,Coursera,Undergraduate
BUSI-822,Strategic Marketing and Brand Positioning,"Strategic Marketing and Brand Positioning. Core marketing management frameworks. Market segmentation, targeting, and brand positioning (STP), customer lifetime value, pricing strategies, promotional channels, and brand equity development. Recommended background: Prior exposure to core analytical concepts and methodological reasoning.",Business,UC Berkeley Academic Guide,Graduate
MECH-434,Mechanical Elements Machine Design,"Mechanical Elements Machine Design. Design principles for mechanical machine components. Fatigue loading life calculation, hydrodynamic journal bearings, spur and helical gear rating, bolted joint preload, compression springs, clutches, and brakes. Prerequisites: Solid foundational coursework in the discipline and consent of the department.",Mechanical,Coursera,Advanced Undergraduate
MATH-764,Ordinary Differential Equations and Dynamical Systems,"Ordinary Differential Equations and Dynamical Systems. Linear and nonlinear ordinary differential equations. Existence and uniqueness theorems (Picard-Lindelof), phase portrait analysis, Lyapunov stability theory, and bifurcation behavior. Prerequisites: Solid foundational coursework in the discipline and consent of the department.",Mathematics,edX,Graduate
HUMA-632,Critical Media Studies and Cultural Communication,"Critical Media Studies and Cultural Communication. Critical analysis of mass media institutions, digital communication networks, and popular culture. Semiotic media decoding, ideological framing, digital disinformation, and algorithmic culture. Targeted towards undergraduate and beginning graduate students in relevant university programs.",Humanities,edX,Graduate
COMP-783,Computer Networks and Internet Protocols,"Computer Networks and Internet Protocols. Architecture and layered protocols of internet systems. TCP flow and congestion control, BGP routing protocols, packet switching, DNS resolution, transport layer security (TLS), and software-defined networking. Recommended background: Prior exposure to core analytical concepts and methodological reasoning.",Computer Science,Stanford Engineering Catalog,Advanced Undergraduate
PHYS-879,Nuclear and High-Energy Particle Physics,"Nuclear and High-Energy Particle Physics. Structure and interactions of atomic nuclei and subatomic particles. Radioactive decay kinetics, nuclear fission and fusion reactors, quarks, leptons, gauge bosons, and Standard Model symmetries. Recommended background: Prior exposure to core analytical concepts and methodological reasoning.",Physics,edX,Graduate
CHEM-226,Chemical Reaction Engineering and Reactor Kinetics,"Chemical Reaction Engineering and Reactor Kinetics. Kinetics of homogeneous and heterogeneous chemical reactions. Ideal batch, continuous stirred-tank (CSTR), and plug flow reactors (PFR). Catalytic kinetics, non-isothermal reactor operation, and thermal runaway prevention. Prerequisites: Solid foundational coursework in the discipline and consent of the department.",Chemical Engineering,UC Berkeley Academic Guide,Advanced Undergraduate
BUSI-280,Organizational Behavior and Leadership,"Organizational Behavior and Leadership. Behavioral dynamics within modern corporations. Team leadership, employee motivation theories, transformational leadership styles, organizational culture, conflict management, and change execution. Prerequisites: Completion of introductory undergraduate coursework in relevant engineering or scientific disciplines.",Business,edX,Graduate
COMP-228,Distributed Cloud Systems Architecture,"Distributed Cloud Systems Architecture. Architectural principles of fault-tolerant distributed systems. Consensus algorithms (Paxos, Raft), replication consistency models, remote procedure calls (RPC), distributed key-value stores, and cloud microservices. Prerequisites: Upper-division undergraduate standing and permission of the instructor.",Computer Science,Stanford Engineering Catalog,Graduate
MECH-583,Viscous Fluid Dynamics,"Viscous Fluid Dynamics. Continuity, momentum, and energy conservation equations in fluid motion (Navier-Stokes equations). Incompressible viscous laminar flows, boundary layer separation, turbulent pipe flow, Moody friction diagrams, and aerodynamic drag. Prerequisites: Upper-division undergraduate standing and permission of the instructor.",Mechanical,Coursera,Graduate
HUMA-179,World Literature and Comparative Literary Theory,"World Literature and Comparative Literary Theory. Critical analysis of global literary masterpieces across historical epochs. Textual hermeneutics, narrative theory, post-colonial literary critique, modernism, and thematic representations of human identity. Prerequisites: Solid foundational coursework in the discipline and consent of the department.",Humanities,edX,Advanced Undergraduate
CHEM-184,Process Safety and Plant Design in Chemical Industry,"Process Safety and Plant Design in Chemical Industry. Design and hazard mitigation in chemical production facilities. Process flow diagrams (PFD), piping and instrumentation diagrams (P&ID), HAZOP safety reviews, pressure relief sizing, and capital cost estimation. Recommended background: Prior exposure to core analytical concepts and methodological reasoning.",Chemical Engineering,MIT OpenCourseWare,Undergraduate
COMP-819,Computer Networks and Internet Protocols,"Computer Networks and Internet Protocols. Architecture and layered protocols of internet systems. TCP flow and congestion control, BGP routing protocols, packet switching, DNS resolution, transport layer security (TLS), and software-defined networking. Prerequisites: Solid foundational coursework in the discipline and consent of the department.",Computer Science,Harvard University Course Catalog,Graduate
ELEC-528,Microprocessor Hardware and Interfacing,"Microprocessor Hardware and Interfacing. Architecture of 32-bit RISC microcontrollers. Instruction pipelines, memory hierarchies, cache organization, bus protocols, interrupt controllers, timer peripherals, SPI/I2C interfaces, and low-level firmware integration. Recommended background: Prior exposure to core analytical concepts and methodological reasoning.",Electronics,Coursera,Undergraduate
BUSI-640,Organizational Behavior and Leadership,"Organizational Behavior and Leadership. Behavioral dynamics within modern corporations. Team leadership, employee motivation theories, transformational leadership styles, organizational culture, conflict management, and change execution. Prerequisites: Completion of introductory undergraduate coursework in relevant engineering or scientific disciplines.",Business,Stanford Engineering Catalog,Graduate
ELEC-256,Power Electronics and Energy Conversion,"Power Electronics and Energy Conversion. Analysis of solid-state power electronic converters. Switch-mode DC-DC buck, boost, and flyback converters, inverter topologies, pulse-width modulation (PWM) control, and thermal dissipation management. Prerequisites: Completion of introductory undergraduate coursework in relevant engineering or scientific disciplines.",Electronics,Stanford Engineering Catalog,Graduate
HUMA-841,Cultural Anthropology and Ethnographic Inquiry,"Cultural Anthropology and Ethnographic Inquiry. Comparative study of human cultures, kinship systems, and social institutions. Ethnographic fieldwork methodologies, cultural relativism, ritual symbolic systems, and globalization impacts. Prerequisites: Upper-division undergraduate standing and permission of the instructor.",Humanities,edX,Graduate
CHEM-131,Biochemical Processing and Enzyme Reactors,"Biochemical Processing and Enzyme Reactors. Application of reaction engineering principles to biological catalysts. Michaelis-Menten kinetics in CSTRs, aeration mass transfer in fermenters, and downstream recovery of bio-products. Prerequisites: Completion of introductory undergraduate coursework in relevant engineering or scientific disciplines.",Chemical Engineering,UC Berkeley Academic Guide,Undergraduate
BUSI-681,Financial Statement Analysis and Accounting,"Financial Statement Analysis and Accounting. Interpretation and construction of financial statements under GAAP and IFRS. Balance sheets, income statements, cash flow statements, revenue recognition rules, inventory costing, and ratio analysis. Prerequisites: Upper-division undergraduate standing and permission of the instructor.",Business,UC Berkeley Academic Guide,Advanced Undergraduate
ELEC-285,Power Electronics and Energy Conversion,"Power Electronics and Energy Conversion. Analysis of solid-state power electronic converters. Switch-mode DC-DC buck, boost, and flyback converters, inverter topologies, pulse-width modulation (PWM) control, and thermal dissipation management. Recommended background: Prior exposure to core analytical concepts and methodological reasoning.",Electronics,Coursera,Graduate
CHEM-741,Transport Phenomena in Chemical Systems,"Transport Phenomena in Chemical Systems. Unified treatment of momentum, heat, and mass transport. Shell balances, Navier-Stokes equations, thermal conduction/convection, Fick's law of molecular diffusion, and mass transfer coefficients in boundary layers. Prerequisites: Solid foundational coursework in the discipline and consent of the department.",Chemical Engineering,Stanford Engineering Catalog,Graduate
PHYS-496,General Relativity and Gravitational Physics,"General Relativity and Gravitational Physics. Geometric theory of gravitation. Tensor calculus on Riemannian manifolds, Einstein field equations, geodesic motion in curved spacetime, Schwarzschild black holes, and gravitational waves. Recommended background: Prior exposure to core analytical concepts and methodological reasoning.",Physics,Harvard University Course Catalog,Undergraduate
BUSI-886,Organizational Behavior and Leadership,"Organizational Behavior and Leadership. Behavioral dynamics within modern corporations. Team leadership, employee motivation theories, transformational leadership styles, organizational culture, conflict management, and change execution. Prerequisites: Upper-division undergraduate standing and permission of the instructor.",Business,MIT OpenCourseWare,Undergraduate
PHYS-131,Classical Mechanics and Lagrangian Dynamics,"Classical Mechanics and Lagrangian Dynamics. Advanced formulation of classical mechanics. Variational principles, Euler-Lagrange equations of motion, generalized coordinates, conservation laws, central force planetary motion, and Hamiltonian mechanics. Prerequisites: Completion of introductory undergraduate coursework in relevant engineering or scientific disciplines.",Physics,Harvard University Course Catalog,Undergraduate
CIVI-624,Geotechnical Soil Mechanics,"Geotechnical Soil Mechanics. Fundamental physical and engineering properties of soils. Soil classification, Darcy's permeability law, 1D Terzaghi consolidation theory, effective stress, and Mohr-Coulomb shear strength criteria. Prerequisites: Solid foundational coursework in the discipline and consent of the department.",Civil,Harvard University Course Catalog,Advanced Undergraduate
PHYS-167,Nuclear and High-Energy Particle Physics,"Nuclear and High-Energy Particle Physics. Structure and interactions of atomic nuclei and subatomic particles. Radioactive decay kinetics, nuclear fission and fusion reactors, quarks, leptons, gauge bosons, and Standard Model symmetries. Targeted towards undergraduate and beginning graduate students in relevant university programs.",Physics,edX,Advanced Undergraduate
BIOT-384,Bioinformatics Pipeline Engineering and Transcriptomics,"Bioinformatics Pipeline Engineering and Transcriptomics. High-throughput computational pipeline design for next-generation RNA sequencing data. Statistical differential expression, variant calling algorithms, and cloud genomic workflows. Prerequisites: Solid foundational coursework in the discipline and consent of the department.",Biotechnology,MIT OpenCourseWare,Advanced Undergraduate
MATH-824,Mathematical Foundations of Quantum Physics,"Mathematical Foundations of Quantum Physics. Rigorous functional analysis applied to quantum mechanics. Hilbert spaces, unbounded self-adjoint linear operators, spectral theorem, and mathematical formulation of observables. Recommended background: Prior exposure to core analytical concepts and methodological reasoning.",Mathematics,Coursera,Advanced Undergraduate
CHEM-147,Chemical Process Dynamics and Automated Control,"Chemical Process Dynamics and Automated Control. Mathematical modeling of dynamic chemical processes. Laplace transforms, transfer functions, feedback PID controller tuning, feedback-feedforward control, frequency response analysis, and process stability limits. Targeted towards undergraduate and beginning graduate students in relevant university programs.",Chemical Engineering,Coursera,Graduate
BIOT-370,Agricultural Biotechnology and Crop Genetic Engineering,"Agricultural Biotechnology and Crop Genetic Engineering. Application of genetic modification in plant science. Agrobacterium-mediated plant transformation, transgenic crop development, herbicide tolerance traits, pest resistance mechanisms, and biosafety protocols. Targeted towards undergraduate and beginning graduate students in relevant university programs.",Biotechnology,Harvard University Course Catalog,Undergraduate
CIVI-199,Design of Reinforced Concrete Structures,"Design of Reinforced Concrete Structures. Behavior and limit state design of reinforced concrete members. Ultimate flexural strength of beams, shear reinforcement detailing, one-way and two-way floor slabs, and axial-flexural interaction of columns. Prerequisites: Solid foundational coursework in the discipline and consent of the department.",Civil,UC Berkeley Academic Guide,Graduate
COMP-588,Advanced Operating Systems Design,"Advanced Operating Systems Design. Principles of operating system architecture, process scheduling, multithreading primitives, virtual memory management, inter-process communication, file system internals, and kernel concurrency synchronization locks. Targeted towards undergraduate and beginning graduate students in relevant university programs.",Computer Science,Stanford Engineering Catalog,Advanced Undergraduate
MATH-777,Probability Theory and Mathematical Statistics,"Probability Theory and Mathematical Statistics. Measure-theoretic probability foundations. Random variables, characteristic functions, laws of large numbers, central limit theorem, and maximum likelihood statistical estimation. Prerequisites: Upper-division undergraduate standing and permission of the instructor.",Mathematics,Harvard University Course Catalog,Graduate
CHEM-887,Chemical Engineering Thermodynamics and Phase Equilibria,"Chemical Engineering Thermodynamics and Phase Equilibria. Thermodynamics of multicomponent fluid mixtures. Equations of state (Peng-Robinson), chemical potentials, fugacity coefficients, activity coefficient models (NRTL, UNIQUAC), and vapor-liquid equilibria (VLE). Prerequisites: Solid foundational coursework in the discipline and consent of the department.",Chemical Engineering,Harvard University Course Catalog,Undergraduate
COMP-152,Design and Analysis of Algorithms,"Design and Analysis of Algorithms. Fundamental algorithmic design paradigms including divide-and-conquer, greedy optimization, dynamic programming, network flow algorithms, and graph traversals. Worst-case amortized time analysis and NP-completeness reductions are rigorously studied. Prerequisites: Completion of introductory undergraduate coursework in relevant engineering or scientific disciplines.",Computer Science,edX,Undergraduate
CHEM-339,Chemical Reaction Engineering and Reactor Kinetics,"Chemical Reaction Engineering and Reactor Kinetics. Kinetics of homogeneous and heterogeneous chemical reactions. Ideal batch, continuous stirred-tank (CSTR), and plug flow reactors (PFR). Catalytic kinetics, non-isothermal reactor operation, and thermal runaway prevention. Prerequisites: Solid foundational coursework in the discipline and consent of the department.",Chemical Engineering,MIT OpenCourseWare,Graduate
COMP-589,Principles of Cybersecurity and Cryptography,"Principles of Cybersecurity and Cryptography. Foundations of computer systems security. Cryptographic primitives, symmetric and asymmetric ciphers, public-key infrastructure, memory exploit defenses, buffer overflows, and zero-trust security architectures. Prerequisites: Upper-division undergraduate standing and permission of the instructor.",Computer Science,MIT OpenCourseWare,Advanced Undergraduate
COMP-796,Principles of Cybersecurity and Cryptography,"Principles of Cybersecurity and Cryptography. Foundations of computer systems security. Cryptographic primitives, symmetric and asymmetric ciphers, public-key infrastructure, memory exploit defenses, buffer overflows, and zero-trust security architectures. Prerequisites: Solid foundational coursework in the discipline and consent of the department.",Computer Science,UC Berkeley Academic Guide,Advanced Undergraduate
HUMA-198,Modern Political Philosophy and Ethics,"Modern Political Philosophy and Ethics. Foundational theories of justice, rights, and political governance. Classical and modern political thought including Plato, Aristotle, Hobbes, Locke, Rousseau, Kantian deontology, and utilitarianism. Prerequisites: Completion of introductory undergraduate coursework in relevant engineering or scientific disciplines.",Humanities,UC Berkeley Academic Guide,Undergraduate
HUMA-106,Modern Political Philosophy and Ethics,"Modern Political Philosophy and Ethics. Foundational theories of justice, rights, and political governance. Classical and modern political thought including Plato, Aristotle, Hobbes, Locke, Rousseau, Kantian deontology, and utilitarianism. Prerequisites: Completion of introductory undergraduate coursework in relevant engineering or scientific disciplines.",Humanities,edX,Graduate
COMP-168,Computational Biology and Genome Informatics,"Computational Biology and Genome Informatics. Algorithm development for biological big data. Sequence alignment algorithms, phylogenetic tree clustering, genome assembly heuristics, and neural network models for protein folding. Targeted towards undergraduate and beginning graduate students in relevant university programs.",Computer Science,Coursera,Advanced Undergraduate
MATH-243,Point-Set and Algebraic Topology,"Point-Set and Algebraic Topology. Topological spaces and continuous mappings. Homeomorphisms, separation axioms, product topologies, connectedness, compactness, fundamental groups, and covering space theory. Targeted towards undergraduate and beginning graduate students in relevant university programs.",Mathematics,Stanford Engineering Catalog,Graduate
MATH-551,Mathematical Foundations of Quantum Physics,"Mathematical Foundations of Quantum Physics. Rigorous functional analysis applied to quantum mechanics. Hilbert spaces, unbounded self-adjoint linear operators, spectral theorem, and mathematical formulation of observables. Targeted towards undergraduate and beginning graduate students in relevant university programs.",Mathematics,Stanford Engineering Catalog,Advanced Undergraduate
ELEC-579,Digital Signal Processing Systems,"Digital Signal Processing Systems. Theory and implementation of discrete-time signals and systems. Z-transforms, discrete Fourier transform (DFT), fast Fourier transform (FFT), FIR and IIR digital filter design, and hardware DSP architectures. Targeted towards undergraduate and beginning graduate students in relevant university programs.",Electronics,UC Berkeley Academic Guide,Undergraduate
PHYS-240,Laser Physics and Modern Quantum Optics,"Laser Physics and Modern Quantum Optics. Physics of coherent optical radiation. Spontaneous and stimulated emission, population inversion, optical resonators, laser cavity modes, photon quantization, and nonlinear optical effects. Prerequisites: Completion of introductory undergraduate coursework in relevant engineering or scientific disciplines.",Physics,Coursera,Graduate
MECH-534,Kinematics and Dynamics of Mechanisms,"Kinematics and Dynamics of Mechanisms. Planar mechanism motion analysis. Four-bar linkages, velocity and acceleration polygon methods, dynamic force balancing, flywheel inertia determination, and balancing of rotating machinery. Recommended background: Prior exposure to core analytical concepts and methodological reasoning.",Mechanical,Stanford Engineering Catalog,Advanced Undergraduate
MATH-802,Partial Differential Equations in Mathematical Physics,"Partial Differential Equations in Mathematical Physics. Boundary value problems for linear partial differential equations. Heat equation, wave equation, Laplace equation, separation of variables, Fourier transform methods, and Green's functions. Prerequisites: Upper-division undergraduate standing and permission of the instructor.",Mathematics,UC Berkeley Academic Guide,Undergraduate
PHYS-739,Laser Physics and Modern Quantum Optics,"Laser Physics and Modern Quantum Optics. Physics of coherent optical radiation. Spontaneous and stimulated emission, population inversion, optical resonators, laser cavity modes, photon quantization, and nonlinear optical effects. Prerequisites: Solid foundational coursework in the discipline and consent of the department.",Physics,Harvard University Course Catalog,Undergraduate
MATH-617,Ordinary Differential Equations and Dynamical Systems,"Ordinary Differential Equations and Dynamical Systems. Linear and nonlinear ordinary differential equations. Existence and uniqueness theorems (Picard-Lindelof), phase portrait analysis, Lyapunov stability theory, and bifurcation behavior. Prerequisites: Upper-division undergraduate standing and permission of the instructor.",Mathematics,Harvard University Course Catalog,Advanced Undergraduate
HUMA-350,Cultural Anthropology and Ethnographic Inquiry,"Cultural Anthropology and Ethnographic Inquiry. Comparative study of human cultures, kinship systems, and social institutions. Ethnographic fieldwork methodologies, cultural relativism, ritual symbolic systems, and globalization impacts. Prerequisites: Upper-division undergraduate standing and permission of the instructor.",Humanities,edX,Undergraduate
CIVI-111,Hydraulic Engineering and Open Channel Flow,"Hydraulic Engineering and Open Channel Flow. Fluid flow in open channels and pipe networks. Manning's uniform flow equation, specific energy, hydraulic jumps, gradually varied flow profile computations, and culvert hydraulic sizing. Targeted towards undergraduate and beginning graduate students in relevant university programs.",Civil,Coursera,Graduate
MATH-822,Advanced Linear Algebra and Vector Spaces,"Advanced Linear Algebra and Vector Spaces. Vector spaces over arbitrary fields. Linear transformations, dual spaces, spectral theorem for normal operators, Jordan canonical forms, minimal polynomials, and inner product geometry. Targeted towards undergraduate and beginning graduate students in relevant university programs.",Mathematics,edX,Advanced Undergraduate
MATH-659,Point-Set and Algebraic Topology,"Point-Set and Algebraic Topology. Topological spaces and continuous mappings. Homeomorphisms, separation axioms, product topologies, connectedness, compactness, fundamental groups, and covering space theory. Prerequisites: Completion of introductory undergraduate coursework in relevant engineering or scientific disciplines.",Mathematics,Stanford Engineering Catalog,Advanced Undergraduate
MATH-862,Real Analysis and Measure Theory,"Real Analysis and Measure Theory. Rigorous mathematical analysis of Euclidean spaces. Metric topologies, compactness, sequences, Cauchy convergence, Riemann-Stieltjes integration, Lebesgue measure, and dominated convergence theorem. Targeted towards undergraduate and beginning graduate students in relevant university programs.",Mathematics,MIT OpenCourseWare,Graduate
CIVI-389,Design of Reinforced Concrete Structures,"Design of Reinforced Concrete Structures. Behavior and limit state design of reinforced concrete members. Ultimate flexural strength of beams, shear reinforcement detailing, one-way and two-way floor slabs, and axial-flexural interaction of columns. Recommended background: Prior exposure to core analytical concepts and methodological reasoning.",Civil,Stanford Engineering Catalog,Advanced Undergraduate
CIVI-620,Structural Analysis and Matrix Methods,"Structural Analysis and Matrix Methods. Static analysis of indeterminate structural frames, trusses, and continuous beams. Moment distribution, slope deflection methods, influence lines, virtual work energy principles, and stiffness matrix formulations. Targeted towards undergraduate and beginning graduate students in relevant university programs.",Civil,Harvard University Course Catalog,Undergraduate
CHEM-845,Mass Transfer Operations and Separation Processes,"Mass Transfer Operations and Separation Processes. Equilibrium stage and rate-based separation processes. Multicomponent distillation column design, liquid-liquid extraction, gas absorption columns, membrane separations, and McCabe-Thiele stage calculations. Targeted towards undergraduate and beginning graduate students in relevant university programs.",Chemical Engineering,MIT OpenCourseWare,Advanced Undergraduate
HUMA-892,Philosophy of Artificial Intelligence and Mind,"Philosophy of Artificial Intelligence and Mind. Philosophical implications of computational machine intelligence. The Turing Test, Searle's Chinese Room argument, machine consciousness, ethics of autonomous algorithms, and the nature of human cognition. Prerequisites: Upper-division undergraduate standing and permission of the instructor.",Humanities,MIT OpenCourseWare,Undergraduate
CIVI-566,Geotechnical Soil Mechanics,"Geotechnical Soil Mechanics. Fundamental physical and engineering properties of soils. Soil classification, Darcy's permeability law, 1D Terzaghi consolidation theory, effective stress, and Mohr-Coulomb shear strength criteria. Prerequisites: Solid foundational coursework in the discipline and consent of the department.",Civil,Stanford Engineering Catalog,Graduate
HUMA-550,World Literature and Comparative Literary Theory,"World Literature and Comparative Literary Theory. Critical analysis of global literary masterpieces across historical epochs. Textual hermeneutics, narrative theory, post-colonial literary critique, modernism, and thematic representations of human identity. Targeted towards undergraduate and beginning graduate students in relevant university programs.",Humanities,UC Berkeley Academic Guide,Advanced Undergraduate
BIOT-832,Bioinformatics and Computational Genomics,"Bioinformatics and Computational Genomics. Computational methods for analyzing biological sequence data. Pairwise and multiple sequence alignment (BLAST), hidden Markov models, genome assembly, phylogenetic trees, and protein structural modeling. Targeted towards undergraduate and beginning graduate students in relevant university programs.",Biotechnology,edX,Graduate
BIOT-797,Agricultural Biotechnology and Crop Genetic Engineering,"Agricultural Biotechnology and Crop Genetic Engineering. Application of genetic modification in plant science. Agrobacterium-mediated plant transformation, transgenic crop development, herbicide tolerance traits, pest resistance mechanisms, and biosafety protocols. Targeted towards undergraduate and beginning graduate students in relevant university programs.",Biotechnology,Stanford Engineering Catalog,Undergraduate
BUSI-298,Operations and Global Supply Chain Management,"Operations and Global Supply Chain Management. Design and control of operational supply chains. Process bottleneck analysis, Little's Law, aggregate production planning, economic order quantity (EOQ), safety stock, and lean manufacturing. Prerequisites: Completion of introductory undergraduate coursework in relevant engineering or scientific disciplines.",Business,UC Berkeley Academic Guide,Graduate
MECH-321,Classical Applied Thermodynamics,"Classical Applied Thermodynamics. Fundamental thermodynamic principles for engineering systems. First and second laws, closed and control volume energy balance, entropy generation, exergy analysis, vapor power Rankine cycles, and gas turbine Brayton cycles. Prerequisites: Solid foundational coursework in the discipline and consent of the department.",Mechanical,edX,Undergraduate
ELEC-894,RF and Microwave Engineering,"RF and Microwave Engineering. High-frequency electromagnetic wave propagation in transmission lines and microstrips. Smith chart impedance matching, S-parameters, microwave filter design, high-frequency power amplifiers, and directional couplers. Recommended background: Prior exposure to core analytical concepts and methodological reasoning.",Electronics,edX,Graduate
MECH-454,Micro-Electro-Mechanical Systems (MEMS) Actuators,"Micro-Electro-Mechanical Systems (MEMS) Actuators. Multiphysics design of silicon micro-actuators. Electrostatic comb drives, piezoelectric micro-beams, cleanroom photolithography fabrication, and coupled thermal-fluid simulation. Prerequisites: Solid foundational coursework in the discipline and consent of the department.",Mechanical,MIT OpenCourseWare,Advanced Undergraduate
BIOT-457,Bioprocess Engineering and Microbial Fermentation,"Bioprocess Engineering and Microbial Fermentation. Engineering principles of microbial cell cultivation. Stoichiometry of cell growth, batch and fed-batch fermentation kinetics, oxygen mass transfer rate (kLa), bioreactor scale-up, and continuous bioprocessing. Prerequisites: Solid foundational coursework in the discipline and consent of the department.",Biotechnology,Stanford Engineering Catalog,Advanced Undergraduate
PHYS-728,Nuclear and High-Energy Particle Physics,"Nuclear and High-Energy Particle Physics. Structure and interactions of atomic nuclei and subatomic particles. Radioactive decay kinetics, nuclear fission and fusion reactors, quarks, leptons, gauge bosons, and Standard Model symmetries. Recommended background: Prior exposure to core analytical concepts and methodological reasoning.",Physics,MIT OpenCourseWare,Advanced Undergraduate
CIVI-216,Hydraulic Engineering and Open Channel Flow,"Hydraulic Engineering and Open Channel Flow. Fluid flow in open channels and pipe networks. Manning's uniform flow equation, specific energy, hydraulic jumps, gradually varied flow profile computations, and culvert hydraulic sizing. Prerequisites: Solid foundational coursework in the discipline and consent of the department.",Civil,Stanford Engineering Catalog,Advanced Undergraduate
BIOT-504,Bioinformatics Pipeline Engineering and Transcriptomics,"Bioinformatics Pipeline Engineering and Transcriptomics. High-throughput computational pipeline design for next-generation RNA sequencing data. Statistical differential expression, variant calling algorithms, and cloud genomic workflows. Targeted towards undergraduate and beginning graduate students in relevant university programs.",Biotechnology,UC Berkeley Academic Guide,Graduate
MATH-145,Point-Set and Algebraic Topology,"Point-Set and Algebraic Topology. Topological spaces and continuous mappings. Homeomorphisms, separation axioms, product topologies, connectedness, compactness, fundamental groups, and covering space theory. Recommended background: Prior exposure to core analytical concepts and methodological reasoning.",Mathematics,Harvard University Course Catalog,Graduate
PHYS-409,Statistical Mechanics and Thermal Physics,"Statistical Mechanics and Thermal Physics. Microscopic foundations of macroscopic thermodynamic behavior. Microcanonical, canonical, and grand canonical ensembles, Maxwell-Boltzmann statistics, Bose-Einstein condensation, and Fermi-Dirac electron gas. Prerequisites: Upper-division undergraduate standing and permission of the instructor.",Physics,edX,Undergraduate
CIVI-473,Environmental Water Treatment Engineering,"Environmental Water Treatment Engineering. Physical, chemical, and biological unit operations for municipal water purification. Coagulation, flocculation, rapid sand filtration, chlorination disinfection, and activated sludge wastewater treatment. Prerequisites: Completion of introductory undergraduate coursework in relevant engineering or scientific disciplines.",Civil,UC Berkeley Academic Guide,Undergraduate
PHYS-305,General Relativity and Gravitational Physics,"General Relativity and Gravitational Physics. Geometric theory of gravitation. Tensor calculus on Riemannian manifolds, Einstein field equations, geodesic motion in curved spacetime, Schwarzschild black holes, and gravitational waves. Prerequisites: Upper-division undergraduate standing and permission of the instructor.",Physics,UC Berkeley Academic Guide,Advanced Undergraduate
MECH-738,Kinematics and Dynamics of Mechanisms,"Kinematics and Dynamics of Mechanisms. Planar mechanism motion analysis. Four-bar linkages, velocity and acceleration polygon methods, dynamic force balancing, flywheel inertia determination, and balancing of rotating machinery. Prerequisites: Completion of introductory undergraduate coursework in relevant engineering or scientific disciplines.",Mechanical,UC Berkeley Academic Guide,Graduate
BIOT-487,Cellular Biochemistry and Metabolic Pathways,"Cellular Biochemistry and Metabolic Pathways. Structure and function of cellular macromolecules. Enzymatic biocatalysis, metabolic pathways (glycolysis, citric acid cycle, oxidative phosphorylation), bioenergetics, and allosteric enzyme regulation. Recommended background: Prior exposure to core analytical concepts and methodological reasoning.",Biotechnology,Harvard University Course Catalog,Undergraduate
COMP-823,Distributed Cloud Systems Architecture,"Distributed Cloud Systems Architecture. Architectural principles of fault-tolerant distributed systems. Consensus algorithms (Paxos, Raft), replication consistency models, remote procedure calls (RPC), distributed key-value stores, and cloud microservices. Prerequisites: Completion of introductory undergraduate coursework in relevant engineering or scientific disciplines.",Computer Science,Stanford Engineering Catalog,Advanced Undergraduate
COMP-733,Design and Analysis of Algorithms,"Design and Analysis of Algorithms. Fundamental algorithmic design paradigms including divide-and-conquer, greedy optimization, dynamic programming, network flow algorithms, and graph traversals. Worst-case amortized time analysis and NP-completeness reductions are rigorously studied. Prerequisites: Upper-division undergraduate standing and permission of the instructor.",Computer Science,MIT OpenCourseWare,Undergraduate
CHEM-726,Chemical Process Dynamics and Automated Control,"Chemical Process Dynamics and Automated Control. Mathematical modeling of dynamic chemical processes. Laplace transforms, transfer functions, feedback PID controller tuning, feedback-feedforward control, frequency response analysis, and process stability limits. Prerequisites: Solid foundational coursework in the discipline and consent of the department.",Chemical Engineering,Harvard University Course Catalog,Advanced Undergraduate
CIVI-300,Foundation Engineering and Deep Foundations,"Foundation Engineering and Deep Foundations. Geotechnical design of substructures. Ultimate bearing capacity of shallow spread footings, settlement calculations, driven pile foundations, drilled shafts, and retaining wall lateral earth pressures. Targeted towards undergraduate and beginning graduate students in relevant university programs.",Civil,MIT OpenCourseWare,Graduate
BIOT-385,Stem Cell Biology and Tissue Engineering,"Stem Cell Biology and Tissue Engineering. Mechanisms of cellular pluripotency and regenerative medicine. Embryonic and induced pluripotent stem cells, biomaterial scaffolds, cell-matrix interactions, and bioreactor culture of functional engineered tissues. Targeted towards undergraduate and beginning graduate students in relevant university programs.",Biotechnology,Coursera,Graduate
MECH-311,Viscous Fluid Dynamics,"Viscous Fluid Dynamics. Continuity, momentum, and energy conservation equations in fluid motion (Navier-Stokes equations). Incompressible viscous laminar flows, boundary layer separation, turbulent pipe flow, Moody friction diagrams, and aerodynamic drag. Recommended background: Prior exposure to core analytical concepts and methodological reasoning.",Mechanical,UC Berkeley Academic Guide,Undergraduate
MECH-406,Micro-Electro-Mechanical Systems (MEMS) Actuators,"Micro-Electro-Mechanical Systems (MEMS) Actuators. Multiphysics design of silicon micro-actuators. Electrostatic comb drives, piezoelectric micro-beams, cleanroom photolithography fabrication, and coupled thermal-fluid simulation. Recommended background: Prior exposure to core analytical concepts and methodological reasoning.",Mechanical,Harvard University Course Catalog,Undergraduate
HUMA-567,Cognitive Linguistics and Semantic Structures,"Cognitive Linguistics and Semantic Structures. Scientific study of human language and mental grammars. Phonology, morphological derivation, Chomskyan transformational syntax, cognitive semantics, pragmatic context, and sociolinguistics. Prerequisites: Solid foundational coursework in the discipline and consent of the department.",Humanities,edX,Graduate
MATH-665,Real Analysis and Measure Theory,"Real Analysis and Measure Theory. Rigorous mathematical analysis of Euclidean spaces. Metric topologies, compactness, sequences, Cauchy convergence, Riemann-Stieltjes integration, Lebesgue measure, and dominated convergence theorem. Targeted towards undergraduate and beginning graduate students in relevant university programs.",Mathematics,MIT OpenCourseWare,Undergraduate
MECH-381,Conduction and Convective Heat Transfer,"Conduction and Convective Heat Transfer. Heat transfer mechanisms in mechanical systems. Steady and transient conduction, Fourier's law, forced and natural convection boundary layers, dimensionless Nusselt numbers, and heat exchanger effectiveness (NTU method). Prerequisites: Upper-division undergraduate standing and permission of the instructor.",Mechanical,MIT OpenCourseWare,Graduate
MATH-321,"Abstract Algebra: Groups, Rings and Fields","Abstract Algebra: Groups, Rings and Fields. Axiomatic algebraic structures. Group homomorphisms, normal subgroups, quotient groups, Lagrange's theorem, ring ideals, unique factorization domains (UFD), and field extensions. Recommended background: Prior exposure to core analytical concepts and methodological reasoning.",Mathematics,Harvard University Course Catalog,Advanced Undergraduate
ELEC-454,Digital VLSI Architecture and Design,"Digital VLSI Architecture and Design. CMOS digital logic design and physical layout. Static and dynamic power consumption, propagation delay calculation, static timing analysis (STA), clock tree synthesis, and Verilog hardware description language. Prerequisites: Solid foundational coursework in the discipline and consent of the department.",Electronics,Coursera,Graduate
HUMA-389,Cognitive Linguistics and Semantic Structures,"Cognitive Linguistics and Semantic Structures. Scientific study of human language and mental grammars. Phonology, morphological derivation, Chomskyan transformational syntax, cognitive semantics, pragmatic context, and sociolinguistics. Recommended background: Prior exposure to core analytical concepts and methodological reasoning.",Humanities,UC Berkeley Academic Guide,Advanced Undergraduate
BIOT-401,Bioinformatics Pipeline Engineering and Transcriptomics,"Bioinformatics Pipeline Engineering and Transcriptomics. High-throughput computational pipeline design for next-generation RNA sequencing data. Statistical differential expression, variant calling algorithms, and cloud genomic workflows. Prerequisites: Completion of introductory undergraduate coursework in relevant engineering or scientific disciplines.",Biotechnology,UC Berkeley Academic Guide,Undergraduate
HUMA-176,World Literature and Comparative Literary Theory,"World Literature and Comparative Literary Theory. Critical analysis of global literary masterpieces across historical epochs. Textual hermeneutics, narrative theory, post-colonial literary critique, modernism, and thematic representations of human identity. Recommended background: Prior exposure to core analytical concepts and methodological reasoning.",Humanities,Harvard University Course Catalog,Advanced Undergraduate
MATH-802,Ordinary Differential Equations and Dynamical Systems,"Ordinary Differential Equations and Dynamical Systems. Linear and nonlinear ordinary differential equations. Existence and uniqueness theorems (Picard-Lindelof), phase portrait analysis, Lyapunov stability theory, and bifurcation behavior. Prerequisites: Upper-division undergraduate standing and permission of the instructor.",Mathematics,MIT OpenCourseWare,Graduate
MATH-111,"Abstract Algebra: Groups, Rings and Fields","Abstract Algebra: Groups, Rings and Fields. Axiomatic algebraic structures. Group homomorphisms, normal subgroups, quotient groups, Lagrange's theorem, ring ideals, unique factorization domains (UFD), and field extensions. Prerequisites: Upper-division undergraduate standing and permission of the instructor.",Mathematics,Stanford Engineering Catalog,Undergraduate
CHEM-266,Biochemical Processing and Enzyme Reactors,"Biochemical Processing and Enzyme Reactors. Application of reaction engineering principles to biological catalysts. Michaelis-Menten kinetics in CSTRs, aeration mass transfer in fermenters, and downstream recovery of bio-products. Prerequisites: Upper-division undergraduate standing and permission of the instructor.",Chemical Engineering,UC Berkeley Academic Guide,Undergraduate
BUSI-498,Investment Analysis and Portfolio Management,"Investment Analysis and Portfolio Management. Modern portfolio theory and capital asset pricing model (CAPM). Efficient market hypothesis, equity valuation models, fixed-income duration and convexity, hedge fund strategies, and risk metrics. Prerequisites: Upper-division undergraduate standing and permission of the instructor.",Business,edX,Undergraduate
COMP-166,Relational Database Management Systems,"Relational Database Management Systems. Database management internals, relational data algebra, declarative SQL optimization, B+ tree indexing structures, query execution plans, ACID transaction concurrency, and write-ahead logging protocols. Prerequisites: Upper-division undergraduate standing and permission of the instructor.",Computer Science,Stanford Engineering Catalog,Advanced Undergraduate
CHEM-516,Process Safety and Plant Design in Chemical Industry,"Process Safety and Plant Design in Chemical Industry. Design and hazard mitigation in chemical production facilities. Process flow diagrams (PFD), piping and instrumentation diagrams (P&ID), HAZOP safety reviews, pressure relief sizing, and capital cost estimation. Prerequisites: Solid foundational coursework in the discipline and consent of the department.",Chemical Engineering,UC Berkeley Academic Guide,Graduate
CHEM-614,Chemical Process Dynamics and Automated Control,"Chemical Process Dynamics and Automated Control. Mathematical modeling of dynamic chemical processes. Laplace transforms, transfer functions, feedback PID controller tuning, feedback-feedforward control, frequency response analysis, and process stability limits. Prerequisites: Solid foundational coursework in the discipline and consent of the department.",Chemical Engineering,UC Berkeley Academic Guide,Graduate
CIVI-562,Environmental Water Treatment Engineering,"Environmental Water Treatment Engineering. Physical, chemical, and biological unit operations for municipal water purification. Coagulation, flocculation, rapid sand filtration, chlorination disinfection, and activated sludge wastewater treatment. Recommended background: Prior exposure to core analytical concepts and methodological reasoning.",Civil,Harvard University Course Catalog,Advanced Undergraduate
BUSI-377,Organizational Behavior and Leadership,"Organizational Behavior and Leadership. Behavioral dynamics within modern corporations. Team leadership, employee motivation theories, transformational leadership styles, organizational culture, conflict management, and change execution. Prerequisites: Upper-division undergraduate standing and permission of the instructor.",Business,edX,Undergraduate
COMP-874,Modern Compiler Construction,"Modern Compiler Construction. Theory and design of programming language compilers. Lexical analysis, context-free grammars, LL/LR parsing, intermediate representations (SSA form), data-flow optimization, and machine code generation. Targeted towards undergraduate and beginning graduate students in relevant university programs.",Computer Science,Stanford Engineering Catalog,Graduate
MECH-649,Mechanical Vibrations and Modal Analysis,"Mechanical Vibrations and Modal Analysis. Vibration analysis of single and multi-degree-of-freedom mechanical systems. Harmonic excitation, resonance response, vibration isolation dampers, continuous beam vibration, and modal extraction. Targeted towards undergraduate and beginning graduate students in relevant university programs.",Mechanical,Harvard University Course Catalog,Advanced Undergraduate
COMP-879,Principles of Cybersecurity and Cryptography,"Principles of Cybersecurity and Cryptography. Foundations of computer systems security. Cryptographic primitives, symmetric and asymmetric ciphers, public-key infrastructure, memory exploit defenses, buffer overflows, and zero-trust security architectures. Recommended background: Prior exposure to core analytical concepts and methodological reasoning.",Computer Science,UC Berkeley Academic Guide,Undergraduate
MATH-215,Partial Differential Equations in Mathematical Physics,"Partial Differential Equations in Mathematical Physics. Boundary value problems for linear partial differential equations. Heat equation, wave equation, Laplace equation, separation of variables, Fourier transform methods, and Green's functions. Recommended background: Prior exposure to core analytical concepts and methodological reasoning.",Mathematics,Harvard University Course Catalog,Undergraduate
CHEM-550,Mass Transfer Operations and Separation Processes,"Mass Transfer Operations and Separation Processes. Equilibrium stage and rate-based separation processes. Multicomponent distillation column design, liquid-liquid extraction, gas absorption columns, membrane separations, and McCabe-Thiele stage calculations. Prerequisites: Solid foundational coursework in the discipline and consent of the department.",Chemical Engineering,Stanford Engineering Catalog,Graduate
ELEC-786,Power Electronics and Energy Conversion,"Power Electronics and Energy Conversion. Analysis of solid-state power electronic converters. Switch-mode DC-DC buck, boost, and flyback converters, inverter topologies, pulse-width modulation (PWM) control, and thermal dissipation management. Prerequisites: Completion of introductory undergraduate coursework in relevant engineering or scientific disciplines.",Electronics,MIT OpenCourseWare,Undergraduate
CHEM-107,Chemical Engineering Thermodynamics and Phase Equilibria,"Chemical Engineering Thermodynamics and Phase Equilibria. Thermodynamics of multicomponent fluid mixtures. Equations of state (Peng-Robinson), chemical potentials, fugacity coefficients, activity coefficient models (NRTL, UNIQUAC), and vapor-liquid equilibria (VLE). Prerequisites: Solid foundational coursework in the discipline and consent of the department.",Chemical Engineering,edX,Undergraduate
BIOT-196,Stem Cell Biology and Tissue Engineering,"Stem Cell Biology and Tissue Engineering. Mechanisms of cellular pluripotency and regenerative medicine. Embryonic and induced pluripotent stem cells, biomaterial scaffolds, cell-matrix interactions, and bioreactor culture of functional engineered tissues. Prerequisites: Upper-division undergraduate standing and permission of the instructor.",Biotechnology,edX,Undergraduate
COMP-627,Advanced Operating Systems Design,"Advanced Operating Systems Design. Principles of operating system architecture, process scheduling, multithreading primitives, virtual memory management, inter-process communication, file system internals, and kernel concurrency synchronization locks. Recommended background: Prior exposure to core analytical concepts and methodological reasoning.",Computer Science,Coursera,Advanced Undergraduate
BUSI-586,"Business Ethics, Corporate Responsibility and Human Values","Business Ethics, Corporate Responsibility and Human Values. Ethical decision-making frameworks for corporate executives. Moral philosophy applied to capitalism, stakeholder rights, environmental sustainability (ESG), and cross-cultural business ethics. Prerequisites: Completion of introductory undergraduate coursework in relevant engineering or scientific disciplines.",Business,MIT OpenCourseWare,Graduate
ELEC-237,Digital Signal Processing Systems,"Digital Signal Processing Systems. Theory and implementation of discrete-time signals and systems. Z-transforms, discrete Fourier transform (DFT), fast Fourier transform (FFT), FIR and IIR digital filter design, and hardware DSP architectures. Targeted towards undergraduate and beginning graduate students in relevant university programs.",Electronics,MIT OpenCourseWare,Advanced Undergraduate
HUMA-306,Global Economic and Civilizational History,"Global Economic and Civilizational History. Historical evolution of human societies and global trade networks. Rise and fall of ancient empires, the Enlightenment, Industrial Revolution, imperialism, and social transformations in the modern world. Prerequisites: Upper-division undergraduate standing and permission of the instructor.",Humanities,Coursera,Advanced Undergraduate
BIOT-822,Bioinformatics Pipeline Engineering and Transcriptomics,"Bioinformatics Pipeline Engineering and Transcriptomics. High-throughput computational pipeline design for next-generation RNA sequencing data. Statistical differential expression, variant calling algorithms, and cloud genomic workflows. Prerequisites: Solid foundational coursework in the discipline and consent of the department.",Biotechnology,Stanford Engineering Catalog,Undergraduate
MECH-498,Mechanical Elements Machine Design,"Mechanical Elements Machine Design. Design principles for mechanical machine components. Fatigue loading life calculation, hydrodynamic journal bearings, spur and helical gear rating, bolted joint preload, compression springs, clutches, and brakes. Prerequisites: Solid foundational coursework in the discipline and consent of the department.",Mechanical,edX,Undergraduate
PHYS-471,Classical Mechanics and Lagrangian Dynamics,"Classical Mechanics and Lagrangian Dynamics. Advanced formulation of classical mechanics. Variational principles, Euler-Lagrange equations of motion, generalized coordinates, conservation laws, central force planetary motion, and Hamiltonian mechanics. Prerequisites: Completion of introductory undergraduate coursework in relevant engineering or scientific disciplines.",Physics,Stanford Engineering Catalog,Advanced Undergraduate
COMP-752,Relational Database Management Systems,"Relational Database Management Systems. Database management internals, relational data algebra, declarative SQL optimization, B+ tree indexing structures, query execution plans, ACID transaction concurrency, and write-ahead logging protocols. Prerequisites: Upper-division undergraduate standing and permission of the instructor.",Computer Science,Coursera,Graduate
ELEC-154,Digital VLSI Architecture and Design,"Digital VLSI Architecture and Design. CMOS digital logic design and physical layout. Static and dynamic power consumption, propagation delay calculation, static timing analysis (STA), clock tree synthesis, and Verilog hardware description language. Targeted towards undergraduate and beginning graduate students in relevant university programs.",Electronics,Coursera,Undergraduate
COMP-719,Computational Biology and Genome Informatics,"Computational Biology and Genome Informatics. Algorithm development for biological big data. Sequence alignment algorithms, phylogenetic tree clustering, genome assembly heuristics, and neural network models for protein folding. Prerequisites: Solid foundational coursework in the discipline and consent of the department.",Computer Science,edX,Undergraduate
BUSI-173,Financial Statement Analysis and Accounting,"Financial Statement Analysis and Accounting. Interpretation and construction of financial statements under GAAP and IFRS. Balance sheets, income statements, cash flow statements, revenue recognition rules, inventory costing, and ratio analysis. Recommended background: Prior exposure to core analytical concepts and methodological reasoning.",Business,Coursera,Graduate
CIVI-207,Environmental Water Treatment Engineering,"Environmental Water Treatment Engineering. Physical, chemical, and biological unit operations for municipal water purification. Coagulation, flocculation, rapid sand filtration, chlorination disinfection, and activated sludge wastewater treatment. Recommended background: Prior exposure to core analytical concepts and methodological reasoning.",Civil,Coursera,Graduate
BIOT-810,Bioprocess Engineering and Microbial Fermentation,"Bioprocess Engineering and Microbial Fermentation. Engineering principles of microbial cell cultivation. Stoichiometry of cell growth, batch and fed-batch fermentation kinetics, oxygen mass transfer rate (kLa), bioreactor scale-up, and continuous bioprocessing. Prerequisites: Upper-division undergraduate standing and permission of the instructor.",Biotechnology,Stanford Engineering Catalog,Advanced Undergraduate
HUMA-675,Critical Media Studies and Cultural Communication,"Critical Media Studies and Cultural Communication. Critical analysis of mass media institutions, digital communication networks, and popular culture. Semiotic media decoding, ideological framing, digital disinformation, and algorithmic culture. Prerequisites: Upper-division undergraduate standing and permission of the instructor.",Humanities,edX,Advanced Undergraduate
BUSI-344,Entrepreneurial Finance and Venture Capital,"Entrepreneurial Finance and Venture Capital. Financing emerging high-growth ventures. Term sheets, convertible notes, venture valuation methods, capitalization tables, angel financing, and startup exit strategies. Recommended background: Prior exposure to core analytical concepts and methodological reasoning.",Business,Coursera,Graduate
COMP-159,Deep Learning and Neural Representation,"Deep Learning and Neural Representation. Theoretical foundations and architectures of deep neural networks. Convolutional neural networks, recurrent architectures, transformer self-attention, loss surface optimization, backpropagation calculus, and GPU model training. Prerequisites: Completion of introductory undergraduate coursework in relevant engineering or scientific disciplines.",Computer Science,UC Berkeley Academic Guide,Undergraduate
MATH-294,Advanced Linear Algebra and Vector Spaces,"Advanced Linear Algebra and Vector Spaces. Vector spaces over arbitrary fields. Linear transformations, dual spaces, spectral theorem for normal operators, Jordan canonical forms, minimal polynomials, and inner product geometry. Prerequisites: Upper-division undergraduate standing and permission of the instructor.",Mathematics,MIT OpenCourseWare,Advanced Undergraduate
COMP-759,Distributed Cloud Systems Architecture,"Distributed Cloud Systems Architecture. Architectural principles of fault-tolerant distributed systems. Consensus algorithms (Paxos, Raft), replication consistency models, remote procedure calls (RPC), distributed key-value stores, and cloud microservices. Recommended background: Prior exposure to core analytical concepts and methodological reasoning.",Computer Science,MIT OpenCourseWare,Undergraduate
CIVI-742,Hydraulic Engineering and Open Channel Flow,"Hydraulic Engineering and Open Channel Flow. Fluid flow in open channels and pipe networks. Manning's uniform flow equation, specific energy, hydraulic jumps, gradually varied flow profile computations, and culvert hydraulic sizing. Targeted towards undergraduate and beginning graduate students in relevant university programs.",Civil,Coursera,Undergraduate
CHEM-541,Polymer Reaction Engineering and Processing,"Polymer Reaction Engineering and Processing. Polymerization kinetics and processing techniques. Step-growth and chain-growth polymerization, molecular weight distribution modeling, rheology of non-Newtonian polymer melts, and extrusion molding. Prerequisites: Completion of introductory undergraduate coursework in relevant engineering or scientific disciplines.",Chemical Engineering,MIT OpenCourseWare,Graduate
PHYS-318,Laser Physics and Modern Quantum Optics,"Laser Physics and Modern Quantum Optics. Physics of coherent optical radiation. Spontaneous and stimulated emission, population inversion, optical resonators, laser cavity modes, photon quantization, and nonlinear optical effects. Recommended background: Prior exposure to core analytical concepts and methodological reasoning.",Physics,Harvard University Course Catalog,Graduate
ELEC-414,RF and Microwave Engineering,"RF and Microwave Engineering. High-frequency electromagnetic wave propagation in transmission lines and microstrips. Smith chart impedance matching, S-parameters, microwave filter design, high-frequency power amplifiers, and directional couplers. Recommended background: Prior exposure to core analytical concepts and methodological reasoning.",Electronics,Stanford Engineering Catalog,Graduate
CIVI-689,Design of Reinforced Concrete Structures,"Design of Reinforced Concrete Structures. Behavior and limit state design of reinforced concrete members. Ultimate flexural strength of beams, shear reinforcement detailing, one-way and two-way floor slabs, and axial-flexural interaction of columns. Recommended background: Prior exposure to core analytical concepts and methodological reasoning.",Civil,Coursera,Advanced Undergraduate
BIOT-521,Cellular Biochemistry and Metabolic Pathways,"Cellular Biochemistry and Metabolic Pathways. Structure and function of cellular macromolecules. Enzymatic biocatalysis, metabolic pathways (glycolysis, citric acid cycle, oxidative phosphorylation), bioenergetics, and allosteric enzyme regulation. Prerequisites: Solid foundational coursework in the discipline and consent of the department.",Biotechnology,MIT OpenCourseWare,Advanced Undergraduate
ELEC-181,Power Electronics and Energy Conversion,"Power Electronics and Energy Conversion. Analysis of solid-state power electronic converters. Switch-mode DC-DC buck, boost, and flyback converters, inverter topologies, pulse-width modulation (PWM) control, and thermal dissipation management. Prerequisites: Completion of introductory undergraduate coursework in relevant engineering or scientific disciplines.",Electronics,Stanford Engineering Catalog,Graduate
HUMA-838,Cultural Anthropology and Ethnographic Inquiry,"Cultural Anthropology and Ethnographic Inquiry. Comparative study of human cultures, kinship systems, and social institutions. Ethnographic fieldwork methodologies, cultural relativism, ritual symbolic systems, and globalization impacts. Targeted towards undergraduate and beginning graduate students in relevant university programs.",Humanities,Harvard University Course Catalog,Advanced Undergraduate
ELEC-247,Analog Integrated Circuit Design,"Analog Integrated Circuit Design. Analysis and design of CMOS analog integrated circuits. MOSFET small-signal modeling, single-stage and differential amplifiers, active current mirrors, frequency response, feedback stability margins, and SPICE op-amp simulation. Recommended background: Prior exposure to core analytical concepts and methodological reasoning.",Electronics,UC Berkeley Academic Guide,Graduate
ELEC-882,Digital VLSI Architecture and Design,"Digital VLSI Architecture and Design. CMOS digital logic design and physical layout. Static and dynamic power consumption, propagation delay calculation, static timing analysis (STA), clock tree synthesis, and Verilog hardware description language. Recommended background: Prior exposure to core analytical concepts and methodological reasoning.",Electronics,Coursera,Advanced Undergraduate
BUSI-311,Strategic Marketing and Brand Positioning,"Strategic Marketing and Brand Positioning. Core marketing management frameworks. Market segmentation, targeting, and brand positioning (STP), customer lifetime value, pricing strategies, promotional channels, and brand equity development. Recommended background: Prior exposure to core analytical concepts and methodological reasoning.",Business,Harvard University Course Catalog,Undergraduate
ELEC-226,Semiconductor Device Physics,"Semiconductor Device Physics. Quantum mechanical principles of semiconductor transport. Energy band structures, carrier generation and recombination, p-n junction electrostatics, Schottky diodes, and subthreshold MOSFET characteristics. Recommended background: Prior exposure to core analytical concepts and methodological reasoning.",Electronics,Coursera,Undergraduate
MATH-501,Real Analysis and Measure Theory,"Real Analysis and Measure Theory. Rigorous mathematical analysis of Euclidean spaces. Metric topologies, compactness, sequences, Cauchy convergence, Riemann-Stieltjes integration, Lebesgue measure, and dominated convergence theorem. Targeted towards undergraduate and beginning graduate students in relevant university programs.",Mathematics,edX,Advanced Undergraduate
MECH-821,Classical Applied Thermodynamics,"Classical Applied Thermodynamics. Fundamental thermodynamic principles for engineering systems. First and second laws, closed and control volume energy balance, entropy generation, exergy analysis, vapor power Rankine cycles, and gas turbine Brayton cycles. Targeted towards undergraduate and beginning graduate students in relevant university programs.",Mechanical,Harvard University Course Catalog,Advanced Undergraduate
CIVI-794,Geotechnical Soil Mechanics,"Geotechnical Soil Mechanics. Fundamental physical and engineering properties of soils. Soil classification, Darcy's permeability law, 1D Terzaghi consolidation theory, effective stress, and Mohr-Coulomb shear strength criteria. Prerequisites: Upper-division undergraduate standing and permission of the instructor.",Civil,Harvard University Course Catalog,Undergraduate
PHYS-171,Electrodynamics and Classical Field Theory,"Electrodynamics and Classical Field Theory. Maxwell's equations and relativistic electromagnetic fields. Gauge transformations, electromagnetic radiation from accelerating charges, wave guides, Poynting vector energy flow, and dipole radiation. Prerequisites: Solid foundational coursework in the discipline and consent of the department.",Physics,edX,Advanced Undergraduate
HUMA-464,Art History and Visual Cultural Theory,"Art History and Visual Cultural Theory. Evolution of visual art forms and aesthetic theories. Renaissance perspective, Baroque movement, Modernist avant-garde movements, iconography analysis, and museum curatorial practices. Prerequisites: Upper-division undergraduate standing and permission of the instructor.",Humanities,edX,Graduate
MECH-119,Mechanics of Deformable Solids,"Mechanics of Deformable Solids. Stress and strain tensors in structural elements. Axial loading, torsion of circular shafts, bending and shear stress distributions in beams, Mohr's circle analysis, column Euler buckling, and failure yield criteria. Prerequisites: Completion of introductory undergraduate coursework in relevant engineering or scientific disciplines.",Mechanical,Harvard University Course Catalog,Undergraduate
ELEC-836,RF and Microwave Engineering,"RF and Microwave Engineering. High-frequency electromagnetic wave propagation in transmission lines and microstrips. Smith chart impedance matching, S-parameters, microwave filter design, high-frequency power amplifiers, and directional couplers. Prerequisites: Upper-division undergraduate standing and permission of the instructor.",Electronics,Coursera,Undergraduate
MECH-677,Conduction and Convective Heat Transfer,"Conduction and Convective Heat Transfer. Heat transfer mechanisms in mechanical systems. Steady and transient conduction, Fourier's law, forced and natural convection boundary layers, dimensionless Nusselt numbers, and heat exchanger effectiveness (NTU method). Targeted towards undergraduate and beginning graduate students in relevant university programs.",Mechanical,Coursera,Advanced Undergraduate
BIOT-314,Bioinformatics and Computational Genomics,"Bioinformatics and Computational Genomics. Computational methods for analyzing biological sequence data. Pairwise and multiple sequence alignment (BLAST), hidden Markov models, genome assembly, phylogenetic trees, and protein structural modeling. Prerequisites: Solid foundational coursework in the discipline and consent of the department.",Biotechnology,UC Berkeley Academic Guide,Graduate
COMP-831,Computational Biology and Genome Informatics,"Computational Biology and Genome Informatics. Algorithm development for biological big data. Sequence alignment algorithms, phylogenetic tree clustering, genome assembly heuristics, and neural network models for protein folding. Prerequisites: Upper-division undergraduate standing and permission of the instructor.",Computer Science,edX,Undergraduate
MECH-428,Kinematics and Dynamics of Mechanisms,"Kinematics and Dynamics of Mechanisms. Planar mechanism motion analysis. Four-bar linkages, velocity and acceleration polygon methods, dynamic force balancing, flywheel inertia determination, and balancing of rotating machinery. Prerequisites: Solid foundational coursework in the discipline and consent of the department.",Mechanical,Harvard University Course Catalog,Undergraduate
MECH-292,Mechanics of Deformable Solids,"Mechanics of Deformable Solids. Stress and strain tensors in structural elements. Axial loading, torsion of circular shafts, bending and shear stress distributions in beams, Mohr's circle analysis, column Euler buckling, and failure yield criteria. Recommended background: Prior exposure to core analytical concepts and methodological reasoning.",Mechanical,edX,Advanced Undergraduate
MATH-795,Mathematical Foundations of Quantum Physics,"Mathematical Foundations of Quantum Physics. Rigorous functional analysis applied to quantum mechanics. Hilbert spaces, unbounded self-adjoint linear operators, spectral theorem, and mathematical formulation of observables. Recommended background: Prior exposure to core analytical concepts and methodological reasoning.",Mathematics,MIT OpenCourseWare,Undergraduate
MECH-227,Conduction and Convective Heat Transfer,"Conduction and Convective Heat Transfer. Heat transfer mechanisms in mechanical systems. Steady and transient conduction, Fourier's law, forced and natural convection boundary layers, dimensionless Nusselt numbers, and heat exchanger effectiveness (NTU method). Prerequisites: Solid foundational coursework in the discipline and consent of the department.",Mechanical,edX,Graduate
HUMA-482,Epistemology and Philosophy of Mind,"Epistemology and Philosophy of Mind. Philosophical inquiry into the nature of knowledge, truth, and mental consciousness. Rationalism vs empiricism, skeptical arguments, dualism, functionalism, intentionality, and cognitive experience. Targeted towards undergraduate and beginning graduate students in relevant university programs.",Humanities,UC Berkeley Academic Guide,Advanced Undergraduate
MECH-661,Mechanical Elements Machine Design,"Mechanical Elements Machine Design. Design principles for mechanical machine components. Fatigue loading life calculation, hydrodynamic journal bearings, spur and helical gear rating, bolted joint preload, compression springs, clutches, and brakes. Targeted towards undergraduate and beginning graduate students in relevant university programs.",Mechanical,UC Berkeley Academic Guide,Undergraduate
MECH-209,Viscous Fluid Dynamics,"Viscous Fluid Dynamics. Continuity, momentum, and energy conservation equations in fluid motion (Navier-Stokes equations). Incompressible viscous laminar flows, boundary layer separation, turbulent pipe flow, Moody friction diagrams, and aerodynamic drag. Prerequisites: Upper-division undergraduate standing and permission of the instructor.",Mechanical,UC Berkeley Academic Guide,Undergraduate
HUMA-771,Cognitive Linguistics and Semantic Structures,"Cognitive Linguistics and Semantic Structures. Scientific study of human language and mental grammars. Phonology, morphological derivation, Chomskyan transformational syntax, cognitive semantics, pragmatic context, and sociolinguistics. Prerequisites: Solid foundational coursework in the discipline and consent of the department.",Humanities,UC Berkeley Academic Guide,Graduate
ELEC-154,RF and Microwave Engineering,"RF and Microwave Engineering. High-frequency electromagnetic wave propagation in transmission lines and microstrips. Smith chart impedance matching, S-parameters, microwave filter design, high-frequency power amplifiers, and directional couplers. Prerequisites: Upper-division undergraduate standing and permission of the instructor.",Electronics,Harvard University Course Catalog,Advanced Undergraduate
BIOT-190,Immunology and Monoclonal Antibody Technology,"Immunology and Monoclonal Antibody Technology. Principles of humoral and cell-mediated immunity. Antigen recognition, antibody structure, hybridoma technology, recombinant therapeutic monoclonal antibodies, ELISA assays, and immunotherapy design. Prerequisites: Upper-division undergraduate standing and permission of the instructor.",Biotechnology,MIT OpenCourseWare,Undergraduate
ELEC-637,Analog Integrated Circuit Design,"Analog Integrated Circuit Design. Analysis and design of CMOS analog integrated circuits. MOSFET small-signal modeling, single-stage and differential amplifiers, active current mirrors, frequency response, feedback stability margins, and SPICE op-amp simulation. Prerequisites: Solid foundational coursework in the discipline and consent of the department.",Electronics,MIT OpenCourseWare,Undergraduate
HUMA-321,Epistemology and Philosophy of Mind,"Epistemology and Philosophy of Mind. Philosophical inquiry into the nature of knowledge, truth, and mental consciousness. Rationalism vs empiricism, skeptical arguments, dualism, functionalism, intentionality, and cognitive experience. Prerequisites: Solid foundational coursework in the discipline and consent of the department.",Humanities,Stanford Engineering Catalog,Graduate
MATH-307,Ordinary Differential Equations and Dynamical Systems,"Ordinary Differential Equations and Dynamical Systems. Linear and nonlinear ordinary differential equations. Existence and uniqueness theorems (Picard-Lindelof), phase portrait analysis, Lyapunov stability theory, and bifurcation behavior. Recommended background: Prior exposure to core analytical concepts and methodological reasoning.",Mathematics,edX,Graduate
PHYS-114,Laser Physics and Modern Quantum Optics,"Laser Physics and Modern Quantum Optics. Physics of coherent optical radiation. Spontaneous and stimulated emission, population inversion, optical resonators, laser cavity modes, photon quantization, and nonlinear optical effects. Prerequisites: Upper-division undergraduate standing and permission of the instructor.",Physics,edX,Advanced Undergraduate
MECH-343,Conduction and Convective Heat Transfer,"Conduction and Convective Heat Transfer. Heat transfer mechanisms in mechanical systems. Steady and transient conduction, Fourier's law, forced and natural convection boundary layers, dimensionless Nusselt numbers, and heat exchanger effectiveness (NTU method). Prerequisites: Upper-division undergraduate standing and permission of the instructor.",Mechanical,edX,Advanced Undergraduate
PHYS-734,General Relativity and Gravitational Physics,"General Relativity and Gravitational Physics. Geometric theory of gravitation. Tensor calculus on Riemannian manifolds, Einstein field equations, geodesic motion in curved spacetime, Schwarzschild black holes, and gravitational waves. Prerequisites: Solid foundational coursework in the discipline and consent of the department.",Physics,MIT OpenCourseWare,Graduate
BIOT-113,Bioprocess Engineering and Microbial Fermentation,"Bioprocess Engineering and Microbial Fermentation. Engineering principles of microbial cell cultivation. Stoichiometry of cell growth, batch and fed-batch fermentation kinetics, oxygen mass transfer rate (kLa), bioreactor scale-up, and continuous bioprocessing. Prerequisites: Completion of introductory undergraduate coursework in relevant engineering or scientific disciplines.",Biotechnology,UC Berkeley Academic Guide,Advanced Undergraduate
BIOT-147,Immunology and Monoclonal Antibody Technology,"Immunology and Monoclonal Antibody Technology. Principles of humoral and cell-mediated immunity. Antigen recognition, antibody structure, hybridoma technology, recombinant therapeutic monoclonal antibodies, ELISA assays, and immunotherapy design. Prerequisites: Completion of introductory undergraduate coursework in relevant engineering or scientific disciplines.",Biotechnology,UC Berkeley Academic Guide,Undergraduate
ELEC-297,Semiconductor Device Physics,"Semiconductor Device Physics. Quantum mechanical principles of semiconductor transport. Energy band structures, carrier generation and recombination, p-n junction electrostatics, Schottky diodes, and subthreshold MOSFET characteristics. Prerequisites: Upper-division undergraduate standing and permission of the instructor.",Electronics,UC Berkeley Academic Guide,Graduate
CIVI-874,Environmental Fluid Mechanics and Contaminant Transport,"Environmental Fluid Mechanics and Contaminant Transport. Fluid dynamics and mass transport in aquatic environments. Advection-diffusion equation, turbulent mixing in natural rivers, groundwater pollutant migration, and hydrologic basin modeling. Targeted towards undergraduate and beginning graduate students in relevant university programs.",Civil,Coursera,Advanced Undergraduate
COMP-484,Modern Compiler Construction,"Modern Compiler Construction. Theory and design of programming language compilers. Lexical analysis, context-free grammars, LL/LR parsing, intermediate representations (SSA form), data-flow optimization, and machine code generation. Prerequisites: Completion of introductory undergraduate coursework in relevant engineering or scientific disciplines.",Computer Science,Stanford Engineering Catalog,Undergraduate
BIOT-866,Stem Cell Biology and Tissue Engineering,"Stem Cell Biology and Tissue Engineering. Mechanisms of cellular pluripotency and regenerative medicine. Embryonic and induced pluripotent stem cells, biomaterial scaffolds, cell-matrix interactions, and bioreactor culture of functional engineered tissues. Prerequisites: Upper-division undergraduate standing and permission of the instructor.",Biotechnology,Stanford Engineering Catalog,Undergraduate
MECH-772,Mechanical Vibrations and Modal Analysis,"Mechanical Vibrations and Modal Analysis. Vibration analysis of single and multi-degree-of-freedom mechanical systems. Harmonic excitation, resonance response, vibration isolation dampers, continuous beam vibration, and modal extraction. Prerequisites: Solid foundational coursework in the discipline and consent of the department.",Mechanical,MIT OpenCourseWare,Graduate
BIOT-546,Bioprocess Engineering and Microbial Fermentation,"Bioprocess Engineering and Microbial Fermentation. Engineering principles of microbial cell cultivation. Stoichiometry of cell growth, batch and fed-batch fermentation kinetics, oxygen mass transfer rate (kLa), bioreactor scale-up, and continuous bioprocessing. Prerequisites: Completion of introductory undergraduate coursework in relevant engineering or scientific disciplines.",Biotechnology,Harvard University Course Catalog,Undergraduate
ELEC-439,Power Electronics and Energy Conversion,"Power Electronics and Energy Conversion. Analysis of solid-state power electronic converters. Switch-mode DC-DC buck, boost, and flyback converters, inverter topologies, pulse-width modulation (PWM) control, and thermal dissipation management. Prerequisites: Solid foundational coursework in the discipline and consent of the department.",Electronics,Harvard University Course Catalog,Advanced Undergraduate
MECH-273,Kinematics and Dynamics of Mechanisms,"Kinematics and Dynamics of Mechanisms. Planar mechanism motion analysis. Four-bar linkages, velocity and acceleration polygon methods, dynamic force balancing, flywheel inertia determination, and balancing of rotating machinery. Recommended background: Prior exposure to core analytical concepts and methodological reasoning.",Mechanical,Stanford Engineering Catalog,Graduate
PHYS-116,Classical Mechanics and Lagrangian Dynamics,"Classical Mechanics and Lagrangian Dynamics. Advanced formulation of classical mechanics. Variational principles, Euler-Lagrange equations of motion, generalized coordinates, conservation laws, central force planetary motion, and Hamiltonian mechanics. Prerequisites: Solid foundational coursework in the discipline and consent of the department.",Physics,Harvard University Course Catalog,Undergraduate
HUMA-247,Global Economic and Civilizational History,"Global Economic and Civilizational History. Historical evolution of human societies and global trade networks. Rise and fall of ancient empires, the Enlightenment, Industrial Revolution, imperialism, and social transformations in the modern world. Prerequisites: Completion of introductory undergraduate coursework in relevant engineering or scientific disciplines.",Humanities,MIT OpenCourseWare,Graduate
ELEC-182,Analog Integrated Circuit Design,"Analog Integrated Circuit Design. Analysis and design of CMOS analog integrated circuits. MOSFET small-signal modeling, single-stage and differential amplifiers, active current mirrors, frequency response, feedback stability margins, and SPICE op-amp simulation. Prerequisites: Completion of introductory undergraduate coursework in relevant engineering or scientific disciplines.",Electronics,MIT OpenCourseWare,Advanced Undergraduate
BIOT-571,Cellular Biochemistry and Metabolic Pathways,"Cellular Biochemistry and Metabolic Pathways. Structure and function of cellular macromolecules. Enzymatic biocatalysis, metabolic pathways (glycolysis, citric acid cycle, oxidative phosphorylation), bioenergetics, and allosteric enzyme regulation. Prerequisites: Completion of introductory undergraduate coursework in relevant engineering or scientific disciplines.",Biotechnology,Coursera,Undergraduate
ELEC-827,Digital Signal Processing Systems,"Digital Signal Processing Systems. Theory and implementation of discrete-time signals and systems. Z-transforms, discrete Fourier transform (DFT), fast Fourier transform (FFT), FIR and IIR digital filter design, and hardware DSP architectures. Targeted towards undergraduate and beginning graduate students in relevant university programs.",Electronics,MIT OpenCourseWare,Graduate
BUSI-104,Operations and Global Supply Chain Management,"Operations and Global Supply Chain Management. Design and control of operational supply chains. Process bottleneck analysis, Little's Law, aggregate production planning, economic order quantity (EOQ), safety stock, and lean manufacturing. Recommended background: Prior exposure to core analytical concepts and methodological reasoning.",Business,Stanford Engineering Catalog,Graduate
PHYS-218,Quantum Information Theory and Quantum Gates,"Quantum Information Theory and Quantum Gates. Physics of quantum computing architectures. Qubits, superposition states, quantum entanglement, unitary quantum logic gates, decoherence models, and quantum error-correcting codes. Prerequisites: Upper-division undergraduate standing and permission of the instructor.",Physics,Coursera,Undergraduate
COMP-379,Principles of Cybersecurity and Cryptography,"Principles of Cybersecurity and Cryptography. Foundations of computer systems security. Cryptographic primitives, symmetric and asymmetric ciphers, public-key infrastructure, memory exploit defenses, buffer overflows, and zero-trust security architectures. Recommended background: Prior exposure to core analytical concepts and methodological reasoning.",Computer Science,UC Berkeley Academic Guide,Graduate
MATH-511,Mathematical Foundations of Quantum Physics,"Mathematical Foundations of Quantum Physics. Rigorous functional analysis applied to quantum mechanics. Hilbert spaces, unbounded self-adjoint linear operators, spectral theorem, and mathematical formulation of observables. Prerequisites: Upper-division undergraduate standing and permission of the instructor.",Mathematics,Coursera,Graduate
BIOT-717,Molecular Biology and Recombinant DNA Technology,"Molecular Biology and Recombinant DNA Technology. Molecular mechanisms of gene expression and genetic engineering. DNA replication, transcription, translation, restriction endonucleases, plasmid cloning vectors, CRISPR-Cas9 gene editing, and PCR amplification. Prerequisites: Upper-division undergraduate standing and permission of the instructor.",Biotechnology,MIT OpenCourseWare,Graduate
MECH-790,Mechanical Vibrations and Modal Analysis,"Mechanical Vibrations and Modal Analysis. Vibration analysis of single and multi-degree-of-freedom mechanical systems. Harmonic excitation, resonance response, vibration isolation dampers, continuous beam vibration, and modal extraction. Prerequisites: Upper-division undergraduate standing and permission of the instructor.",Mechanical,Stanford Engineering Catalog,Undergraduate
COMP-659,Deep Learning and Neural Representation,"Deep Learning and Neural Representation. Theoretical foundations and architectures of deep neural networks. Convolutional neural networks, recurrent architectures, transformer self-attention, loss surface optimization, backpropagation calculus, and GPU model training. Targeted towards undergraduate and beginning graduate students in relevant university programs.",Computer Science,MIT OpenCourseWare,Advanced Undergraduate
MATH-522,Probability Theory and Mathematical Statistics,"Probability Theory and Mathematical Statistics. Measure-theoretic probability foundations. Random variables, characteristic functions, laws of large numbers, central limit theorem, and maximum likelihood statistical estimation. Prerequisites: Solid foundational coursework in the discipline and consent of the department.",Mathematics,edX,Undergraduate
PHYS-116,Electrodynamics and Classical Field Theory,"Electrodynamics and Classical Field Theory. Maxwell's equations and relativistic electromagnetic fields. Gauge transformations, electromagnetic radiation from accelerating charges, wave guides, Poynting vector energy flow, and dipole radiation. Prerequisites: Upper-division undergraduate standing and permission of the instructor.",Physics,edX,Graduate
BIOT-475,Bioinformatics Pipeline Engineering and Transcriptomics,"Bioinformatics Pipeline Engineering and Transcriptomics. High-throughput computational pipeline design for next-generation RNA sequencing data. Statistical differential expression, variant calling algorithms, and cloud genomic workflows. Prerequisites: Completion of introductory undergraduate coursework in relevant engineering or scientific disciplines.",Biotechnology,Coursera,Undergraduate
CHEM-537,Polymer Reaction Engineering and Processing,"Polymer Reaction Engineering and Processing. Polymerization kinetics and processing techniques. Step-growth and chain-growth polymerization, molecular weight distribution modeling, rheology of non-Newtonian polymer melts, and extrusion molding. Recommended background: Prior exposure to core analytical concepts and methodological reasoning.",Chemical Engineering,Stanford Engineering Catalog,Advanced Undergraduate
CHEM-261,Mass Transfer Operations and Separation Processes,"Mass Transfer Operations and Separation Processes. Equilibrium stage and rate-based separation processes. Multicomponent distillation column design, liquid-liquid extraction, gas absorption columns, membrane separations, and McCabe-Thiele stage calculations. Prerequisites: Solid foundational coursework in the discipline and consent of the department.",Chemical Engineering,UC Berkeley Academic Guide,Advanced Undergraduate
COMP-839,Principles of Cybersecurity and Cryptography,"Principles of Cybersecurity and Cryptography. Foundations of computer systems security. Cryptographic primitives, symmetric and asymmetric ciphers, public-key infrastructure, memory exploit defenses, buffer overflows, and zero-trust security architectures. Targeted towards undergraduate and beginning graduate students in relevant university programs.",Computer Science,MIT OpenCourseWare,Advanced Undergraduate
MATH-706,Ordinary Differential Equations and Dynamical Systems,"Ordinary Differential Equations and Dynamical Systems. Linear and nonlinear ordinary differential equations. Existence and uniqueness theorems (Picard-Lindelof), phase portrait analysis, Lyapunov stability theory, and bifurcation behavior. Prerequisites: Solid foundational coursework in the discipline and consent of the department.",Mathematics,Coursera,Graduate
CIVI-700,Environmental Water Treatment Engineering,"Environmental Water Treatment Engineering. Physical, chemical, and biological unit operations for municipal water purification. Coagulation, flocculation, rapid sand filtration, chlorination disinfection, and activated sludge wastewater treatment. Prerequisites: Completion of introductory undergraduate coursework in relevant engineering or scientific disciplines.",Civil,Stanford Engineering Catalog,Graduate
HUMA-747,Modern Political Philosophy and Ethics,"Modern Political Philosophy and Ethics. Foundational theories of justice, rights, and political governance. Classical and modern political thought including Plato, Aristotle, Hobbes, Locke, Rousseau, Kantian deontology, and utilitarianism. Prerequisites: Upper-division undergraduate standing and permission of the instructor.",Humanities,Stanford Engineering Catalog,Graduate
COMP-113,Modern Compiler Construction,"Modern Compiler Construction. Theory and design of programming language compilers. Lexical analysis, context-free grammars, LL/LR parsing, intermediate representations (SSA form), data-flow optimization, and machine code generation. Prerequisites: Solid foundational coursework in the discipline and consent of the department.",Computer Science,Stanford Engineering Catalog,Advanced Undergraduate
HUMA-558,World Literature and Comparative Literary Theory,"World Literature and Comparative Literary Theory. Critical analysis of global literary masterpieces across historical epochs. Textual hermeneutics, narrative theory, post-colonial literary critique, modernism, and thematic representations of human identity. Prerequisites: Solid foundational coursework in the discipline and consent of the department.",Humanities,edX,Advanced Undergraduate
MATH-673,Probability Theory and Mathematical Statistics,"Probability Theory and Mathematical Statistics. Measure-theoretic probability foundations. Random variables, characteristic functions, laws of large numbers, central limit theorem, and maximum likelihood statistical estimation. Prerequisites: Completion of introductory undergraduate coursework in relevant engineering or scientific disciplines.",Mathematics,Harvard University Course Catalog,Advanced Undergraduate
CIVI-599,Highway Geometric Design and Planning,"Highway Geometric Design and Planning. Principles of highway engineering. Horizontal and vertical alignment curves, sight distance requirements, highway cross-sections, intersection channelization, and AASHTO geometric standards. Targeted towards undergraduate and beginning graduate students in relevant university programs.",Civil,edX,Advanced Undergraduate
BUSI-619,Entrepreneurial Finance and Venture Capital,"Entrepreneurial Finance and Venture Capital. Financing emerging high-growth ventures. Term sheets, convertible notes, venture valuation methods, capitalization tables, angel financing, and startup exit strategies. Targeted towards undergraduate and beginning graduate students in relevant university programs.",Business,MIT OpenCourseWare,Advanced Undergraduate
HUMA-316,Art History and Visual Cultural Theory,"Art History and Visual Cultural Theory. Evolution of visual art forms and aesthetic theories. Renaissance perspective, Baroque movement, Modernist avant-garde movements, iconography analysis, and museum curatorial practices. Prerequisites: Completion of introductory undergraduate coursework in relevant engineering or scientific disciplines.",Humanities,edX,Graduate
CIVI-495,Geotechnical Soil Mechanics,"Geotechnical Soil Mechanics. Fundamental physical and engineering properties of soils. Soil classification, Darcy's permeability law, 1D Terzaghi consolidation theory, effective stress, and Mohr-Coulomb shear strength criteria. Prerequisites: Solid foundational coursework in the discipline and consent of the department.",Civil,Stanford Engineering Catalog,Undergraduate
HUMA-587,Global Economic and Civilizational History,"Global Economic and Civilizational History. Historical evolution of human societies and global trade networks. Rise and fall of ancient empires, the Enlightenment, Industrial Revolution, imperialism, and social transformations in the modern world. Targeted towards undergraduate and beginning graduate students in relevant university programs.",Humanities,Coursera,Advanced Undergraduate
MATH-276,Partial Differential Equations in Mathematical Physics,"Partial Differential Equations in Mathematical Physics. Boundary value problems for linear partial differential equations. Heat equation, wave equation, Laplace equation, separation of variables, Fourier transform methods, and Green's functions. Prerequisites: Solid foundational coursework in the discipline and consent of the department.",Mathematics,UC Berkeley Academic Guide,Undergraduate
BUSI-876,Strategic Marketing and Brand Positioning,"Strategic Marketing and Brand Positioning. Core marketing management frameworks. Market segmentation, targeting, and brand positioning (STP), customer lifetime value, pricing strategies, promotional channels, and brand equity development. Prerequisites: Upper-division undergraduate standing and permission of the instructor.",Business,Stanford Engineering Catalog,Undergraduate
PHYS-686,Quantum Information Theory and Quantum Gates,"Quantum Information Theory and Quantum Gates. Physics of quantum computing architectures. Qubits, superposition states, quantum entanglement, unitary quantum logic gates, decoherence models, and quantum error-correcting codes. Prerequisites: Completion of introductory undergraduate coursework in relevant engineering or scientific disciplines.",Physics,Stanford Engineering Catalog,Undergraduate
CHEM-865,Chemical Reaction Engineering and Reactor Kinetics,"Chemical Reaction Engineering and Reactor Kinetics. Kinetics of homogeneous and heterogeneous chemical reactions. Ideal batch, continuous stirred-tank (CSTR), and plug flow reactors (PFR). Catalytic kinetics, non-isothermal reactor operation, and thermal runaway prevention. Prerequisites: Upper-division undergraduate standing and permission of the instructor.",Chemical Engineering,Coursera,Graduate
BUSI-523,Organizational Behavior and Leadership,"Organizational Behavior and Leadership. Behavioral dynamics within modern corporations. Team leadership, employee motivation theories, transformational leadership styles, organizational culture, conflict management, and change execution. Prerequisites: Upper-division undergraduate standing and permission of the instructor.",Business,Harvard University Course Catalog,Advanced Undergraduate
BIOT-898,Stem Cell Biology and Tissue Engineering,"Stem Cell Biology and Tissue Engineering. Mechanisms of cellular pluripotency and regenerative medicine. Embryonic and induced pluripotent stem cells, biomaterial scaffolds, cell-matrix interactions, and bioreactor culture of functional engineered tissues. Recommended background: Prior exposure to core analytical concepts and methodological reasoning.",Biotechnology,Coursera,Advanced Undergraduate
CIVI-697,Design of Structural Steel Buildings,"Design of Structural Steel Buildings. Design of steel structures according to AISC specifications. Tension members, compact and non-compact compression columns, laterally unsupported beams, bolted moment connections, and braced frames. Targeted towards undergraduate and beginning graduate students in relevant university programs.",Civil,Coursera,Graduate
PHYS-204,Solid State and Condensed Matter Physics,"Solid State and Condensed Matter Physics. Electronic and crystal structure of solids. Bravais crystal lattices, X-ray Bragg diffraction, phonon vibrations, Bloch's theorem, energy band dispersion, and semiconductor electrical conduction. Prerequisites: Completion of introductory undergraduate coursework in relevant engineering or scientific disciplines.",Physics,MIT OpenCourseWare,Advanced Undergraduate
BIOT-678,Molecular Biology and Recombinant DNA Technology,"Molecular Biology and Recombinant DNA Technology. Molecular mechanisms of gene expression and genetic engineering. DNA replication, transcription, translation, restriction endonucleases, plasmid cloning vectors, CRISPR-Cas9 gene editing, and PCR amplification. Prerequisites: Solid foundational coursework in the discipline and consent of the department.",Biotechnology,Stanford Engineering Catalog,Undergraduate
BIOT-895,Molecular Biology and Recombinant DNA Technology,"Molecular Biology and Recombinant DNA Technology. Molecular mechanisms of gene expression and genetic engineering. DNA replication, transcription, translation, restriction endonucleases, plasmid cloning vectors, CRISPR-Cas9 gene editing, and PCR amplification. Recommended background: Prior exposure to core analytical concepts and methodological reasoning.",Biotechnology,Coursera,Advanced Undergraduate
CHEM-549,Chemical Reaction Engineering and Reactor Kinetics,"Chemical Reaction Engineering and Reactor Kinetics. Kinetics of homogeneous and heterogeneous chemical reactions. Ideal batch, continuous stirred-tank (CSTR), and plug flow reactors (PFR). Catalytic kinetics, non-isothermal reactor operation, and thermal runaway prevention. Prerequisites: Solid foundational coursework in the discipline and consent of the department.",Chemical Engineering,Stanford Engineering Catalog,Undergraduate
PHYS-218,Statistical Mechanics and Thermal Physics,"Statistical Mechanics and Thermal Physics. Microscopic foundations of macroscopic thermodynamic behavior. Microcanonical, canonical, and grand canonical ensembles, Maxwell-Boltzmann statistics, Bose-Einstein condensation, and Fermi-Dirac electron gas. Prerequisites: Completion of introductory undergraduate coursework in relevant engineering or scientific disciplines.",Physics,Harvard University Course Catalog,Undergraduate
HUMA-291,Modern Political Philosophy and Ethics,"Modern Political Philosophy and Ethics. Foundational theories of justice, rights, and political governance. Classical and modern political thought including Plato, Aristotle, Hobbes, Locke, Rousseau, Kantian deontology, and utilitarianism. Prerequisites: Solid foundational coursework in the discipline and consent of the department.",Humanities,edX,Graduate
MATH-698,Ordinary Differential Equations and Dynamical Systems,"Ordinary Differential Equations and Dynamical Systems. Linear and nonlinear ordinary differential equations. Existence and uniqueness theorems (Picard-Lindelof), phase portrait analysis, Lyapunov stability theory, and bifurcation behavior. Targeted towards undergraduate and beginning graduate students in relevant university programs.",Mathematics,MIT OpenCourseWare,Graduate
BUSI-667,"Business Ethics, Corporate Responsibility and Human Values","Business Ethics, Corporate Responsibility and Human Values. Ethical decision-making frameworks for corporate executives. Moral philosophy applied to capitalism, stakeholder rights, environmental sustainability (ESG), and cross-cultural business ethics. Targeted towards undergraduate and beginning graduate students in relevant university programs.",Business,UC Berkeley Academic Guide,Graduate
MECH-176,Micro-Electro-Mechanical Systems (MEMS) Actuators,"Micro-Electro-Mechanical Systems (MEMS) Actuators. Multiphysics design of silicon micro-actuators. Electrostatic comb drives, piezoelectric micro-beams, cleanroom photolithography fabrication, and coupled thermal-fluid simulation. Recommended background: Prior exposure to core analytical concepts and methodological reasoning.",Mechanical,Stanford Engineering Catalog,Graduate
CHEM-258,Chemical Process Dynamics and Automated Control,"Chemical Process Dynamics and Automated Control. Mathematical modeling of dynamic chemical processes. Laplace transforms, transfer functions, feedback PID controller tuning, feedback-feedforward control, frequency response analysis, and process stability limits. Prerequisites: Completion of introductory undergraduate coursework in relevant engineering or scientific disciplines.",Chemical Engineering,Stanford Engineering Catalog,Advanced Undergraduate
COMP-324,Advanced Operating Systems Design,"Advanced Operating Systems Design. Principles of operating system architecture, process scheduling, multithreading primitives, virtual memory management, inter-process communication, file system internals, and kernel concurrency synchronization locks. Targeted towards undergraduate and beginning graduate students in relevant university programs.",Computer Science,Coursera,Graduate
MECH-298,Mechanics of Deformable Solids,"Mechanics of Deformable Solids. Stress and strain tensors in structural elements. Axial loading, torsion of circular shafts, bending and shear stress distributions in beams, Mohr's circle analysis, column Euler buckling, and failure yield criteria. Recommended background: Prior exposure to core analytical concepts and methodological reasoning.",Mechanical,Coursera,Undergraduate
ELEC-516,Digital VLSI Architecture and Design,"Digital VLSI Architecture and Design. CMOS digital logic design and physical layout. Static and dynamic power consumption, propagation delay calculation, static timing analysis (STA), clock tree synthesis, and Verilog hardware description language. Targeted towards undergraduate and beginning graduate students in relevant university programs.",Electronics,Stanford Engineering Catalog,Advanced Undergraduate
CIVI-114,Design of Reinforced Concrete Structures,"Design of Reinforced Concrete Structures. Behavior and limit state design of reinforced concrete members. Ultimate flexural strength of beams, shear reinforcement detailing, one-way and two-way floor slabs, and axial-flexural interaction of columns. Recommended background: Prior exposure to core analytical concepts and methodological reasoning.",Civil,Coursera,Graduate
ELEC-406,Analog Integrated Circuit Design,"Analog Integrated Circuit Design. Analysis and design of CMOS analog integrated circuits. MOSFET small-signal modeling, single-stage and differential amplifiers, active current mirrors, frequency response, feedback stability margins, and SPICE op-amp simulation. Prerequisites: Solid foundational coursework in the discipline and consent of the department.",Electronics,UC Berkeley Academic Guide,Graduate
PHYS-684,Electrodynamics and Classical Field Theory,"Electrodynamics and Classical Field Theory. Maxwell's equations and relativistic electromagnetic fields. Gauge transformations, electromagnetic radiation from accelerating charges, wave guides, Poynting vector energy flow, and dipole radiation. Prerequisites: Completion of introductory undergraduate coursework in relevant engineering or scientific disciplines.",Physics,Stanford Engineering Catalog,Undergraduate
PHYS-879,Nuclear and High-Energy Particle Physics,"Nuclear and High-Energy Particle Physics. Structure and interactions of atomic nuclei and subatomic particles. Radioactive decay kinetics, nuclear fission and fusion reactors, quarks, leptons, gauge bosons, and Standard Model symmetries. Prerequisites: Completion of introductory undergraduate coursework in relevant engineering or scientific disciplines.",Physics,Coursera,Graduate
BUSI-338,Entrepreneurial Finance and Venture Capital,"Entrepreneurial Finance and Venture Capital. Financing emerging high-growth ventures. Term sheets, convertible notes, venture valuation methods, capitalization tables, angel financing, and startup exit strategies. Targeted towards undergraduate and beginning graduate students in relevant university programs.",Business,Coursera,Undergraduate
CHEM-109,Chemical Process Dynamics and Automated Control,"Chemical Process Dynamics and Automated Control. Mathematical modeling of dynamic chemical processes. Laplace transforms, transfer functions, feedback PID controller tuning, feedback-feedforward control, frequency response analysis, and process stability limits. Prerequisites: Upper-division undergraduate standing and permission of the instructor.",Chemical Engineering,edX,Advanced Undergraduate
BUSI-654,Organizational Behavior and Leadership,"Organizational Behavior and Leadership. Behavioral dynamics within modern corporations. Team leadership, employee motivation theories, transformational leadership styles, organizational culture, conflict management, and change execution. Prerequisites: Completion of introductory undergraduate coursework in relevant engineering or scientific disciplines.",Business,Stanford Engineering Catalog,Undergraduate
CIVI-533,Environmental Fluid Mechanics and Contaminant Transport,"Environmental Fluid Mechanics and Contaminant Transport. Fluid dynamics and mass transport in aquatic environments. Advection-diffusion equation, turbulent mixing in natural rivers, groundwater pollutant migration, and hydrologic basin modeling. Prerequisites: Solid foundational coursework in the discipline and consent of the department.",Civil,MIT OpenCourseWare,Graduate
MATH-838,Probability Theory and Mathematical Statistics,"Probability Theory and Mathematical Statistics. Measure-theoretic probability foundations. Random variables, characteristic functions, laws of large numbers, central limit theorem, and maximum likelihood statistical estimation. Prerequisites: Upper-division undergraduate standing and permission of the instructor.",Mathematics,Coursera,Graduate
COMP-865,Relational Database Management Systems,"Relational Database Management Systems. Database management internals, relational data algebra, declarative SQL optimization, B+ tree indexing structures, query execution plans, ACID transaction concurrency, and write-ahead logging protocols. Prerequisites: Solid foundational coursework in the discipline and consent of the department.",Computer Science,MIT OpenCourseWare,Advanced Undergraduate
CIVI-565,Highway Geometric Design and Planning,"Highway Geometric Design and Planning. Principles of highway engineering. Horizontal and vertical alignment curves, sight distance requirements, highway cross-sections, intersection channelization, and AASHTO geometric standards. Targeted towards undergraduate and beginning graduate students in relevant university programs.",Civil,MIT OpenCourseWare,Graduate
BIOT-741,Bioprocess Engineering and Microbial Fermentation,"Bioprocess Engineering and Microbial Fermentation. Engineering principles of microbial cell cultivation. Stoichiometry of cell growth, batch and fed-batch fermentation kinetics, oxygen mass transfer rate (kLa), bioreactor scale-up, and continuous bioprocessing. Prerequisites: Completion of introductory undergraduate coursework in relevant engineering or scientific disciplines.",Biotechnology,MIT OpenCourseWare,Graduate
MATH-498,Probability Theory and Mathematical Statistics,"Probability Theory and Mathematical Statistics. Measure-theoretic probability foundations. Random variables, characteristic functions, laws of large numbers, central limit theorem, and maximum likelihood statistical estimation. Targeted towards undergraduate and beginning graduate students in relevant university programs.",Mathematics,Stanford Engineering Catalog,Advanced Undergraduate
BUSI-452,Corporate Finance and Capital Structure,"Corporate Finance and Capital Structure. Financial decision making in corporations. Capital budgeting discounted cash flows (NPV, IRR), weighted average cost of capital (WACC), debt vs equity financing, dividend policy, and corporate governance. Prerequisites: Upper-division undergraduate standing and permission of the instructor.",Business,Harvard University Course Catalog,Undergraduate
MECH-214,Viscous Fluid Dynamics,"Viscous Fluid Dynamics. Continuity, momentum, and energy conservation equations in fluid motion (Navier-Stokes equations). Incompressible viscous laminar flows, boundary layer separation, turbulent pipe flow, Moody friction diagrams, and aerodynamic drag. Recommended background: Prior exposure to core analytical concepts and methodological reasoning.",Mechanical,UC Berkeley Academic Guide,Graduate
HUMA-200,Epistemology and Philosophy of Mind,"Epistemology and Philosophy of Mind. Philosophical inquiry into the nature of knowledge, truth, and mental consciousness. Rationalism vs empiricism, skeptical arguments, dualism, functionalism, intentionality, and cognitive experience. Prerequisites: Solid foundational coursework in the discipline and consent of the department.",Humanities,Coursera,Undergraduate
CIVI-392,Design of Reinforced Concrete Structures,"Design of Reinforced Concrete Structures. Behavior and limit state design of reinforced concrete members. Ultimate flexural strength of beams, shear reinforcement detailing, one-way and two-way floor slabs, and axial-flexural interaction of columns. Prerequisites: Completion of introductory undergraduate coursework in relevant engineering or scientific disciplines.",Civil,UC Berkeley Academic Guide,Undergraduate
CIVI-468,Structural Analysis and Matrix Methods,"Structural Analysis and Matrix Methods. Static analysis of indeterminate structural frames, trusses, and continuous beams. Moment distribution, slope deflection methods, influence lines, virtual work energy principles, and stiffness matrix formulations. Targeted towards undergraduate and beginning graduate students in relevant university programs.",Civil,Stanford Engineering Catalog,Undergraduate
BUSI-222,Investment Analysis and Portfolio Management,"Investment Analysis and Portfolio Management. Modern portfolio theory and capital asset pricing model (CAPM). Efficient market hypothesis, equity valuation models, fixed-income duration and convexity, hedge fund strategies, and risk metrics. Targeted towards undergraduate and beginning graduate students in relevant university programs.",Business,Coursera,Graduate
COMP-378,Distributed Cloud Systems Architecture,"Distributed Cloud Systems Architecture. Architectural principles of fault-tolerant distributed systems. Consensus algorithms (Paxos, Raft), replication consistency models, remote procedure calls (RPC), distributed key-value stores, and cloud microservices. Prerequisites: Completion of introductory undergraduate coursework in relevant engineering or scientific disciplines.",Computer Science,edX,Advanced Undergraduate
BIOT-270,Bioprocess Engineering and Microbial Fermentation,"Bioprocess Engineering and Microbial Fermentation. Engineering principles of microbial cell cultivation. Stoichiometry of cell growth, batch and fed-batch fermentation kinetics, oxygen mass transfer rate (kLa), bioreactor scale-up, and continuous bioprocessing. Recommended background: Prior exposure to core analytical concepts and methodological reasoning.",Biotechnology,Stanford Engineering Catalog,Graduate
BIOT-236,Molecular Biology and Recombinant DNA Technology,"Molecular Biology and Recombinant DNA Technology. Molecular mechanisms of gene expression and genetic engineering. DNA replication, transcription, translation, restriction endonucleases, plasmid cloning vectors, CRISPR-Cas9 gene editing, and PCR amplification. Prerequisites: Upper-division undergraduate standing and permission of the instructor.",Biotechnology,Coursera,Undergraduate
ELEC-772,Wireless Communications and RF Systems,"Wireless Communications and RF Systems. Physical principles of wireless transmission. Digital modulation formats (QAM, PSK), multipath fading channel modeling, orthogonal frequency division multiplexing (OFDM), and MIMO multi-antenna beamforming. Recommended background: Prior exposure to core analytical concepts and methodological reasoning.",Electronics,edX,Graduate
BUSI-661,Organizational Behavior and Leadership,"Organizational Behavior and Leadership. Behavioral dynamics within modern corporations. Team leadership, employee motivation theories, transformational leadership styles, organizational culture, conflict management, and change execution. Prerequisites: Solid foundational coursework in the discipline and consent of the department.",Business,MIT OpenCourseWare,Graduate
BIOT-770,Cellular Biochemistry and Metabolic Pathways,"Cellular Biochemistry and Metabolic Pathways. Structure and function of cellular macromolecules. Enzymatic biocatalysis, metabolic pathways (glycolysis, citric acid cycle, oxidative phosphorylation), bioenergetics, and allosteric enzyme regulation. Recommended background: Prior exposure to core analytical concepts and methodological reasoning.",Biotechnology,Coursera,Advanced Undergraduate
MECH-275,Mechanical Elements Machine Design,"Mechanical Elements Machine Design. Design principles for mechanical machine components. Fatigue loading life calculation, hydrodynamic journal bearings, spur and helical gear rating, bolted joint preload, compression springs, clutches, and brakes. Prerequisites: Solid foundational coursework in the discipline and consent of the department.",Mechanical,Stanford Engineering Catalog,Undergraduate
CIVI-890,Environmental Fluid Mechanics and Contaminant Transport,"Environmental Fluid Mechanics and Contaminant Transport. Fluid dynamics and mass transport in aquatic environments. Advection-diffusion equation, turbulent mixing in natural rivers, groundwater pollutant migration, and hydrologic basin modeling. Prerequisites: Solid foundational coursework in the discipline and consent of the department.",Civil,Stanford Engineering Catalog,Graduate
ELEC-343,Digital Signal Processing Systems,"Digital Signal Processing Systems. Theory and implementation of discrete-time signals and systems. Z-transforms, discrete Fourier transform (DFT), fast Fourier transform (FFT), FIR and IIR digital filter design, and hardware DSP architectures. Targeted towards undergraduate and beginning graduate students in relevant university programs.",Electronics,edX,Undergraduate
MATH-746,Complex Analysis and Conformal Mapping,"Complex Analysis and Conformal Mapping. Theory of functions of a complex variable. Cauchy-Riemann equations, Cauchy's integral theorem, Taylor and Laurent series expansions, residue calculus, contour integrals, and conformal mappings. Prerequisites: Completion of introductory undergraduate coursework in relevant engineering or scientific disciplines.",Mathematics,Stanford Engineering Catalog,Graduate
BUSI-137,Strategic Marketing and Brand Positioning,"Strategic Marketing and Brand Positioning. Core marketing management frameworks. Market segmentation, targeting, and brand positioning (STP), customer lifetime value, pricing strategies, promotional channels, and brand equity development. Targeted towards undergraduate and beginning graduate students in relevant university programs.",Business,Coursera,Undergraduate
PHYS-584,General Relativity and Gravitational Physics,"General Relativity and Gravitational Physics. Geometric theory of gravitation. Tensor calculus on Riemannian manifolds, Einstein field equations, geodesic motion in curved spacetime, Schwarzschild black holes, and gravitational waves. Prerequisites: Completion of introductory undergraduate coursework in relevant engineering or scientific disciplines.",Physics,UC Berkeley Academic Guide,Graduate
BUSI-501,Organizational Behavior and Leadership,"Organizational Behavior and Leadership. Behavioral dynamics within modern corporations. Team leadership, employee motivation theories, transformational leadership styles, organizational culture, conflict management, and change execution. Targeted towards undergraduate and beginning graduate students in relevant university programs.",Business,UC Berkeley Academic Guide,Undergraduate
HUMA-145,Critical Media Studies and Cultural Communication,"Critical Media Studies and Cultural Communication. Critical analysis of mass media institutions, digital communication networks, and popular culture. Semiotic media decoding, ideological framing, digital disinformation, and algorithmic culture. Prerequisites: Upper-division undergraduate standing and permission of the instructor.",Humanities,Harvard University Course Catalog,Graduate
MECH-797,Conduction and Convective Heat Transfer,"Conduction and Convective Heat Transfer. Heat transfer mechanisms in mechanical systems. Steady and transient conduction, Fourier's law, forced and natural convection boundary layers, dimensionless Nusselt numbers, and heat exchanger effectiveness (NTU method). Prerequisites: Solid foundational coursework in the discipline and consent of the department.",Mechanical,edX,Graduate
PHYS-503,Solid State and Condensed Matter Physics,"Solid State and Condensed Matter Physics. Electronic and crystal structure of solids. Bravais crystal lattices, X-ray Bragg diffraction, phonon vibrations, Bloch's theorem, energy band dispersion, and semiconductor electrical conduction. Targeted towards undergraduate and beginning graduate students in relevant university programs.",Physics,MIT OpenCourseWare,Graduate
CIVI-697,Hydraulic Engineering and Open Channel Flow,"Hydraulic Engineering and Open Channel Flow. Fluid flow in open channels and pipe networks. Manning's uniform flow equation, specific energy, hydraulic jumps, gradually varied flow profile computations, and culvert hydraulic sizing. Recommended background: Prior exposure to core analytical concepts and methodological reasoning.",Civil,UC Berkeley Academic Guide,Graduate
PHYS-188,Quantum Mechanics and Atomic Structure,"Quantum Mechanics and Atomic Structure. Fundamental postulates of quantum mechanics. Wave-particle duality, Schrodinger wave equation, square wells, quantum harmonic oscillator, angular momentum operators, and hydrogen atom quantum states. Prerequisites: Solid foundational coursework in the discipline and consent of the department.",Physics,Coursera,Graduate
HUMA-219,Critical Media Studies and Cultural Communication,"Critical Media Studies and Cultural Communication. Critical analysis of mass media institutions, digital communication networks, and popular culture. Semiotic media decoding, ideological framing, digital disinformation, and algorithmic culture. Prerequisites: Upper-division undergraduate standing and permission of the instructor.",Humanities,Coursera,Advanced Undergraduate
MATH-628,Real Analysis and Measure Theory,"Real Analysis and Measure Theory. Rigorous mathematical analysis of Euclidean spaces. Metric topologies, compactness, sequences, Cauchy convergence, Riemann-Stieltjes integration, Lebesgue measure, and dominated convergence theorem. Prerequisites: Solid foundational coursework in the discipline and consent of the department.",Mathematics,Harvard University Course Catalog,Advanced Undergraduate
MECH-648,Micro-Electro-Mechanical Systems (MEMS) Actuators,"Micro-Electro-Mechanical Systems (MEMS) Actuators. Multiphysics design of silicon micro-actuators. Electrostatic comb drives, piezoelectric micro-beams, cleanroom photolithography fabrication, and coupled thermal-fluid simulation. Recommended background: Prior exposure to core analytical concepts and methodological reasoning.",Mechanical,Stanford Engineering Catalog,Undergraduate
CHEM-296,Chemical Process Dynamics and Automated Control,"Chemical Process Dynamics and Automated Control. Mathematical modeling of dynamic chemical processes. Laplace transforms, transfer functions, feedback PID controller tuning, feedback-feedforward control, frequency response analysis, and process stability limits. Prerequisites: Completion of introductory undergraduate coursework in relevant engineering or scientific disciplines.",Chemical Engineering,Harvard University Course Catalog,Graduate
CIVI-527,Design of Reinforced Concrete Structures,"Design of Reinforced Concrete Structures. Behavior and limit state design of reinforced concrete members. Ultimate flexural strength of beams, shear reinforcement detailing, one-way and two-way floor slabs, and axial-flexural interaction of columns. Targeted towards undergraduate and beginning graduate students in relevant university programs.",Civil,UC Berkeley Academic Guide,Advanced Undergraduate
BUSI-895,Competitive Strategy and Industry Analysis,"Competitive Strategy and Industry Analysis. Frameworks for establishing sustainable competitive advantage. Porter's Five Forces, resource-based view of the firm, value chain configuration, corporate diversification, and industry disruption. Prerequisites: Solid foundational coursework in the discipline and consent of the department.",Business,edX,Undergraduate
BUSI-697,"Business Ethics, Corporate Responsibility and Human Values","Business Ethics, Corporate Responsibility and Human Values. Ethical decision-making frameworks for corporate executives. Moral philosophy applied to capitalism, stakeholder rights, environmental sustainability (ESG), and cross-cultural business ethics. Prerequisites: Solid foundational coursework in the discipline and consent of the department.",Business,Harvard University Course Catalog,Graduate
CIVI-392,Design of Structural Steel Buildings,"Design of Structural Steel Buildings. Design of steel structures according to AISC specifications. Tension members, compact and non-compact compression columns, laterally unsupported beams, bolted moment connections, and braced frames. Targeted towards undergraduate and beginning graduate students in relevant university programs.",Civil,edX,Advanced Undergraduate
MECH-506,Classical Applied Thermodynamics,"Classical Applied Thermodynamics. Fundamental thermodynamic principles for engineering systems. First and second laws, closed and control volume energy balance, entropy generation, exergy analysis, vapor power Rankine cycles, and gas turbine Brayton cycles. Prerequisites: Completion of introductory undergraduate coursework in relevant engineering or scientific disciplines.",Mechanical,Harvard University Course Catalog,Advanced Undergraduate
ELEC-523,Analog Integrated Circuit Design,"Analog Integrated Circuit Design. Analysis and design of CMOS analog integrated circuits. MOSFET small-signal modeling, single-stage and differential amplifiers, active current mirrors, frequency response, feedback stability margins, and SPICE op-amp simulation. Prerequisites: Completion of introductory undergraduate coursework in relevant engineering or scientific disciplines.",Electronics,Coursera,Graduate
BIOT-166,Agricultural Biotechnology and Crop Genetic Engineering,"Agricultural Biotechnology and Crop Genetic Engineering. Application of genetic modification in plant science. Agrobacterium-mediated plant transformation, transgenic crop development, herbicide tolerance traits, pest resistance mechanisms, and biosafety protocols. Targeted towards undergraduate and beginning graduate students in relevant university programs.",Biotechnology,UC Berkeley Academic Guide,Graduate
PHYS-536,Quantum Information Theory and Quantum Gates,"Quantum Information Theory and Quantum Gates. Physics of quantum computing architectures. Qubits, superposition states, quantum entanglement, unitary quantum logic gates, decoherence models, and quantum error-correcting codes. Prerequisites: Upper-division undergraduate standing and permission of the instructor.",Physics,Coursera,Undergraduate
COMP-563,Advanced Operating Systems Design,"Advanced Operating Systems Design. Principles of operating system architecture, process scheduling, multithreading primitives, virtual memory management, inter-process communication, file system internals, and kernel concurrency synchronization locks. Targeted towards undergraduate and beginning graduate students in relevant university programs.",Computer Science,UC Berkeley Academic Guide,Undergraduate
CHEM-491,Process Safety and Plant Design in Chemical Industry,"Process Safety and Plant Design in Chemical Industry. Design and hazard mitigation in chemical production facilities. Process flow diagrams (PFD), piping and instrumentation diagrams (P&ID), HAZOP safety reviews, pressure relief sizing, and capital cost estimation. Prerequisites: Solid foundational coursework in the discipline and consent of the department.",Chemical Engineering,Coursera,Advanced Undergraduate
BUSI-349,Corporate Finance and Capital Structure,"Corporate Finance and Capital Structure. Financial decision making in corporations. Capital budgeting discounted cash flows (NPV, IRR), weighted average cost of capital (WACC), debt vs equity financing, dividend policy, and corporate governance. Prerequisites: Upper-division undergraduate standing and permission of the instructor.",Business,UC Berkeley Academic Guide,Undergraduate
HUMA-274,Cognitive Linguistics and Semantic Structures,"Cognitive Linguistics and Semantic Structures. Scientific study of human language and mental grammars. Phonology, morphological derivation, Chomskyan transformational syntax, cognitive semantics, pragmatic context, and sociolinguistics. Targeted towards undergraduate and beginning graduate students in relevant university programs.",Humanities,edX,Advanced Undergraduate
PHYS-133,Statistical Mechanics and Thermal Physics,"Statistical Mechanics and Thermal Physics. Microscopic foundations of macroscopic thermodynamic behavior. Microcanonical, canonical, and grand canonical ensembles, Maxwell-Boltzmann statistics, Bose-Einstein condensation, and Fermi-Dirac electron gas. Prerequisites: Completion of introductory undergraduate coursework in relevant engineering or scientific disciplines.",Physics,Stanford Engineering Catalog,Advanced Undergraduate
CIVI-576,Environmental Fluid Mechanics and Contaminant Transport,"Environmental Fluid Mechanics and Contaminant Transport. Fluid dynamics and mass transport in aquatic environments. Advection-diffusion equation, turbulent mixing in natural rivers, groundwater pollutant migration, and hydrologic basin modeling. Prerequisites: Completion of introductory undergraduate coursework in relevant engineering or scientific disciplines.",Civil,MIT OpenCourseWare,Undergraduate
MECH-629,Mechanics of Deformable Solids,"Mechanics of Deformable Solids. Stress and strain tensors in structural elements. Axial loading, torsion of circular shafts, bending and shear stress distributions in beams, Mohr's circle analysis, column Euler buckling, and failure yield criteria. Prerequisites: Solid foundational coursework in the discipline and consent of the department.",Mechanical,MIT OpenCourseWare,Advanced Undergraduate
COMP-780,Modern Compiler Construction,"Modern Compiler Construction. Theory and design of programming language compilers. Lexical analysis, context-free grammars, LL/LR parsing, intermediate representations (SSA form), data-flow optimization, and machine code generation. Prerequisites: Upper-division undergraduate standing and permission of the instructor.",Computer Science,MIT OpenCourseWare,Graduate
CIVI-693,Foundation Engineering and Deep Foundations,"Foundation Engineering and Deep Foundations. Geotechnical design of substructures. Ultimate bearing capacity of shallow spread footings, settlement calculations, driven pile foundations, drilled shafts, and retaining wall lateral earth pressures. Prerequisites: Completion of introductory undergraduate coursework in relevant engineering or scientific disciplines.",Civil,UC Berkeley Academic Guide,Graduate
CIVI-691,Geotechnical Soil Mechanics,"Geotechnical Soil Mechanics. Fundamental physical and engineering properties of soils. Soil classification, Darcy's permeability law, 1D Terzaghi consolidation theory, effective stress, and Mohr-Coulomb shear strength criteria. Targeted towards undergraduate and beginning graduate students in relevant university programs.",Civil,UC Berkeley Academic Guide,Graduate
ELEC-452,Digital VLSI Architecture and Design,"Digital VLSI Architecture and Design. CMOS digital logic design and physical layout. Static and dynamic power consumption, propagation delay calculation, static timing analysis (STA), clock tree synthesis, and Verilog hardware description language. Targeted towards undergraduate and beginning graduate students in relevant university programs.",Electronics,Harvard University Course Catalog,Undergraduate
PHYS-372,Nuclear and High-Energy Particle Physics,"Nuclear and High-Energy Particle Physics. Structure and interactions of atomic nuclei and subatomic particles. Radioactive decay kinetics, nuclear fission and fusion reactors, quarks, leptons, gauge bosons, and Standard Model symmetries. Prerequisites: Solid foundational coursework in the discipline and consent of the department.",Physics,MIT OpenCourseWare,Graduate
CIVI-677,Environmental Fluid Mechanics and Contaminant Transport,"Environmental Fluid Mechanics and Contaminant Transport. Fluid dynamics and mass transport in aquatic environments. Advection-diffusion equation, turbulent mixing in natural rivers, groundwater pollutant migration, and hydrologic basin modeling. Prerequisites: Upper-division undergraduate standing and permission of the instructor.",Civil,Stanford Engineering Catalog,Undergraduate
COMP-212,Design and Analysis of Algorithms,"Design and Analysis of Algorithms. Fundamental algorithmic design paradigms including divide-and-conquer, greedy optimization, dynamic programming, network flow algorithms, and graph traversals. Worst-case amortized time analysis and NP-completeness reductions are rigorously studied. Prerequisites: Upper-division undergraduate standing and permission of the instructor.",Computer Science,UC Berkeley Academic Guide,Advanced Undergraduate
CIVI-729,Environmental Water Treatment Engineering,"Environmental Water Treatment Engineering. Physical, chemical, and biological unit operations for municipal water purification. Coagulation, flocculation, rapid sand filtration, chlorination disinfection, and activated sludge wastewater treatment. Prerequisites: Completion of introductory undergraduate coursework in relevant engineering or scientific disciplines.",Civil,edX,Advanced Undergraduate
HUMA-659,Art History and Visual Cultural Theory,"Art History and Visual Cultural Theory. Evolution of visual art forms and aesthetic theories. Renaissance perspective, Baroque movement, Modernist avant-garde movements, iconography analysis, and museum curatorial practices. Prerequisites: Completion of introductory undergraduate coursework in relevant engineering or scientific disciplines.",Humanities,Stanford Engineering Catalog,Advanced Undergraduate
CIVI-360,Hydraulic Engineering and Open Channel Flow,"Hydraulic Engineering and Open Channel Flow. Fluid flow in open channels and pipe networks. Manning's uniform flow equation, specific energy, hydraulic jumps, gradually varied flow profile computations, and culvert hydraulic sizing. Prerequisites: Upper-division undergraduate standing and permission of the instructor.",Civil,edX,Graduate
COMP-895,Relational Database Management Systems,"Relational Database Management Systems. Database management internals, relational data algebra, declarative SQL optimization, B+ tree indexing structures, query execution plans, ACID transaction concurrency, and write-ahead logging protocols. Recommended background: Prior exposure to core analytical concepts and methodological reasoning.",Computer Science,UC Berkeley Academic Guide,Advanced Undergraduate
BIOT-238,Bioinformatics and Computational Genomics,"Bioinformatics and Computational Genomics. Computational methods for analyzing biological sequence data. Pairwise and multiple sequence alignment (BLAST), hidden Markov models, genome assembly, phylogenetic trees, and protein structural modeling. Prerequisites: Completion of introductory undergraduate coursework in relevant engineering or scientific disciplines.",Biotechnology,UC Berkeley Academic Guide,Graduate
PHYS-311,Laser Physics and Modern Quantum Optics,"Laser Physics and Modern Quantum Optics. Physics of coherent optical radiation. Spontaneous and stimulated emission, population inversion, optical resonators, laser cavity modes, photon quantization, and nonlinear optical effects. Prerequisites: Upper-division undergraduate standing and permission of the instructor.",Physics,Coursera,Undergraduate
CHEM-689,Biochemical Processing and Enzyme Reactors,"Biochemical Processing and Enzyme Reactors. Application of reaction engineering principles to biological catalysts. Michaelis-Menten kinetics in CSTRs, aeration mass transfer in fermenters, and downstream recovery of bio-products. Targeted towards undergraduate and beginning graduate students in relevant university programs.",Chemical Engineering,MIT OpenCourseWare,Graduate
CHEM-858,Polymer Reaction Engineering and Processing,"Polymer Reaction Engineering and Processing. Polymerization kinetics and processing techniques. Step-growth and chain-growth polymerization, molecular weight distribution modeling, rheology of non-Newtonian polymer melts, and extrusion molding. Recommended background: Prior exposure to core analytical concepts and methodological reasoning.",Chemical Engineering,Stanford Engineering Catalog,Undergraduate
BIOT-812,Agricultural Biotechnology and Crop Genetic Engineering,"Agricultural Biotechnology and Crop Genetic Engineering. Application of genetic modification in plant science. Agrobacterium-mediated plant transformation, transgenic crop development, herbicide tolerance traits, pest resistance mechanisms, and biosafety protocols. Prerequisites: Upper-division undergraduate standing and permission of the instructor.",Biotechnology,edX,Graduate
PHYS-586,Nuclear and High-Energy Particle Physics,"Nuclear and High-Energy Particle Physics. Structure and interactions of atomic nuclei and subatomic particles. Radioactive decay kinetics, nuclear fission and fusion reactors, quarks, leptons, gauge bosons, and Standard Model symmetries. Recommended background: Prior exposure to core analytical concepts and methodological reasoning.",Physics,UC Berkeley Academic Guide,Undergraduate
MATH-105,Complex Analysis and Conformal Mapping,"Complex Analysis and Conformal Mapping. Theory of functions of a complex variable. Cauchy-Riemann equations, Cauchy's integral theorem, Taylor and Laurent series expansions, residue calculus, contour integrals, and conformal mappings. Targeted towards undergraduate and beginning graduate students in relevant university programs.",Mathematics,Harvard University Course Catalog,Graduate
BIOT-127,Industrial Microbiology and Downstream Processing,"Industrial Microbiology and Downstream Processing. Production of pharmaceuticals and industrial metabolites using microbes. Secondary metabolite biosynthesis, cell disruption techniques, centrifugation, ultrafiltration, and preparative chromatography. Prerequisites: Solid foundational coursework in the discipline and consent of the department.",Biotechnology,UC Berkeley Academic Guide,Undergraduate
COMP-579,Deep Learning and Neural Representation,"Deep Learning and Neural Representation. Theoretical foundations and architectures of deep neural networks. Convolutional neural networks, recurrent architectures, transformer self-attention, loss surface optimization, backpropagation calculus, and GPU model training. Targeted towards undergraduate and beginning graduate students in relevant university programs.",Computer Science,Coursera,Graduate
COMP-794,Principles of Cybersecurity and Cryptography,"Principles of Cybersecurity and Cryptography. Foundations of computer systems security. Cryptographic primitives, symmetric and asymmetric ciphers, public-key infrastructure, memory exploit defenses, buffer overflows, and zero-trust security architectures. Targeted towards undergraduate and beginning graduate students in relevant university programs.",Computer Science,Harvard University Course Catalog,Undergraduate
COMP-665,Computer Networks and Internet Protocols,"Computer Networks and Internet Protocols. Architecture and layered protocols of internet systems. TCP flow and congestion control, BGP routing protocols, packet switching, DNS resolution, transport layer security (TLS), and software-defined networking. Recommended background: Prior exposure to core analytical concepts and methodological reasoning.",Computer Science,MIT OpenCourseWare,Graduate
MATH-390,Ordinary Differential Equations and Dynamical Systems,"Ordinary Differential Equations and Dynamical Systems. Linear and nonlinear ordinary differential equations. Existence and uniqueness theorems (Picard-Lindelof), phase portrait analysis, Lyapunov stability theory, and bifurcation behavior. Prerequisites: Completion of introductory undergraduate coursework in relevant engineering or scientific disciplines.",Mathematics,Harvard University Course Catalog,Graduate
CHEM-526,Chemical Engineering Thermodynamics and Phase Equilibria,"Chemical Engineering Thermodynamics and Phase Equilibria. Thermodynamics of multicomponent fluid mixtures. Equations of state (Peng-Robinson), chemical potentials, fugacity coefficients, activity coefficient models (NRTL, UNIQUAC), and vapor-liquid equilibria (VLE). Targeted towards undergraduate and beginning graduate students in relevant university programs.",Chemical Engineering,Coursera,Undergraduate
PHYS-894,Quantum Information Theory and Quantum Gates,"Quantum Information Theory and Quantum Gates. Physics of quantum computing architectures. Qubits, superposition states, quantum entanglement, unitary quantum logic gates, decoherence models, and quantum error-correcting codes. Prerequisites: Upper-division undergraduate standing and permission of the instructor.",Physics,MIT OpenCourseWare,Undergraduate
BUSI-727,Operations and Global Supply Chain Management,"Operations and Global Supply Chain Management. Design and control of operational supply chains. Process bottleneck analysis, Little's Law, aggregate production planning, economic order quantity (EOQ), safety stock, and lean manufacturing. Targeted towards undergraduate and beginning graduate students in relevant university programs.",Business,MIT OpenCourseWare,Undergraduate
CIVI-774,Environmental Water Treatment Engineering,"Environmental Water Treatment Engineering. Physical, chemical, and biological unit operations for municipal water purification. Coagulation, flocculation, rapid sand filtration, chlorination disinfection, and activated sludge wastewater treatment. Targeted towards undergraduate and beginning graduate students in relevant university programs.",Civil,Stanford Engineering Catalog,Graduate
MATH-231,Real Analysis and Measure Theory,"Real Analysis and Measure Theory. Rigorous mathematical analysis of Euclidean spaces. Metric topologies, compactness, sequences, Cauchy convergence, Riemann-Stieltjes integration, Lebesgue measure, and dominated convergence theorem. Prerequisites: Upper-division undergraduate standing and permission of the instructor.",Mathematics,Stanford Engineering Catalog,Advanced Undergraduate
ELEC-611,Microprocessor Hardware and Interfacing,"Microprocessor Hardware and Interfacing. Architecture of 32-bit RISC microcontrollers. Instruction pipelines, memory hierarchies, cache organization, bus protocols, interrupt controllers, timer peripherals, SPI/I2C interfaces, and low-level firmware integration. Recommended background: Prior exposure to core analytical concepts and methodological reasoning.",Electronics,UC Berkeley Academic Guide,Advanced Undergraduate
MATH-217,Real Analysis and Measure Theory,"Real Analysis and Measure Theory. Rigorous mathematical analysis of Euclidean spaces. Metric topologies, compactness, sequences, Cauchy convergence, Riemann-Stieltjes integration, Lebesgue measure, and dominated convergence theorem. Recommended background: Prior exposure to core analytical concepts and methodological reasoning.",Mathematics,Harvard University Course Catalog,Graduate
MATH-428,Advanced Linear Algebra and Vector Spaces,"Advanced Linear Algebra and Vector Spaces. Vector spaces over arbitrary fields. Linear transformations, dual spaces, spectral theorem for normal operators, Jordan canonical forms, minimal polynomials, and inner product geometry. Prerequisites: Completion of introductory undergraduate coursework in relevant engineering or scientific disciplines.",Mathematics,Stanford Engineering Catalog,Advanced Undergraduate
MECH-882,Conduction and Convective Heat Transfer,"Conduction and Convective Heat Transfer. Heat transfer mechanisms in mechanical systems. Steady and transient conduction, Fourier's law, forced and natural convection boundary layers, dimensionless Nusselt numbers, and heat exchanger effectiveness (NTU method). Prerequisites: Solid foundational coursework in the discipline and consent of the department.",Mechanical,Stanford Engineering Catalog,Undergraduate
BUSI-214,Strategic Marketing and Brand Positioning,"Strategic Marketing and Brand Positioning. Core marketing management frameworks. Market segmentation, targeting, and brand positioning (STP), customer lifetime value, pricing strategies, promotional channels, and brand equity development. Prerequisites: Upper-division undergraduate standing and permission of the instructor.",Business,Harvard University Course Catalog,Undergraduate
CIVI-398,Design of Reinforced Concrete Structures,"Design of Reinforced Concrete Structures. Behavior and limit state design of reinforced concrete members. Ultimate flexural strength of beams, shear reinforcement detailing, one-way and two-way floor slabs, and axial-flexural interaction of columns. Prerequisites: Upper-division undergraduate standing and permission of the instructor.",Civil,Harvard University Course Catalog,Undergraduate
BIOT-433,Immunology and Monoclonal Antibody Technology,"Immunology and Monoclonal Antibody Technology. Principles of humoral and cell-mediated immunity. Antigen recognition, antibody structure, hybridoma technology, recombinant therapeutic monoclonal antibodies, ELISA assays, and immunotherapy design. Prerequisites: Solid foundational coursework in the discipline and consent of the department.",Biotechnology,MIT OpenCourseWare,Graduate
BUSI-768,Investment Analysis and Portfolio Management,"Investment Analysis and Portfolio Management. Modern portfolio theory and capital asset pricing model (CAPM). Efficient market hypothesis, equity valuation models, fixed-income duration and convexity, hedge fund strategies, and risk metrics. Targeted towards undergraduate and beginning graduate students in relevant university programs.",Business,UC Berkeley Academic Guide,Undergraduate
HUMA-836,Critical Media Studies and Cultural Communication,"Critical Media Studies and Cultural Communication. Critical analysis of mass media institutions, digital communication networks, and popular culture. Semiotic media decoding, ideological framing, digital disinformation, and algorithmic culture. Prerequisites: Completion of introductory undergraduate coursework in relevant engineering or scientific disciplines.",Humanities,Coursera,Advanced Undergraduate
PHYS-295,Laser Physics and Modern Quantum Optics,"Laser Physics and Modern Quantum Optics. Physics of coherent optical radiation. Spontaneous and stimulated emission, population inversion, optical resonators, laser cavity modes, photon quantization, and nonlinear optical effects. Recommended background: Prior exposure to core analytical concepts and methodological reasoning.",Physics,Coursera,Graduate
CIVI-341,Geotechnical Soil Mechanics,"Geotechnical Soil Mechanics. Fundamental physical and engineering properties of soils. Soil classification, Darcy's permeability law, 1D Terzaghi consolidation theory, effective stress, and Mohr-Coulomb shear strength criteria. Prerequisites: Upper-division undergraduate standing and permission of the instructor.",Civil,Harvard University Course Catalog,Undergraduate
MATH-635,Real Analysis and Measure Theory,"Real Analysis and Measure Theory. Rigorous mathematical analysis of Euclidean spaces. Metric topologies, compactness, sequences, Cauchy convergence, Riemann-Stieltjes integration, Lebesgue measure, and dominated convergence theorem. Recommended background: Prior exposure to core analytical concepts and methodological reasoning.",Mathematics,Coursera,Advanced Undergraduate
MATH-890,Ordinary Differential Equations and Dynamical Systems,"Ordinary Differential Equations and Dynamical Systems. Linear and nonlinear ordinary differential equations. Existence and uniqueness theorems (Picard-Lindelof), phase portrait analysis, Lyapunov stability theory, and bifurcation behavior. Prerequisites: Solid foundational coursework in the discipline and consent of the department.",Mathematics,Stanford Engineering Catalog,Undergraduate
CIVI-811,Foundation Engineering and Deep Foundations,"Foundation Engineering and Deep Foundations. Geotechnical design of substructures. Ultimate bearing capacity of shallow spread footings, settlement calculations, driven pile foundations, drilled shafts, and retaining wall lateral earth pressures. Targeted towards undergraduate and beginning graduate students in relevant university programs.",Civil,UC Berkeley Academic Guide,Undergraduate
BUSI-738,Corporate Finance and Capital Structure,"Corporate Finance and Capital Structure. Financial decision making in corporations. Capital budgeting discounted cash flows (NPV, IRR), weighted average cost of capital (WACC), debt vs equity financing, dividend policy, and corporate governance. Prerequisites: Solid foundational coursework in the discipline and consent of the department.",Business,UC Berkeley Academic Guide,Graduate
HUMA-313,Modern Political Philosophy and Ethics,"Modern Political Philosophy and Ethics. Foundational theories of justice, rights, and political governance. Classical and modern political thought including Plato, Aristotle, Hobbes, Locke, Rousseau, Kantian deontology, and utilitarianism. Prerequisites: Upper-division undergraduate standing and permission of the instructor.",Humanities,Harvard University Course Catalog,Graduate
MECH-193,Conduction and Convective Heat Transfer,"Conduction and Convective Heat Transfer. Heat transfer mechanisms in mechanical systems. Steady and transient conduction, Fourier's law, forced and natural convection boundary layers, dimensionless Nusselt numbers, and heat exchanger effectiveness (NTU method). Prerequisites: Solid foundational coursework in the discipline and consent of the department.",Mechanical,UC Berkeley Academic Guide,Undergraduate
CIVI-853,Design of Structural Steel Buildings,"Design of Structural Steel Buildings. Design of steel structures according to AISC specifications. Tension members, compact and non-compact compression columns, laterally unsupported beams, bolted moment connections, and braced frames. Recommended background: Prior exposure to core analytical concepts and methodological reasoning.",Civil,UC Berkeley Academic Guide,Undergraduate
CIVI-468,Hydraulic Engineering and Open Channel Flow,"Hydraulic Engineering and Open Channel Flow. Fluid flow in open channels and pipe networks. Manning's uniform flow equation, specific energy, hydraulic jumps, gradually varied flow profile computations, and culvert hydraulic sizing. Recommended background: Prior exposure to core analytical concepts and methodological reasoning.",Civil,MIT OpenCourseWare,Undergraduate
ELEC-639,Wireless Communications and RF Systems,"Wireless Communications and RF Systems. Physical principles of wireless transmission. Digital modulation formats (QAM, PSK), multipath fading channel modeling, orthogonal frequency division multiplexing (OFDM), and MIMO multi-antenna beamforming. Prerequisites: Completion of introductory undergraduate coursework in relevant engineering or scientific disciplines.",Electronics,Stanford Engineering Catalog,Advanced Undergraduate
BUSI-469,Investment Analysis and Portfolio Management,"Investment Analysis and Portfolio Management. Modern portfolio theory and capital asset pricing model (CAPM). Efficient market hypothesis, equity valuation models, fixed-income duration and convexity, hedge fund strategies, and risk metrics. Prerequisites: Upper-division undergraduate standing and permission of the instructor.",Business,Stanford Engineering Catalog,Undergraduate
BIOT-339,Industrial Microbiology and Downstream Processing,"Industrial Microbiology and Downstream Processing. Production of pharmaceuticals and industrial metabolites using microbes. Secondary metabolite biosynthesis, cell disruption techniques, centrifugation, ultrafiltration, and preparative chromatography. Prerequisites: Solid foundational coursework in the discipline and consent of the department.",Biotechnology,Coursera,Advanced Undergraduate
MECH-734,Conduction and Convective Heat Transfer,"Conduction and Convective Heat Transfer. Heat transfer mechanisms in mechanical systems. Steady and transient conduction, Fourier's law, forced and natural convection boundary layers, dimensionless Nusselt numbers, and heat exchanger effectiveness (NTU method). Recommended background: Prior exposure to core analytical concepts and methodological reasoning.",Mechanical,UC Berkeley Academic Guide,Graduate
PHYS-706,Nuclear and High-Energy Particle Physics,"Nuclear and High-Energy Particle Physics. Structure and interactions of atomic nuclei and subatomic particles. Radioactive decay kinetics, nuclear fission and fusion reactors, quarks, leptons, gauge bosons, and Standard Model symmetries. Targeted towards undergraduate and beginning graduate students in relevant university programs.",Physics,Stanford Engineering Catalog,Undergraduate
BIOT-315,Cellular Biochemistry and Metabolic Pathways,"Cellular Biochemistry and Metabolic Pathways. Structure and function of cellular macromolecules. Enzymatic biocatalysis, metabolic pathways (glycolysis, citric acid cycle, oxidative phosphorylation), bioenergetics, and allosteric enzyme regulation. Prerequisites: Completion of introductory undergraduate coursework in relevant engineering or scientific disciplines.",Biotechnology,Coursera,Graduate
HUMA-491,Global Economic and Civilizational History,"Global Economic and Civilizational History. Historical evolution of human societies and global trade networks. Rise and fall of ancient empires, the Enlightenment, Industrial Revolution, imperialism, and social transformations in the modern world. Prerequisites: Solid foundational coursework in the discipline and consent of the department.",Humanities,Harvard University Course Catalog,Undergraduate
ELEC-578,Power Electronics and Energy Conversion,"Power Electronics and Energy Conversion. Analysis of solid-state power electronic converters. Switch-mode DC-DC buck, boost, and flyback converters, inverter topologies, pulse-width modulation (PWM) control, and thermal dissipation management. Prerequisites: Upper-division undergraduate standing and permission of the instructor.",Electronics,UC Berkeley Academic Guide,Graduate
BIOT-283,Cellular Biochemistry and Metabolic Pathways,"Cellular Biochemistry and Metabolic Pathways. Structure and function of cellular macromolecules. Enzymatic biocatalysis, metabolic pathways (glycolysis, citric acid cycle, oxidative phosphorylation), bioenergetics, and allosteric enzyme regulation. Prerequisites: Upper-division undergraduate standing and permission of the instructor.",Biotechnology,Stanford Engineering Catalog,Graduate
MATH-682,Advanced Linear Algebra and Vector Spaces,"Advanced Linear Algebra and Vector Spaces. Vector spaces over arbitrary fields. Linear transformations, dual spaces, spectral theorem for normal operators, Jordan canonical forms, minimal polynomials, and inner product geometry. Prerequisites: Upper-division undergraduate standing and permission of the instructor.",Mathematics,UC Berkeley Academic Guide,Advanced Undergraduate
BUSI-280,Corporate Finance and Capital Structure,"Corporate Finance and Capital Structure. Financial decision making in corporations. Capital budgeting discounted cash flows (NPV, IRR), weighted average cost of capital (WACC), debt vs equity financing, dividend policy, and corporate governance. Prerequisites: Upper-division undergraduate standing and permission of the instructor.",Business,Coursera,Advanced Undergraduate
HUMA-185,Philosophy of Artificial Intelligence and Mind,"Philosophy of Artificial Intelligence and Mind. Philosophical implications of computational machine intelligence. The Turing Test, Searle's Chinese Room argument, machine consciousness, ethics of autonomous algorithms, and the nature of human cognition. Prerequisites: Solid foundational coursework in the discipline and consent of the department.",Humanities,edX,Graduate
MATH-248,Ordinary Differential Equations and Dynamical Systems,"Ordinary Differential Equations and Dynamical Systems. Linear and nonlinear ordinary differential equations. Existence and uniqueness theorems (Picard-Lindelof), phase portrait analysis, Lyapunov stability theory, and bifurcation behavior. Prerequisites: Completion of introductory undergraduate coursework in relevant engineering or scientific disciplines.",Mathematics,MIT OpenCourseWare,Undergraduate
MATH-597,Probability Theory and Mathematical Statistics,"Probability Theory and Mathematical Statistics. Measure-theoretic probability foundations. Random variables, characteristic functions, laws of large numbers, central limit theorem, and maximum likelihood statistical estimation. Recommended background: Prior exposure to core analytical concepts and methodological reasoning.",Mathematics,Stanford Engineering Catalog,Undergraduate
CIVI-891,Design of Reinforced Concrete Structures,"Design of Reinforced Concrete Structures. Behavior and limit state design of reinforced concrete members. Ultimate flexural strength of beams, shear reinforcement detailing, one-way and two-way floor slabs, and axial-flexural interaction of columns. Targeted towards undergraduate and beginning graduate students in relevant university programs.",Civil,Stanford Engineering Catalog,Advanced Undergraduate
PHYS-179,Solid State and Condensed Matter Physics,"Solid State and Condensed Matter Physics. Electronic and crystal structure of solids. Bravais crystal lattices, X-ray Bragg diffraction, phonon vibrations, Bloch's theorem, energy band dispersion, and semiconductor electrical conduction. Prerequisites: Solid foundational coursework in the discipline and consent of the department.",Physics,Coursera,Graduate
MECH-262,Viscous Fluid Dynamics,"Viscous Fluid Dynamics. Continuity, momentum, and energy conservation equations in fluid motion (Navier-Stokes equations). Incompressible viscous laminar flows, boundary layer separation, turbulent pipe flow, Moody friction diagrams, and aerodynamic drag. Targeted towards undergraduate and beginning graduate students in relevant university programs.",Mechanical,Harvard University Course Catalog,Advanced Undergraduate
HUMA-571,Art History and Visual Cultural Theory,"Art History and Visual Cultural Theory. Evolution of visual art forms and aesthetic theories. Renaissance perspective, Baroque movement, Modernist avant-garde movements, iconography analysis, and museum curatorial practices. Targeted towards undergraduate and beginning graduate students in relevant university programs.",Humanities,Coursera,Graduate
PHYS-428,Nuclear and High-Energy Particle Physics,"Nuclear and High-Energy Particle Physics. Structure and interactions of atomic nuclei and subatomic particles. Radioactive decay kinetics, nuclear fission and fusion reactors, quarks, leptons, gauge bosons, and Standard Model symmetries. Prerequisites: Solid foundational coursework in the discipline and consent of the department.",Physics,Coursera,Undergraduate
BIOT-801,Bioinformatics and Computational Genomics,"Bioinformatics and Computational Genomics. Computational methods for analyzing biological sequence data. Pairwise and multiple sequence alignment (BLAST), hidden Markov models, genome assembly, phylogenetic trees, and protein structural modeling. Prerequisites: Solid foundational coursework in the discipline and consent of the department.",Biotechnology,Stanford Engineering Catalog,Graduate
PHYS-216,Laser Physics and Modern Quantum Optics,"Laser Physics and Modern Quantum Optics. Physics of coherent optical radiation. Spontaneous and stimulated emission, population inversion, optical resonators, laser cavity modes, photon quantization, and nonlinear optical effects. Targeted towards undergraduate and beginning graduate students in relevant university programs.",Physics,edX,Graduate
CIVI-876,Design of Structural Steel Buildings,"Design of Structural Steel Buildings. Design of steel structures according to AISC specifications. Tension members, compact and non-compact compression columns, laterally unsupported beams, bolted moment connections, and braced frames. Recommended background: Prior exposure to core analytical concepts and methodological reasoning.",Civil,UC Berkeley Academic Guide,Undergraduate
ELEC-551,Microprocessor Hardware and Interfacing,"Microprocessor Hardware and Interfacing. Architecture of 32-bit RISC microcontrollers. Instruction pipelines, memory hierarchies, cache organization, bus protocols, interrupt controllers, timer peripherals, SPI/I2C interfaces, and low-level firmware integration. Recommended background: Prior exposure to core analytical concepts and methodological reasoning.",Electronics,Stanford Engineering Catalog,Advanced Undergraduate
MATH-732,Advanced Linear Algebra and Vector Spaces,"Advanced Linear Algebra and Vector Spaces. Vector spaces over arbitrary fields. Linear transformations, dual spaces, spectral theorem for normal operators, Jordan canonical forms, minimal polynomials, and inner product geometry. Prerequisites: Upper-division undergraduate standing and permission of the instructor.",Mathematics,Harvard University Course Catalog,Advanced Undergraduate
HUMA-179,Modern Political Philosophy and Ethics,"Modern Political Philosophy and Ethics. Foundational theories of justice, rights, and political governance. Classical and modern political thought including Plato, Aristotle, Hobbes, Locke, Rousseau, Kantian deontology, and utilitarianism. Recommended background: Prior exposure to core analytical concepts and methodological reasoning.",Humanities,MIT OpenCourseWare,Graduate
ELEC-573,Wireless Communications and RF Systems,"Wireless Communications and RF Systems. Physical principles of wireless transmission. Digital modulation formats (QAM, PSK), multipath fading channel modeling, orthogonal frequency division multiplexing (OFDM), and MIMO multi-antenna beamforming. Targeted towards undergraduate and beginning graduate students in relevant university programs.",Electronics,edX,Advanced Undergraduate
ELEC-185,Digital VLSI Architecture and Design,"Digital VLSI Architecture and Design. CMOS digital logic design and physical layout. Static and dynamic power consumption, propagation delay calculation, static timing analysis (STA), clock tree synthesis, and Verilog hardware description language. Recommended background: Prior exposure to core analytical concepts and methodological reasoning.",Electronics,edX,Undergraduate
MECH-806,Mechanics of Deformable Solids,"Mechanics of Deformable Solids. Stress and strain tensors in structural elements. Axial loading, torsion of circular shafts, bending and shear stress distributions in beams, Mohr's circle analysis, column Euler buckling, and failure yield criteria. Prerequisites: Upper-division undergraduate standing and permission of the instructor.",Mechanical,Coursera,Graduate
BUSI-821,Corporate Finance and Capital Structure,"Corporate Finance and Capital Structure. Financial decision making in corporations. Capital budgeting discounted cash flows (NPV, IRR), weighted average cost of capital (WACC), debt vs equity financing, dividend policy, and corporate governance. Prerequisites: Solid foundational coursework in the discipline and consent of the department.",Business,UC Berkeley Academic Guide,Advanced Undergraduate
BUSI-216,Entrepreneurial Finance and Venture Capital,"Entrepreneurial Finance and Venture Capital. Financing emerging high-growth ventures. Term sheets, convertible notes, venture valuation methods, capitalization tables, angel financing, and startup exit strategies. Recommended background: Prior exposure to core analytical concepts and methodological reasoning.",Business,edX,Advanced Undergraduate
HUMA-454,Cognitive Linguistics and Semantic Structures,"Cognitive Linguistics and Semantic Structures. Scientific study of human language and mental grammars. Phonology, morphological derivation, Chomskyan transformational syntax, cognitive semantics, pragmatic context, and sociolinguistics. Prerequisites: Completion of introductory undergraduate coursework in relevant engineering or scientific disciplines.",Humanities,Harvard University Course Catalog,Undergraduate
HUMA-587,Global Economic and Civilizational History,"Global Economic and Civilizational History. Historical evolution of human societies and global trade networks. Rise and fall of ancient empires, the Enlightenment, Industrial Revolution, imperialism, and social transformations in the modern world. Prerequisites: Solid foundational coursework in the discipline and consent of the department.",Humanities,MIT OpenCourseWare,Advanced Undergraduate
ELEC-360,Digital Signal Processing Systems,"Digital Signal Processing Systems. Theory and implementation of discrete-time signals and systems. Z-transforms, discrete Fourier transform (DFT), fast Fourier transform (FFT), FIR and IIR digital filter design, and hardware DSP architectures. Prerequisites: Upper-division undergraduate standing and permission of the instructor.",Electronics,Harvard University Course Catalog,Undergraduate
BUSI-216,Organizational Behavior and Leadership,"Organizational Behavior and Leadership. Behavioral dynamics within modern corporations. Team leadership, employee motivation theories, transformational leadership styles, organizational culture, conflict management, and change execution. Prerequisites: Solid foundational coursework in the discipline and consent of the department.",Business,UC Berkeley Academic Guide,Advanced Undergraduate
MATH-296,Mathematical Foundations of Quantum Physics,"Mathematical Foundations of Quantum Physics. Rigorous functional analysis applied to quantum mechanics. Hilbert spaces, unbounded self-adjoint linear operators, spectral theorem, and mathematical formulation of observables. Prerequisites: Completion of introductory undergraduate coursework in relevant engineering or scientific disciplines.",Mathematics,MIT OpenCourseWare,Undergraduate
COMP-725,Design and Analysis of Algorithms,"Design and Analysis of Algorithms. Fundamental algorithmic design paradigms including divide-and-conquer, greedy optimization, dynamic programming, network flow algorithms, and graph traversals. Worst-case amortized time analysis and NP-completeness reductions are rigorously studied. Prerequisites: Completion of introductory undergraduate coursework in relevant engineering or scientific disciplines.",Computer Science,Harvard University Course Catalog,Undergraduate
BIOT-125,Cellular Biochemistry and Metabolic Pathways,"Cellular Biochemistry and Metabolic Pathways. Structure and function of cellular macromolecules. Enzymatic biocatalysis, metabolic pathways (glycolysis, citric acid cycle, oxidative phosphorylation), bioenergetics, and allosteric enzyme regulation. Recommended background: Prior exposure to core analytical concepts and methodological reasoning.",Biotechnology,UC Berkeley Academic Guide,Advanced Undergraduate
CIVI-272,Foundation Engineering and Deep Foundations,"Foundation Engineering and Deep Foundations. Geotechnical design of substructures. Ultimate bearing capacity of shallow spread footings, settlement calculations, driven pile foundations, drilled shafts, and retaining wall lateral earth pressures. Prerequisites: Upper-division undergraduate standing and permission of the instructor.",Civil,Harvard University Course Catalog,Graduate
COMP-146,Computer Networks and Internet Protocols,"Computer Networks and Internet Protocols. Architecture and layered protocols of internet systems. TCP flow and congestion control, BGP routing protocols, packet switching, DNS resolution, transport layer security (TLS), and software-defined networking. Prerequisites: Completion of introductory undergraduate coursework in relevant engineering or scientific disciplines.",Computer Science,MIT OpenCourseWare,Advanced Undergraduate
MECH-545,Mechanical Elements Machine Design,"Mechanical Elements Machine Design. Design principles for mechanical machine components. Fatigue loading life calculation, hydrodynamic journal bearings, spur and helical gear rating, bolted joint preload, compression springs, clutches, and brakes. Prerequisites: Upper-division undergraduate standing and permission of the instructor.",Mechanical,Harvard University Course Catalog,Undergraduate
MATH-673,Complex Analysis and Conformal Mapping,"Complex Analysis and Conformal Mapping. Theory of functions of a complex variable. Cauchy-Riemann equations, Cauchy's integral theorem, Taylor and Laurent series expansions, residue calculus, contour integrals, and conformal mappings. Prerequisites: Completion of introductory undergraduate coursework in relevant engineering or scientific disciplines.",Mathematics,MIT OpenCourseWare,Graduate
BIOT-769,Bioinformatics and Computational Genomics,"Bioinformatics and Computational Genomics. Computational methods for analyzing biological sequence data. Pairwise and multiple sequence alignment (BLAST), hidden Markov models, genome assembly, phylogenetic trees, and protein structural modeling. Targeted towards undergraduate and beginning graduate students in relevant university programs.",Biotechnology,Coursera,Undergraduate
HUMA-746,Critical Media Studies and Cultural Communication,"Critical Media Studies and Cultural Communication. Critical analysis of mass media institutions, digital communication networks, and popular culture. Semiotic media decoding, ideological framing, digital disinformation, and algorithmic culture. Recommended background: Prior exposure to core analytical concepts and methodological reasoning.",Humanities,Stanford Engineering Catalog,Graduate
BIOT-761,Agricultural Biotechnology and Crop Genetic Engineering,"Agricultural Biotechnology and Crop Genetic Engineering. Application of genetic modification in plant science. Agrobacterium-mediated plant transformation, transgenic crop development, herbicide tolerance traits, pest resistance mechanisms, and biosafety protocols. Prerequisites: Upper-division undergraduate standing and permission of the instructor.",Biotechnology,Harvard University Course Catalog,Undergraduate
COMP-746,Design and Analysis of Algorithms,"Design and Analysis of Algorithms. Fundamental algorithmic design paradigms including divide-and-conquer, greedy optimization, dynamic programming, network flow algorithms, and graph traversals. Worst-case amortized time analysis and NP-completeness reductions are rigorously studied. Prerequisites: Completion of introductory undergraduate coursework in relevant engineering or scientific disciplines.",Computer Science,UC Berkeley Academic Guide,Undergraduate
PHYS-189,Electrodynamics and Classical Field Theory,"Electrodynamics and Classical Field Theory. Maxwell's equations and relativistic electromagnetic fields. Gauge transformations, electromagnetic radiation from accelerating charges, wave guides, Poynting vector energy flow, and dipole radiation. Prerequisites: Completion of introductory undergraduate coursework in relevant engineering or scientific disciplines.",Physics,Harvard University Course Catalog,Advanced Undergraduate
MATH-483,Advanced Linear Algebra and Vector Spaces,"Advanced Linear Algebra and Vector Spaces. Vector spaces over arbitrary fields. Linear transformations, dual spaces, spectral theorem for normal operators, Jordan canonical forms, minimal polynomials, and inner product geometry. Prerequisites: Upper-division undergraduate standing and permission of the instructor.",Mathematics,UC Berkeley Academic Guide,Undergraduate
HUMA-801,Art History and Visual Cultural Theory,"Art History and Visual Cultural Theory. Evolution of visual art forms and aesthetic theories. Renaissance perspective, Baroque movement, Modernist avant-garde movements, iconography analysis, and museum curatorial practices. Prerequisites: Solid foundational coursework in the discipline and consent of the department.",Humanities,MIT OpenCourseWare,Advanced Undergraduate
MATH-867,Advanced Linear Algebra and Vector Spaces,"Advanced Linear Algebra and Vector Spaces. Vector spaces over arbitrary fields. Linear transformations, dual spaces, spectral theorem for normal operators, Jordan canonical forms, minimal polynomials, and inner product geometry. Recommended background: Prior exposure to core analytical concepts and methodological reasoning.",Mathematics,Harvard University Course Catalog,Undergraduate
COMP-285,Design and Analysis of Algorithms,"Design and Analysis of Algorithms. Fundamental algorithmic design paradigms including divide-and-conquer, greedy optimization, dynamic programming, network flow algorithms, and graph traversals. Worst-case amortized time analysis and NP-completeness reductions are rigorously studied. Prerequisites: Upper-division undergraduate standing and permission of the instructor.",Computer Science,edX,Graduate
CIVI-469,Foundation Engineering and Deep Foundations,"Foundation Engineering and Deep Foundations. Geotechnical design of substructures. Ultimate bearing capacity of shallow spread footings, settlement calculations, driven pile foundations, drilled shafts, and retaining wall lateral earth pressures. Prerequisites: Upper-division undergraduate standing and permission of the instructor.",Civil,Coursera,Graduate
BIOT-213,Cellular Biochemistry and Metabolic Pathways,"Cellular Biochemistry and Metabolic Pathways. Structure and function of cellular macromolecules. Enzymatic biocatalysis, metabolic pathways (glycolysis, citric acid cycle, oxidative phosphorylation), bioenergetics, and allosteric enzyme regulation. Prerequisites: Completion of introductory undergraduate coursework in relevant engineering or scientific disciplines.",Biotechnology,MIT OpenCourseWare,Undergraduate
CHEM-676,Polymer Reaction Engineering and Processing,"Polymer Reaction Engineering and Processing. Polymerization kinetics and processing techniques. Step-growth and chain-growth polymerization, molecular weight distribution modeling, rheology of non-Newtonian polymer melts, and extrusion molding. Targeted towards undergraduate and beginning graduate students in relevant university programs.",Chemical Engineering,Harvard University Course Catalog,Undergraduate
CHEM-815,Biochemical Reaction and Bioseparation Engineering,"Biochemical Reaction and Bioseparation Engineering. Engineering analysis of biological reaction systems. Enzyme kinetics (Michaelis-Menten), bioreactor design and oxygen transfer aeration, sterilization protocols, and downstream protein purification chromatography. Prerequisites: Completion of introductory undergraduate coursework in relevant engineering or scientific disciplines.",Chemical Engineering,Stanford Engineering Catalog,Undergraduate
BIOT-616,Cellular Biochemistry and Metabolic Pathways,"Cellular Biochemistry and Metabolic Pathways. Structure and function of cellular macromolecules. Enzymatic biocatalysis, metabolic pathways (glycolysis, citric acid cycle, oxidative phosphorylation), bioenergetics, and allosteric enzyme regulation. Recommended background: Prior exposure to core analytical concepts and methodological reasoning.",Biotechnology,Coursera,Undergraduate
MECH-151,Viscous Fluid Dynamics,"Viscous Fluid Dynamics. Continuity, momentum, and energy conservation equations in fluid motion (Navier-Stokes equations). Incompressible viscous laminar flows, boundary layer separation, turbulent pipe flow, Moody friction diagrams, and aerodynamic drag. Targeted towards undergraduate and beginning graduate students in relevant university programs.",Mechanical,Stanford Engineering Catalog,Graduate
ELEC-325,Semiconductor Device Physics,"Semiconductor Device Physics. Quantum mechanical principles of semiconductor transport. Energy band structures, carrier generation and recombination, p-n junction electrostatics, Schottky diodes, and subthreshold MOSFET characteristics. Prerequisites: Completion of introductory undergraduate coursework in relevant engineering or scientific disciplines.",Electronics,Coursera,Advanced Undergraduate
BUSI-332,Operations and Global Supply Chain Management,"Operations and Global Supply Chain Management. Design and control of operational supply chains. Process bottleneck analysis, Little's Law, aggregate production planning, economic order quantity (EOQ), safety stock, and lean manufacturing. Prerequisites: Solid foundational coursework in the discipline and consent of the department.",Business,MIT OpenCourseWare,Advanced Undergraduate
MATH-408,Probability Theory and Mathematical Statistics,"Probability Theory and Mathematical Statistics. Measure-theoretic probability foundations. Random variables, characteristic functions, laws of large numbers, central limit theorem, and maximum likelihood statistical estimation. Prerequisites: Upper-division undergraduate standing and permission of the instructor.",Mathematics,Coursera,Undergraduate
PHYS-396,Nuclear and High-Energy Particle Physics,"Nuclear and High-Energy Particle Physics. Structure and interactions of atomic nuclei and subatomic particles. Radioactive decay kinetics, nuclear fission and fusion reactors, quarks, leptons, gauge bosons, and Standard Model symmetries. Recommended background: Prior exposure to core analytical concepts and methodological reasoning.",Physics,MIT OpenCourseWare,Undergraduate
BUSI-236,Strategic Marketing and Brand Positioning,"Strategic Marketing and Brand Positioning. Core marketing management frameworks. Market segmentation, targeting, and brand positioning (STP), customer lifetime value, pricing strategies, promotional channels, and brand equity development. Recommended background: Prior exposure to core analytical concepts and methodological reasoning.",Business,edX,Undergraduate
MECH-385,Conduction and Convective Heat Transfer,"Conduction and Convective Heat Transfer. Heat transfer mechanisms in mechanical systems. Steady and transient conduction, Fourier's law, forced and natural convection boundary layers, dimensionless Nusselt numbers, and heat exchanger effectiveness (NTU method). Prerequisites: Solid foundational coursework in the discipline and consent of the department.",Mechanical,MIT OpenCourseWare,Advanced Undergraduate
BUSI-485,Organizational Behavior and Leadership,"Organizational Behavior and Leadership. Behavioral dynamics within modern corporations. Team leadership, employee motivation theories, transformational leadership styles, organizational culture, conflict management, and change execution. Prerequisites: Completion of introductory undergraduate coursework in relevant engineering or scientific disciplines.",Business,Harvard University Course Catalog,Graduate
MATH-625,Point-Set and Algebraic Topology,"Point-Set and Algebraic Topology. Topological spaces and continuous mappings. Homeomorphisms, separation axioms, product topologies, connectedness, compactness, fundamental groups, and covering space theory. Prerequisites: Solid foundational coursework in the discipline and consent of the department.",Mathematics,Harvard University Course Catalog,Graduate
COMP-113,Advanced Operating Systems Design,"Advanced Operating Systems Design. Principles of operating system architecture, process scheduling, multithreading primitives, virtual memory management, inter-process communication, file system internals, and kernel concurrency synchronization locks. Recommended background: Prior exposure to core analytical concepts and methodological reasoning.",Computer Science,UC Berkeley Academic Guide,Advanced Undergraduate
MECH-712,Mechanical Elements Machine Design,"Mechanical Elements Machine Design. Design principles for mechanical machine components. Fatigue loading life calculation, hydrodynamic journal bearings, spur and helical gear rating, bolted joint preload, compression springs, clutches, and brakes. Prerequisites: Upper-division undergraduate standing and permission of the instructor.",Mechanical,Coursera,Undergraduate
MECH-871,Conduction and Convective Heat Transfer,"Conduction and Convective Heat Transfer. Heat transfer mechanisms in mechanical systems. Steady and transient conduction, Fourier's law, forced and natural convection boundary layers, dimensionless Nusselt numbers, and heat exchanger effectiveness (NTU method). Prerequisites: Solid foundational coursework in the discipline and consent of the department.",Mechanical,Harvard University Course Catalog,Graduate
BIOT-696,Bioinformatics and Computational Genomics,"Bioinformatics and Computational Genomics. Computational methods for analyzing biological sequence data. Pairwise and multiple sequence alignment (BLAST), hidden Markov models, genome assembly, phylogenetic trees, and protein structural modeling. Prerequisites: Completion of introductory undergraduate coursework in relevant engineering or scientific disciplines.",Biotechnology,Harvard University Course Catalog,Advanced Undergraduate
MECH-588,Mechanics of Deformable Solids,"Mechanics of Deformable Solids. Stress and strain tensors in structural elements. Axial loading, torsion of circular shafts, bending and shear stress distributions in beams, Mohr's circle analysis, column Euler buckling, and failure yield criteria. Recommended background: Prior exposure to core analytical concepts and methodological reasoning.",Mechanical,edX,Undergraduate
MATH-398,"Abstract Algebra: Groups, Rings and Fields","Abstract Algebra: Groups, Rings and Fields. Axiomatic algebraic structures. Group homomorphisms, normal subgroups, quotient groups, Lagrange's theorem, ring ideals, unique factorization domains (UFD), and field extensions. Prerequisites: Solid foundational coursework in the discipline and consent of the department.",Mathematics,Stanford Engineering Catalog,Advanced Undergraduate
MATH-456,Probability Theory and Mathematical Statistics,"Probability Theory and Mathematical Statistics. Measure-theoretic probability foundations. Random variables, characteristic functions, laws of large numbers, central limit theorem, and maximum likelihood statistical estimation. Prerequisites: Solid foundational coursework in the discipline and consent of the department.",Mathematics,Stanford Engineering Catalog,Advanced Undergraduate
CIVI-690,Design of Structural Steel Buildings,"Design of Structural Steel Buildings. Design of steel structures according to AISC specifications. Tension members, compact and non-compact compression columns, laterally unsupported beams, bolted moment connections, and braced frames. Prerequisites: Solid foundational coursework in the discipline and consent of the department.",Civil,Harvard University Course Catalog,Undergraduate
CIVI-705,Geotechnical Soil Mechanics,"Geotechnical Soil Mechanics. Fundamental physical and engineering properties of soils. Soil classification, Darcy's permeability law, 1D Terzaghi consolidation theory, effective stress, and Mohr-Coulomb shear strength criteria. Recommended background: Prior exposure to core analytical concepts and methodological reasoning.",Civil,Coursera,Graduate
CHEM-612,Chemical Reaction Engineering and Reactor Kinetics,"Chemical Reaction Engineering and Reactor Kinetics. Kinetics of homogeneous and heterogeneous chemical reactions. Ideal batch, continuous stirred-tank (CSTR), and plug flow reactors (PFR). Catalytic kinetics, non-isothermal reactor operation, and thermal runaway prevention. Prerequisites: Upper-division undergraduate standing and permission of the instructor.",Chemical Engineering,Harvard University Course Catalog,Advanced Undergraduate
CHEM-881,Chemical Engineering Thermodynamics and Phase Equilibria,"Chemical Engineering Thermodynamics and Phase Equilibria. Thermodynamics of multicomponent fluid mixtures. Equations of state (Peng-Robinson), chemical potentials, fugacity coefficients, activity coefficient models (NRTL, UNIQUAC), and vapor-liquid equilibria (VLE). Recommended background: Prior exposure to core analytical concepts and methodological reasoning.",Chemical Engineering,Coursera,Graduate
MATH-802,Point-Set and Algebraic Topology,"Point-Set and Algebraic Topology. Topological spaces and continuous mappings. Homeomorphisms, separation axioms, product topologies, connectedness, compactness, fundamental groups, and covering space theory. Prerequisites: Upper-division undergraduate standing and permission of the instructor.",Mathematics,edX,Advanced Undergraduate
BIOT-512,Bioinformatics Pipeline Engineering and Transcriptomics,"Bioinformatics Pipeline Engineering and Transcriptomics. High-throughput computational pipeline design for next-generation RNA sequencing data. Statistical differential expression, variant calling algorithms, and cloud genomic workflows. Prerequisites: Solid foundational coursework in the discipline and consent of the department.",Biotechnology,edX,Undergraduate
PHYS-694,Classical Mechanics and Lagrangian Dynamics,"Classical Mechanics and Lagrangian Dynamics. Advanced formulation of classical mechanics. Variational principles, Euler-Lagrange equations of motion, generalized coordinates, conservation laws, central force planetary motion, and Hamiltonian mechanics. Targeted towards undergraduate and beginning graduate students in relevant university programs.",Physics,MIT OpenCourseWare,Advanced Undergraduate
PHYS-299,Nuclear and High-Energy Particle Physics,"Nuclear and High-Energy Particle Physics. Structure and interactions of atomic nuclei and subatomic particles. Radioactive decay kinetics, nuclear fission and fusion reactors, quarks, leptons, gauge bosons, and Standard Model symmetries. Prerequisites: Solid foundational coursework in the discipline and consent of the department.",Physics,edX,Advanced Undergraduate
MECH-667,Micro-Electro-Mechanical Systems (MEMS) Actuators,"Micro-Electro-Mechanical Systems (MEMS) Actuators. Multiphysics design of silicon micro-actuators. Electrostatic comb drives, piezoelectric micro-beams, cleanroom photolithography fabrication, and coupled thermal-fluid simulation. Targeted towards undergraduate and beginning graduate students in relevant university programs.",Mechanical,MIT OpenCourseWare,Advanced Undergraduate
COMP-139,Computational Biology and Genome Informatics,"Computational Biology and Genome Informatics. Algorithm development for biological big data. Sequence alignment algorithms, phylogenetic tree clustering, genome assembly heuristics, and neural network models for protein folding. Prerequisites: Solid foundational coursework in the discipline and consent of the department.",Computer Science,edX,Advanced Undergraduate
MECH-763,Conduction and Convective Heat Transfer,"Conduction and Convective Heat Transfer. Heat transfer mechanisms in mechanical systems. Steady and transient conduction, Fourier's law, forced and natural convection boundary layers, dimensionless Nusselt numbers, and heat exchanger effectiveness (NTU method). Targeted towards undergraduate and beginning graduate students in relevant university programs.",Mechanical,UC Berkeley Academic Guide,Undergraduate
COMP-384,Design and Analysis of Algorithms,"Design and Analysis of Algorithms. Fundamental algorithmic design paradigms including divide-and-conquer, greedy optimization, dynamic programming, network flow algorithms, and graph traversals. Worst-case amortized time analysis and NP-completeness reductions are rigorously studied. Targeted towards undergraduate and beginning graduate students in relevant university programs.",Computer Science,Coursera,Undergraduate
BIOT-847,Cellular Biochemistry and Metabolic Pathways,"Cellular Biochemistry and Metabolic Pathways. Structure and function of cellular macromolecules. Enzymatic biocatalysis, metabolic pathways (glycolysis, citric acid cycle, oxidative phosphorylation), bioenergetics, and allosteric enzyme regulation. Prerequisites: Completion of introductory undergraduate coursework in relevant engineering or scientific disciplines.",Biotechnology,UC Berkeley Academic Guide,Undergraduate
MECH-483,Conduction and Convective Heat Transfer,"Conduction and Convective Heat Transfer. Heat transfer mechanisms in mechanical systems. Steady and transient conduction, Fourier's law, forced and natural convection boundary layers, dimensionless Nusselt numbers, and heat exchanger effectiveness (NTU method). Targeted towards undergraduate and beginning graduate students in relevant university programs.",Mechanical,Harvard University Course Catalog,Undergraduate
BUSI-711,Operations and Global Supply Chain Management,"Operations and Global Supply Chain Management. Design and control of operational supply chains. Process bottleneck analysis, Little's Law, aggregate production planning, economic order quantity (EOQ), safety stock, and lean manufacturing. Prerequisites: Solid foundational coursework in the discipline and consent of the department.",Business,Coursera,Undergraduate
ELEC-250,Wireless Communications and RF Systems,"Wireless Communications and RF Systems. Physical principles of wireless transmission. Digital modulation formats (QAM, PSK), multipath fading channel modeling, orthogonal frequency division multiplexing (OFDM), and MIMO multi-antenna beamforming. Recommended background: Prior exposure to core analytical concepts and methodological reasoning.",Electronics,MIT OpenCourseWare,Undergraduate
MATH-442,Real Analysis and Measure Theory,"Real Analysis and Measure Theory. Rigorous mathematical analysis of Euclidean spaces. Metric topologies, compactness, sequences, Cauchy convergence, Riemann-Stieltjes integration, Lebesgue measure, and dominated convergence theorem. Recommended background: Prior exposure to core analytical concepts and methodological reasoning.",Mathematics,MIT OpenCourseWare,Undergraduate
CIVI-728,Hydraulic Engineering and Open Channel Flow,"Hydraulic Engineering and Open Channel Flow. Fluid flow in open channels and pipe networks. Manning's uniform flow equation, specific energy, hydraulic jumps, gradually varied flow profile computations, and culvert hydraulic sizing. Prerequisites: Completion of introductory undergraduate coursework in relevant engineering or scientific disciplines.",Civil,edX,Advanced Undergraduate
CIVI-327,Highway Geometric Design and Planning,"Highway Geometric Design and Planning. Principles of highway engineering. Horizontal and vertical alignment curves, sight distance requirements, highway cross-sections, intersection channelization, and AASHTO geometric standards. Prerequisites: Upper-division undergraduate standing and permission of the instructor.",Civil,Coursera,Graduate
BIOT-607,Bioinformatics Pipeline Engineering and Transcriptomics,"Bioinformatics Pipeline Engineering and Transcriptomics. High-throughput computational pipeline design for next-generation RNA sequencing data. Statistical differential expression, variant calling algorithms, and cloud genomic workflows. Targeted towards undergraduate and beginning graduate students in relevant university programs.",Biotechnology,Harvard University Course Catalog,Graduate
CHEM-145,Polymer Reaction Engineering and Processing,"Polymer Reaction Engineering and Processing. Polymerization kinetics and processing techniques. Step-growth and chain-growth polymerization, molecular weight distribution modeling, rheology of non-Newtonian polymer melts, and extrusion molding. Recommended background: Prior exposure to core analytical concepts and methodological reasoning.",Chemical Engineering,MIT OpenCourseWare,Undergraduate
CHEM-675,Chemical Process Dynamics and Automated Control,"Chemical Process Dynamics and Automated Control. Mathematical modeling of dynamic chemical processes. Laplace transforms, transfer functions, feedback PID controller tuning, feedback-feedforward control, frequency response analysis, and process stability limits. Targeted towards undergraduate and beginning graduate students in relevant university programs.",Chemical Engineering,Harvard University Course Catalog,Undergraduate
COMP-566,Advanced Operating Systems Design,"Advanced Operating Systems Design. Principles of operating system architecture, process scheduling, multithreading primitives, virtual memory management, inter-process communication, file system internals, and kernel concurrency synchronization locks. Prerequisites: Upper-division undergraduate standing and permission of the instructor.",Computer Science,edX,Graduate
MATH-719,Partial Differential Equations in Mathematical Physics,"Partial Differential Equations in Mathematical Physics. Boundary value problems for linear partial differential equations. Heat equation, wave equation, Laplace equation, separation of variables, Fourier transform methods, and Green's functions. Targeted towards undergraduate and beginning graduate students in relevant university programs.",Mathematics,Coursera,Graduate
PHYS-155,Quantum Mechanics and Atomic Structure,"Quantum Mechanics and Atomic Structure. Fundamental postulates of quantum mechanics. Wave-particle duality, Schrodinger wave equation, square wells, quantum harmonic oscillator, angular momentum operators, and hydrogen atom quantum states. Prerequisites: Solid foundational coursework in the discipline and consent of the department.",Physics,Stanford Engineering Catalog,Advanced Undergraduate
COMP-472,Advanced Operating Systems Design,"Advanced Operating Systems Design. Principles of operating system architecture, process scheduling, multithreading primitives, virtual memory management, inter-process communication, file system internals, and kernel concurrency synchronization locks. Prerequisites: Solid foundational coursework in the discipline and consent of the department.",Computer Science,edX,Undergraduate
CIVI-453,Design of Structural Steel Buildings,"Design of Structural Steel Buildings. Design of steel structures according to AISC specifications. Tension members, compact and non-compact compression columns, laterally unsupported beams, bolted moment connections, and braced frames. Targeted towards undergraduate and beginning graduate students in relevant university programs.",Civil,edX,Advanced Undergraduate
COMP-152,Distributed Cloud Systems Architecture,"Distributed Cloud Systems Architecture. Architectural principles of fault-tolerant distributed systems. Consensus algorithms (Paxos, Raft), replication consistency models, remote procedure calls (RPC), distributed key-value stores, and cloud microservices. Prerequisites: Solid foundational coursework in the discipline and consent of the department.",Computer Science,UC Berkeley Academic Guide,Undergraduate
CIVI-326,Environmental Water Treatment Engineering,"Environmental Water Treatment Engineering. Physical, chemical, and biological unit operations for municipal water purification. Coagulation, flocculation, rapid sand filtration, chlorination disinfection, and activated sludge wastewater treatment. Recommended background: Prior exposure to core analytical concepts and methodological reasoning.",Civil,edX,Undergraduate
COMP-130,Distributed Cloud Systems Architecture,"Distributed Cloud Systems Architecture. Architectural principles of fault-tolerant distributed systems. Consensus algorithms (Paxos, Raft), replication consistency models, remote procedure calls (RPC), distributed key-value stores, and cloud microservices. Recommended background: Prior exposure to core analytical concepts and methodological reasoning.",Computer Science,Stanford Engineering Catalog,Advanced Undergraduate
BIOT-281,Cellular Biochemistry and Metabolic Pathways,"Cellular Biochemistry and Metabolic Pathways. Structure and function of cellular macromolecules. Enzymatic biocatalysis, metabolic pathways (glycolysis, citric acid cycle, oxidative phosphorylation), bioenergetics, and allosteric enzyme regulation. Prerequisites: Completion of introductory undergraduate coursework in relevant engineering or scientific disciplines.",Biotechnology,edX,Undergraduate
BIOT-827,Bioinformatics Pipeline Engineering and Transcriptomics,"Bioinformatics Pipeline Engineering and Transcriptomics. High-throughput computational pipeline design for next-generation RNA sequencing data. Statistical differential expression, variant calling algorithms, and cloud genomic workflows. Prerequisites: Completion of introductory undergraduate coursework in relevant engineering or scientific disciplines.",Biotechnology,Coursera,Advanced Undergraduate
MECH-221,Mechanical Elements Machine Design,"Mechanical Elements Machine Design. Design principles for mechanical machine components. Fatigue loading life calculation, hydrodynamic journal bearings, spur and helical gear rating, bolted joint preload, compression springs, clutches, and brakes. Prerequisites: Solid foundational coursework in the discipline and consent of the department.",Mechanical,Coursera,Advanced Undergraduate
ELEC-113,Power Electronics and Energy Conversion,"Power Electronics and Energy Conversion. Analysis of solid-state power electronic converters. Switch-mode DC-DC buck, boost, and flyback converters, inverter topologies, pulse-width modulation (PWM) control, and thermal dissipation management. Prerequisites: Upper-division undergraduate standing and permission of the instructor.",Electronics,MIT OpenCourseWare,Graduate
CHEM-243,Polymer Reaction Engineering and Processing,"Polymer Reaction Engineering and Processing. Polymerization kinetics and processing techniques. Step-growth and chain-growth polymerization, molecular weight distribution modeling, rheology of non-Newtonian polymer melts, and extrusion molding. Prerequisites: Upper-division undergraduate standing and permission of the instructor.",Chemical Engineering,UC Berkeley Academic Guide,Undergraduate
BIOT-592,Cellular Biochemistry and Metabolic Pathways,"Cellular Biochemistry and Metabolic Pathways. Structure and function of cellular macromolecules. Enzymatic biocatalysis, metabolic pathways (glycolysis, citric acid cycle, oxidative phosphorylation), bioenergetics, and allosteric enzyme regulation. Targeted towards undergraduate and beginning graduate students in relevant university programs.",Biotechnology,Stanford Engineering Catalog,Graduate
BIOT-775,Immunology and Monoclonal Antibody Technology,"Immunology and Monoclonal Antibody Technology. Principles of humoral and cell-mediated immunity. Antigen recognition, antibody structure, hybridoma technology, recombinant therapeutic monoclonal antibodies, ELISA assays, and immunotherapy design. Prerequisites: Completion of introductory undergraduate coursework in relevant engineering or scientific disciplines.",Biotechnology,UC Berkeley Academic Guide,Advanced Undergraduate
CHEM-655,Mass Transfer Operations and Separation Processes,"Mass Transfer Operations and Separation Processes. Equilibrium stage and rate-based separation processes. Multicomponent distillation column design, liquid-liquid extraction, gas absorption columns, membrane separations, and McCabe-Thiele stage calculations. Prerequisites: Solid foundational coursework in the discipline and consent of the department.",Chemical Engineering,Stanford Engineering Catalog,Advanced Undergraduate
MATH-642,Mathematical Foundations of Quantum Physics,"Mathematical Foundations of Quantum Physics. Rigorous functional analysis applied to quantum mechanics. Hilbert spaces, unbounded self-adjoint linear operators, spectral theorem, and mathematical formulation of observables. Prerequisites: Completion of introductory undergraduate coursework in relevant engineering or scientific disciplines.",Mathematics,Coursera,Graduate
COMP-244,Distributed Cloud Systems Architecture,"Distributed Cloud Systems Architecture. Architectural principles of fault-tolerant distributed systems. Consensus algorithms (Paxos, Raft), replication consistency models, remote procedure calls (RPC), distributed key-value stores, and cloud microservices. Prerequisites: Upper-division undergraduate standing and permission of the instructor.",Computer Science,Stanford Engineering Catalog,Undergraduate
HUMA-561,Cultural Anthropology and Ethnographic Inquiry,"Cultural Anthropology and Ethnographic Inquiry. Comparative study of human cultures, kinship systems, and social institutions. Ethnographic fieldwork methodologies, cultural relativism, ritual symbolic systems, and globalization impacts. Recommended background: Prior exposure to core analytical concepts and methodological reasoning.",Humanities,Coursera,Undergraduate
PHYS-777,Classical Mechanics and Lagrangian Dynamics,"Classical Mechanics and Lagrangian Dynamics. Advanced formulation of classical mechanics. Variational principles, Euler-Lagrange equations of motion, generalized coordinates, conservation laws, central force planetary motion, and Hamiltonian mechanics. Targeted towards undergraduate and beginning graduate students in relevant university programs.",Physics,edX,Undergraduate
PHYS-786,Quantum Information Theory and Quantum Gates,"Quantum Information Theory and Quantum Gates. Physics of quantum computing architectures. Qubits, superposition states, quantum entanglement, unitary quantum logic gates, decoherence models, and quantum error-correcting codes. Prerequisites: Solid foundational coursework in the discipline and consent of the department.",Physics,edX,Undergraduate
HUMA-392,Cultural Anthropology and Ethnographic Inquiry,"Cultural Anthropology and Ethnographic Inquiry. Comparative study of human cultures, kinship systems, and social institutions. Ethnographic fieldwork methodologies, cultural relativism, ritual symbolic systems, and globalization impacts. Prerequisites: Upper-division undergraduate standing and permission of the instructor.",Humanities,Stanford Engineering Catalog,Graduate
BUSI-805,"Business Ethics, Corporate Responsibility and Human Values","Business Ethics, Corporate Responsibility and Human Values. Ethical decision-making frameworks for corporate executives. Moral philosophy applied to capitalism, stakeholder rights, environmental sustainability (ESG), and cross-cultural business ethics. Prerequisites: Completion of introductory undergraduate coursework in relevant engineering or scientific disciplines.",Business,edX,Advanced Undergraduate
BIOT-107,Stem Cell Biology and Tissue Engineering,"Stem Cell Biology and Tissue Engineering. Mechanisms of cellular pluripotency and regenerative medicine. Embryonic and induced pluripotent stem cells, biomaterial scaffolds, cell-matrix interactions, and bioreactor culture of functional engineered tissues. Prerequisites: Upper-division undergraduate standing and permission of the instructor.",Biotechnology,UC Berkeley Academic Guide,Advanced Undergraduate
CHEM-343,Chemical Process Dynamics and Automated Control,"Chemical Process Dynamics and Automated Control. Mathematical modeling of dynamic chemical processes. Laplace transforms, transfer functions, feedback PID controller tuning, feedback-feedforward control, frequency response analysis, and process stability limits. Prerequisites: Completion of introductory undergraduate coursework in relevant engineering or scientific disciplines.",Chemical Engineering,Harvard University Course Catalog,Advanced Undergraduate
CIVI-557,Environmental Fluid Mechanics and Contaminant Transport,"Environmental Fluid Mechanics and Contaminant Transport. Fluid dynamics and mass transport in aquatic environments. Advection-diffusion equation, turbulent mixing in natural rivers, groundwater pollutant migration, and hydrologic basin modeling. Targeted towards undergraduate and beginning graduate students in relevant university programs.",Civil,Coursera,Graduate
CHEM-843,Chemical Engineering Thermodynamics and Phase Equilibria,"Chemical Engineering Thermodynamics and Phase Equilibria. Thermodynamics of multicomponent fluid mixtures. Equations of state (Peng-Robinson), chemical potentials, fugacity coefficients, activity coefficient models (NRTL, UNIQUAC), and vapor-liquid equilibria (VLE). Recommended background: Prior exposure to core analytical concepts and methodological reasoning.",Chemical Engineering,UC Berkeley Academic Guide,Advanced Undergraduate
PHYS-550,Quantum Mechanics and Atomic Structure,"Quantum Mechanics and Atomic Structure. Fundamental postulates of quantum mechanics. Wave-particle duality, Schrodinger wave equation, square wells, quantum harmonic oscillator, angular momentum operators, and hydrogen atom quantum states. Recommended background: Prior exposure to core analytical concepts and methodological reasoning.",Physics,Stanford Engineering Catalog,Graduate
BUSI-209,Financial Statement Analysis and Accounting,"Financial Statement Analysis and Accounting. Interpretation and construction of financial statements under GAAP and IFRS. Balance sheets, income statements, cash flow statements, revenue recognition rules, inventory costing, and ratio analysis. Targeted towards undergraduate and beginning graduate students in relevant university programs.",Business,MIT OpenCourseWare,Advanced Undergraduate
MECH-670,Micro-Electro-Mechanical Systems (MEMS) Actuators,"Micro-Electro-Mechanical Systems (MEMS) Actuators. Multiphysics design of silicon micro-actuators. Electrostatic comb drives, piezoelectric micro-beams, cleanroom photolithography fabrication, and coupled thermal-fluid simulation. Prerequisites: Upper-division undergraduate standing and permission of the instructor.",Mechanical,Stanford Engineering Catalog,Graduate
BIOT-193,Agricultural Biotechnology and Crop Genetic Engineering,"Agricultural Biotechnology and Crop Genetic Engineering. Application of genetic modification in plant science. Agrobacterium-mediated plant transformation, transgenic crop development, herbicide tolerance traits, pest resistance mechanisms, and biosafety protocols. Prerequisites: Completion of introductory undergraduate coursework in relevant engineering or scientific disciplines.",Biotechnology,Harvard University Course Catalog,Advanced Undergraduate
BUSI-631,Corporate Finance and Capital Structure,"Corporate Finance and Capital Structure. Financial decision making in corporations. Capital budgeting discounted cash flows (NPV, IRR), weighted average cost of capital (WACC), debt vs equity financing, dividend policy, and corporate governance. Prerequisites: Solid foundational coursework in the discipline and consent of the department.",Business,Coursera,Advanced Undergraduate
COMP-138,Distributed Cloud Systems Architecture,"Distributed Cloud Systems Architecture. Architectural principles of fault-tolerant distributed systems. Consensus algorithms (Paxos, Raft), replication consistency models, remote procedure calls (RPC), distributed key-value stores, and cloud microservices. Targeted towards undergraduate and beginning graduate students in relevant university programs.",Computer Science,Coursera,Graduate
BUSI-289,Financial Statement Analysis and Accounting,"Financial Statement Analysis and Accounting. Interpretation and construction of financial statements under GAAP and IFRS. Balance sheets, income statements, cash flow statements, revenue recognition rules, inventory costing, and ratio analysis. Prerequisites: Solid foundational coursework in the discipline and consent of the department.",Business,edX,Undergraduate
CIVI-470,Geotechnical Soil Mechanics,"Geotechnical Soil Mechanics. Fundamental physical and engineering properties of soils. Soil classification, Darcy's permeability law, 1D Terzaghi consolidation theory, effective stress, and Mohr-Coulomb shear strength criteria. Prerequisites: Completion of introductory undergraduate coursework in relevant engineering or scientific disciplines.",Civil,MIT OpenCourseWare,Graduate
MATH-328,"Abstract Algebra: Groups, Rings and Fields","Abstract Algebra: Groups, Rings and Fields. Axiomatic algebraic structures. Group homomorphisms, normal subgroups, quotient groups, Lagrange's theorem, ring ideals, unique factorization domains (UFD), and field extensions. Prerequisites: Completion of introductory undergraduate coursework in relevant engineering or scientific disciplines.",Mathematics,Coursera,Graduate
HUMA-685,Modern Political Philosophy and Ethics,"Modern Political Philosophy and Ethics. Foundational theories of justice, rights, and political governance. Classical and modern political thought including Plato, Aristotle, Hobbes, Locke, Rousseau, Kantian deontology, and utilitarianism. Prerequisites: Completion of introductory undergraduate coursework in relevant engineering or scientific disciplines.",Humanities,edX,Undergraduate
COMP-888,Computer Networks and Internet Protocols,"Computer Networks and Internet Protocols. Architecture and layered protocols of internet systems. TCP flow and congestion control, BGP routing protocols, packet switching, DNS resolution, transport layer security (TLS), and software-defined networking. Prerequisites: Solid foundational coursework in the discipline and consent of the department.",Computer Science,Harvard University Course Catalog,Advanced Undergraduate
HUMA-828,Cognitive Linguistics and Semantic Structures,"Cognitive Linguistics and Semantic Structures. Scientific study of human language and mental grammars. Phonology, morphological derivation, Chomskyan transformational syntax, cognitive semantics, pragmatic context, and sociolinguistics. Recommended background: Prior exposure to core analytical concepts and methodological reasoning.",Humanities,Coursera,Undergraduate
CHEM-792,Biochemical Processing and Enzyme Reactors,"Biochemical Processing and Enzyme Reactors. Application of reaction engineering principles to biological catalysts. Michaelis-Menten kinetics in CSTRs, aeration mass transfer in fermenters, and downstream recovery of bio-products. Prerequisites: Upper-division undergraduate standing and permission of the instructor.",Chemical Engineering,edX,Advanced Undergraduate
COMP-721,Deep Learning and Neural Representation,"Deep Learning and Neural Representation. Theoretical foundations and architectures of deep neural networks. Convolutional neural networks, recurrent architectures, transformer self-attention, loss surface optimization, backpropagation calculus, and GPU model training. Prerequisites: Solid foundational coursework in the discipline and consent of the department.",Computer Science,UC Berkeley Academic Guide,Graduate
BUSI-233,Organizational Behavior and Leadership,"Organizational Behavior and Leadership. Behavioral dynamics within modern corporations. Team leadership, employee motivation theories, transformational leadership styles, organizational culture, conflict management, and change execution. Recommended background: Prior exposure to core analytical concepts and methodological reasoning.",Business,UC Berkeley Academic Guide,Graduate
CIVI-303,Design of Reinforced Concrete Structures,"Design of Reinforced Concrete Structures. Behavior and limit state design of reinforced concrete members. Ultimate flexural strength of beams, shear reinforcement detailing, one-way and two-way floor slabs, and axial-flexural interaction of columns. Recommended background: Prior exposure to core analytical concepts and methodological reasoning.",Civil,Harvard University Course Catalog,Graduate
CIVI-502,Highway Geometric Design and Planning,"Highway Geometric Design and Planning. Principles of highway engineering. Horizontal and vertical alignment curves, sight distance requirements, highway cross-sections, intersection channelization, and AASHTO geometric standards. Prerequisites: Upper-division undergraduate standing and permission of the instructor.",Civil,Coursera,Graduate
COMP-515,Computational Biology and Genome Informatics,"Computational Biology and Genome Informatics. Algorithm development for biological big data. Sequence alignment algorithms, phylogenetic tree clustering, genome assembly heuristics, and neural network models for protein folding. Prerequisites: Upper-division undergraduate standing and permission of the instructor.",Computer Science,Harvard University Course Catalog,Undergraduate
MATH-284,Mathematical Foundations of Quantum Physics,"Mathematical Foundations of Quantum Physics. Rigorous functional analysis applied to quantum mechanics. Hilbert spaces, unbounded self-adjoint linear operators, spectral theorem, and mathematical formulation of observables. Prerequisites: Completion of introductory undergraduate coursework in relevant engineering or scientific disciplines.",Mathematics,Stanford Engineering Catalog,Graduate
COMP-521,Principles of Cybersecurity and Cryptography,"Principles of Cybersecurity and Cryptography. Foundations of computer systems security. Cryptographic primitives, symmetric and asymmetric ciphers, public-key infrastructure, memory exploit defenses, buffer overflows, and zero-trust security architectures. Prerequisites: Solid foundational coursework in the discipline and consent of the department.",Computer Science,Stanford Engineering Catalog,Graduate
HUMA-107,Cognitive Linguistics and Semantic Structures,"Cognitive Linguistics and Semantic Structures. Scientific study of human language and mental grammars. Phonology, morphological derivation, Chomskyan transformational syntax, cognitive semantics, pragmatic context, and sociolinguistics. Prerequisites: Upper-division undergraduate standing and permission of the instructor.",Humanities,Stanford Engineering Catalog,Undergraduate
CHEM-356,Mass Transfer Operations and Separation Processes,"Mass Transfer Operations and Separation Processes. Equilibrium stage and rate-based separation processes. Multicomponent distillation column design, liquid-liquid extraction, gas absorption columns, membrane separations, and McCabe-Thiele stage calculations. Prerequisites: Completion of introductory undergraduate coursework in relevant engineering or scientific disciplines.",Chemical Engineering,edX,Undergraduate
PHYS-444,Nuclear and High-Energy Particle Physics,"Nuclear and High-Energy Particle Physics. Structure and interactions of atomic nuclei and subatomic particles. Radioactive decay kinetics, nuclear fission and fusion reactors, quarks, leptons, gauge bosons, and Standard Model symmetries. Recommended background: Prior exposure to core analytical concepts and methodological reasoning.",Physics,Coursera,Graduate
BIOT-421,Cellular Biochemistry and Metabolic Pathways,"Cellular Biochemistry and Metabolic Pathways. Structure and function of cellular macromolecules. Enzymatic biocatalysis, metabolic pathways (glycolysis, citric acid cycle, oxidative phosphorylation), bioenergetics, and allosteric enzyme regulation. Prerequisites: Solid foundational coursework in the discipline and consent of the department.",Biotechnology,Stanford Engineering Catalog,Graduate
ELEC-331,Semiconductor Device Physics,"Semiconductor Device Physics. Quantum mechanical principles of semiconductor transport. Energy band structures, carrier generation and recombination, p-n junction electrostatics, Schottky diodes, and subthreshold MOSFET characteristics. Prerequisites: Completion of introductory undergraduate coursework in relevant engineering or scientific disciplines.",Electronics,edX,Graduate
MATH-413,"Abstract Algebra: Groups, Rings and Fields","Abstract Algebra: Groups, Rings and Fields. Axiomatic algebraic structures. Group homomorphisms, normal subgroups, quotient groups, Lagrange's theorem, ring ideals, unique factorization domains (UFD), and field extensions. Prerequisites: Completion of introductory undergraduate coursework in relevant engineering or scientific disciplines.",Mathematics,MIT OpenCourseWare,Advanced Undergraduate
BIOT-599,Bioinformatics and Computational Genomics,"Bioinformatics and Computational Genomics. Computational methods for analyzing biological sequence data. Pairwise and multiple sequence alignment (BLAST), hidden Markov models, genome assembly, phylogenetic trees, and protein structural modeling. Prerequisites: Solid foundational coursework in the discipline and consent of the department.",Biotechnology,Coursera,Graduate
COMP-330,Modern Compiler Construction,"Modern Compiler Construction. Theory and design of programming language compilers. Lexical analysis, context-free grammars, LL/LR parsing, intermediate representations (SSA form), data-flow optimization, and machine code generation. Prerequisites: Solid foundational coursework in the discipline and consent of the department.",Computer Science,Harvard University Course Catalog,Undergraduate
CIVI-345,Highway Geometric Design and Planning,"Highway Geometric Design and Planning. Principles of highway engineering. Horizontal and vertical alignment curves, sight distance requirements, highway cross-sections, intersection channelization, and AASHTO geometric standards. Prerequisites: Completion of introductory undergraduate coursework in relevant engineering or scientific disciplines.",Civil,Harvard University Course Catalog,Undergraduate
ELEC-408,RF and Microwave Engineering,"RF and Microwave Engineering. High-frequency electromagnetic wave propagation in transmission lines and microstrips. Smith chart impedance matching, S-parameters, microwave filter design, high-frequency power amplifiers, and directional couplers. Prerequisites: Completion of introductory undergraduate coursework in relevant engineering or scientific disciplines.",Electronics,Coursera,Graduate
BUSI-605,Entrepreneurial Finance and Venture Capital,"Entrepreneurial Finance and Venture Capital. Financing emerging high-growth ventures. Term sheets, convertible notes, venture valuation methods, capitalization tables, angel financing, and startup exit strategies. Prerequisites: Completion of introductory undergraduate coursework in relevant engineering or scientific disciplines.",Business,Coursera,Graduate
COMP-630,Design and Analysis of Algorithms,"Design and Analysis of Algorithms. Fundamental algorithmic design paradigms including divide-and-conquer, greedy optimization, dynamic programming, network flow algorithms, and graph traversals. Worst-case amortized time analysis and NP-completeness reductions are rigorously studied. Prerequisites: Completion of introductory undergraduate coursework in relevant engineering or scientific disciplines.",Computer Science,Coursera,Undergraduate
BUSI-260,Organizational Behavior and Leadership,"Organizational Behavior and Leadership. Behavioral dynamics within modern corporations. Team leadership, employee motivation theories, transformational leadership styles, organizational culture, conflict management, and change execution. Prerequisites: Solid foundational coursework in the discipline and consent of the department.",Business,Harvard University Course Catalog,Undergraduate
MATH-192,Mathematical Foundations of Quantum Physics,"Mathematical Foundations of Quantum Physics. Rigorous functional analysis applied to quantum mechanics. Hilbert spaces, unbounded self-adjoint linear operators, spectral theorem, and mathematical formulation of observables. Prerequisites: Upper-division undergraduate standing and permission of the instructor.",Mathematics,Stanford Engineering Catalog,Undergraduate
HUMA-625,Critical Media Studies and Cultural Communication,"Critical Media Studies and Cultural Communication. Critical analysis of mass media institutions, digital communication networks, and popular culture. Semiotic media decoding, ideological framing, digital disinformation, and algorithmic culture. Prerequisites: Upper-division undergraduate standing and permission of the instructor.",Humanities,Harvard University Course Catalog,Undergraduate
MATH-252,Point-Set and Algebraic Topology,"Point-Set and Algebraic Topology. Topological spaces and continuous mappings. Homeomorphisms, separation axioms, product topologies, connectedness, compactness, fundamental groups, and covering space theory. Targeted towards undergraduate and beginning graduate students in relevant university programs.",Mathematics,edX,Advanced Undergraduate
ELEC-846,Microprocessor Hardware and Interfacing,"Microprocessor Hardware and Interfacing. Architecture of 32-bit RISC microcontrollers. Instruction pipelines, memory hierarchies, cache organization, bus protocols, interrupt controllers, timer peripherals, SPI/I2C interfaces, and low-level firmware integration. Prerequisites: Solid foundational coursework in the discipline and consent of the department.",Electronics,Coursera,Undergraduate
CHEM-482,Chemical Process Dynamics and Automated Control,"Chemical Process Dynamics and Automated Control. Mathematical modeling of dynamic chemical processes. Laplace transforms, transfer functions, feedback PID controller tuning, feedback-feedforward control, frequency response analysis, and process stability limits. Prerequisites: Upper-division undergraduate standing and permission of the instructor.",Chemical Engineering,Harvard University Course Catalog,Advanced Undergraduate
MECH-123,Classical Applied Thermodynamics,"Classical Applied Thermodynamics. Fundamental thermodynamic principles for engineering systems. First and second laws, closed and control volume energy balance, entropy generation, exergy analysis, vapor power Rankine cycles, and gas turbine Brayton cycles. Prerequisites: Completion of introductory undergraduate coursework in relevant engineering or scientific disciplines.",Mechanical,Coursera,Graduate
MECH-271,Micro-Electro-Mechanical Systems (MEMS) Actuators,"Micro-Electro-Mechanical Systems (MEMS) Actuators. Multiphysics design of silicon micro-actuators. Electrostatic comb drives, piezoelectric micro-beams, cleanroom photolithography fabrication, and coupled thermal-fluid simulation. Prerequisites: Upper-division undergraduate standing and permission of the instructor.",Mechanical,edX,Undergraduate
CIVI-451,Geotechnical Soil Mechanics,"Geotechnical Soil Mechanics. Fundamental physical and engineering properties of soils. Soil classification, Darcy's permeability law, 1D Terzaghi consolidation theory, effective stress, and Mohr-Coulomb shear strength criteria. Recommended background: Prior exposure to core analytical concepts and methodological reasoning.",Civil,Stanford Engineering Catalog,Advanced Undergraduate
BUSI-669,"Business Ethics, Corporate Responsibility and Human Values","Business Ethics, Corporate Responsibility and Human Values. Ethical decision-making frameworks for corporate executives. Moral philosophy applied to capitalism, stakeholder rights, environmental sustainability (ESG), and cross-cultural business ethics. Prerequisites: Completion of introductory undergraduate coursework in relevant engineering or scientific disciplines.",Business,MIT OpenCourseWare,Advanced Undergraduate
COMP-120,Computational Biology and Genome Informatics,"Computational Biology and Genome Informatics. Algorithm development for biological big data. Sequence alignment algorithms, phylogenetic tree clustering, genome assembly heuristics, and neural network models for protein folding. Prerequisites: Solid foundational coursework in the discipline and consent of the department.",Computer Science,Harvard University Course Catalog,Graduate
COMP-516,Computer Networks and Internet Protocols,"Computer Networks and Internet Protocols. Architecture and layered protocols of internet systems. TCP flow and congestion control, BGP routing protocols, packet switching, DNS resolution, transport layer security (TLS), and software-defined networking. Prerequisites: Upper-division undergraduate standing and permission of the instructor.",Computer Science,UC Berkeley Academic Guide,Undergraduate
PHYS-636,Quantum Information Theory and Quantum Gates,"Quantum Information Theory and Quantum Gates. Physics of quantum computing architectures. Qubits, superposition states, quantum entanglement, unitary quantum logic gates, decoherence models, and quantum error-correcting codes. Prerequisites: Completion of introductory undergraduate coursework in relevant engineering or scientific disciplines.",Physics,edX,Undergraduate
MATH-202,Real Analysis and Measure Theory,"Real Analysis and Measure Theory. Rigorous mathematical analysis of Euclidean spaces. Metric topologies, compactness, sequences, Cauchy convergence, Riemann-Stieltjes integration, Lebesgue measure, and dominated convergence theorem. Prerequisites: Solid foundational coursework in the discipline and consent of the department.",Mathematics,Harvard University Course Catalog,Undergraduate
BIOT-490,Industrial Microbiology and Downstream Processing,"Industrial Microbiology and Downstream Processing. Production of pharmaceuticals and industrial metabolites using microbes. Secondary metabolite biosynthesis, cell disruption techniques, centrifugation, ultrafiltration, and preparative chromatography. Prerequisites: Upper-division undergraduate standing and permission of the instructor.",Biotechnology,Coursera,Undergraduate
ELEC-455,Wireless Communications and RF Systems,"Wireless Communications and RF Systems. Physical principles of wireless transmission. Digital modulation formats (QAM, PSK), multipath fading channel modeling, orthogonal frequency division multiplexing (OFDM), and MIMO multi-antenna beamforming. Prerequisites: Completion of introductory undergraduate coursework in relevant engineering or scientific disciplines.",Electronics,Coursera,Advanced Undergraduate
ELEC-603,Wireless Communications and RF Systems,"Wireless Communications and RF Systems. Physical principles of wireless transmission. Digital modulation formats (QAM, PSK), multipath fading channel modeling, orthogonal frequency division multiplexing (OFDM), and MIMO multi-antenna beamforming. Targeted towards undergraduate and beginning graduate students in relevant university programs.",Electronics,Coursera,Advanced Undergraduate
COMP-200,Computational Biology and Genome Informatics,"Computational Biology and Genome Informatics. Algorithm development for biological big data. Sequence alignment algorithms, phylogenetic tree clustering, genome assembly heuristics, and neural network models for protein folding. Prerequisites: Upper-division undergraduate standing and permission of the instructor.",Computer Science,Harvard University Course Catalog,Advanced Undergraduate
BIOT-749,Molecular Biology and Recombinant DNA Technology,"Molecular Biology and Recombinant DNA Technology. Molecular mechanisms of gene expression and genetic engineering. DNA replication, transcription, translation, restriction endonucleases, plasmid cloning vectors, CRISPR-Cas9 gene editing, and PCR amplification. Prerequisites: Upper-division undergraduate standing and permission of the instructor.",Biotechnology,edX,Undergraduate
BUSI-527,"Business Ethics, Corporate Responsibility and Human Values","Business Ethics, Corporate Responsibility and Human Values. Ethical decision-making frameworks for corporate executives. Moral philosophy applied to capitalism, stakeholder rights, environmental sustainability (ESG), and cross-cultural business ethics. Targeted towards undergraduate and beginning graduate students in relevant university programs.",Business,MIT OpenCourseWare,Undergraduate
PHYS-826,Nuclear and High-Energy Particle Physics,"Nuclear and High-Energy Particle Physics. Structure and interactions of atomic nuclei and subatomic particles. Radioactive decay kinetics, nuclear fission and fusion reactors, quarks, leptons, gauge bosons, and Standard Model symmetries. Prerequisites: Upper-division undergraduate standing and permission of the instructor.",Physics,UC Berkeley Academic Guide,Graduate
COMP-218,Computational Biology and Genome Informatics,"Computational Biology and Genome Informatics. Algorithm development for biological big data. Sequence alignment algorithms, phylogenetic tree clustering, genome assembly heuristics, and neural network models for protein folding. Prerequisites: Completion of introductory undergraduate coursework in relevant engineering or scientific disciplines.",Computer Science,Stanford Engineering Catalog,Undergraduate
HUMA-759,Modern Political Philosophy and Ethics,"Modern Political Philosophy and Ethics. Foundational theories of justice, rights, and political governance. Classical and modern political thought including Plato, Aristotle, Hobbes, Locke, Rousseau, Kantian deontology, and utilitarianism. Prerequisites: Completion of introductory undergraduate coursework in relevant engineering or scientific disciplines.",Humanities,edX,Advanced Undergraduate
MATH-717,"Abstract Algebra: Groups, Rings and Fields","Abstract Algebra: Groups, Rings and Fields. Axiomatic algebraic structures. Group homomorphisms, normal subgroups, quotient groups, Lagrange's theorem, ring ideals, unique factorization domains (UFD), and field extensions. Prerequisites: Completion of introductory undergraduate coursework in relevant engineering or scientific disciplines.",Mathematics,Coursera,Graduate
MECH-549,Mechanics of Deformable Solids,"Mechanics of Deformable Solids. Stress and strain tensors in structural elements. Axial loading, torsion of circular shafts, bending and shear stress distributions in beams, Mohr's circle analysis, column Euler buckling, and failure yield criteria. Prerequisites: Solid foundational coursework in the discipline and consent of the department.",Mechanical,edX,Graduate
HUMA-230,Modern Political Philosophy and Ethics,"Modern Political Philosophy and Ethics. Foundational theories of justice, rights, and political governance. Classical and modern political thought including Plato, Aristotle, Hobbes, Locke, Rousseau, Kantian deontology, and utilitarianism. Recommended background: Prior exposure to core analytical concepts and methodological reasoning.",Humanities,UC Berkeley Academic Guide,Graduate
BUSI-546,Investment Analysis and Portfolio Management,"Investment Analysis and Portfolio Management. Modern portfolio theory and capital asset pricing model (CAPM). Efficient market hypothesis, equity valuation models, fixed-income duration and convexity, hedge fund strategies, and risk metrics. Targeted towards undergraduate and beginning graduate students in relevant university programs.",Business,UC Berkeley Academic Guide,Advanced Undergraduate
MECH-367,Kinematics and Dynamics of Mechanisms,"Kinematics and Dynamics of Mechanisms. Planar mechanism motion analysis. Four-bar linkages, velocity and acceleration polygon methods, dynamic force balancing, flywheel inertia determination, and balancing of rotating machinery. Recommended background: Prior exposure to core analytical concepts and methodological reasoning.",Mechanical,Coursera,Undergraduate
MECH-452,Manufacturing Processes and Machining,"Manufacturing Processes and Machining. Engineering materials processing. Metal casting, bulk deformation, sheet metal forming, chip formation mechanics in turning and milling, tool wear mechanisms, and CNC machining operations. Prerequisites: Solid foundational coursework in the discipline and consent of the department.",Mechanical,Harvard University Course Catalog,Undergraduate
PHYS-785,Laser Physics and Modern Quantum Optics,"Laser Physics and Modern Quantum Optics. Physics of coherent optical radiation. Spontaneous and stimulated emission, population inversion, optical resonators, laser cavity modes, photon quantization, and nonlinear optical effects. Targeted towards undergraduate and beginning graduate students in relevant university programs.",Physics,MIT OpenCourseWare,Graduate
BUSI-488,"Business Ethics, Corporate Responsibility and Human Values","Business Ethics, Corporate Responsibility and Human Values. Ethical decision-making frameworks for corporate executives. Moral philosophy applied to capitalism, stakeholder rights, environmental sustainability (ESG), and cross-cultural business ethics. Prerequisites: Solid foundational coursework in the discipline and consent of the department.",Business,UC Berkeley Academic Guide,Advanced Undergraduate
BIOT-280,Bioinformatics and Computational Genomics,"Bioinformatics and Computational Genomics. Computational methods for analyzing biological sequence data. Pairwise and multiple sequence alignment (BLAST), hidden Markov models, genome assembly, phylogenetic trees, and protein structural modeling. Prerequisites: Completion of introductory undergraduate coursework in relevant engineering or scientific disciplines.",Biotechnology,MIT OpenCourseWare,Advanced Undergraduate
ELEC-216,Semiconductor Device Physics,"Semiconductor Device Physics. Quantum mechanical principles of semiconductor transport. Energy band structures, carrier generation and recombination, p-n junction electrostatics, Schottky diodes, and subthreshold MOSFET characteristics. Recommended background: Prior exposure to core analytical concepts and methodological reasoning.",Electronics,edX,Undergraduate
MATH-744,Probability Theory and Mathematical Statistics,"Probability Theory and Mathematical Statistics. Measure-theoretic probability foundations. Random variables, characteristic functions, laws of large numbers, central limit theorem, and maximum likelihood statistical estimation. Prerequisites: Solid foundational coursework in the discipline and consent of the department.",Mathematics,edX,Graduate
ELEC-575,RF and Microwave Engineering,"RF and Microwave Engineering. High-frequency electromagnetic wave propagation in transmission lines and microstrips. Smith chart impedance matching, S-parameters, microwave filter design, high-frequency power amplifiers, and directional couplers. Targeted towards undergraduate and beginning graduate students in relevant university programs.",Electronics,Harvard University Course Catalog,Graduate
HUMA-208,Modern Political Philosophy and Ethics,"Modern Political Philosophy and Ethics. Foundational theories of justice, rights, and political governance. Classical and modern political thought including Plato, Aristotle, Hobbes, Locke, Rousseau, Kantian deontology, and utilitarianism. Prerequisites: Solid foundational coursework in the discipline and consent of the department.",Humanities,Stanford Engineering Catalog,Graduate
COMP-194,Distributed Cloud Systems Architecture,"Distributed Cloud Systems Architecture. Architectural principles of fault-tolerant distributed systems. Consensus algorithms (Paxos, Raft), replication consistency models, remote procedure calls (RPC), distributed key-value stores, and cloud microservices. Recommended background: Prior exposure to core analytical concepts and methodological reasoning.",Computer Science,Stanford Engineering Catalog,Advanced Undergraduate
HUMA-108,Global Economic and Civilizational History,"Global Economic and Civilizational History. Historical evolution of human societies and global trade networks. Rise and fall of ancient empires, the Enlightenment, Industrial Revolution, imperialism, and social transformations in the modern world. Prerequisites: Upper-division undergraduate standing and permission of the instructor.",Humanities,UC Berkeley Academic Guide,Graduate
ELEC-210,Microprocessor Hardware and Interfacing,"Microprocessor Hardware and Interfacing. Architecture of 32-bit RISC microcontrollers. Instruction pipelines, memory hierarchies, cache organization, bus protocols, interrupt controllers, timer peripherals, SPI/I2C interfaces, and low-level firmware integration. Prerequisites: Completion of introductory undergraduate coursework in relevant engineering or scientific disciplines.",Electronics,MIT OpenCourseWare,Graduate
MECH-201,Classical Applied Thermodynamics,"Classical Applied Thermodynamics. Fundamental thermodynamic principles for engineering systems. First and second laws, closed and control volume energy balance, entropy generation, exergy analysis, vapor power Rankine cycles, and gas turbine Brayton cycles. Targeted towards undergraduate and beginning graduate students in relevant university programs.",Mechanical,edX,Undergraduate
BUSI-444,Strategic Marketing and Brand Positioning,"Strategic Marketing and Brand Positioning. Core marketing management frameworks. Market segmentation, targeting, and brand positioning (STP), customer lifetime value, pricing strategies, promotional channels, and brand equity development. Prerequisites: Completion of introductory undergraduate coursework in relevant engineering or scientific disciplines.",Business,UC Berkeley Academic Guide,Graduate
MATH-276,Partial Differential Equations in Mathematical Physics,"Partial Differential Equations in Mathematical Physics. Boundary value problems for linear partial differential equations. Heat equation, wave equation, Laplace equation, separation of variables, Fourier transform methods, and Green's functions. Recommended background: Prior exposure to core analytical concepts and methodological reasoning.",Mathematics,edX,Undergraduate
ELEC-149,Wireless Communications and RF Systems,"Wireless Communications and RF Systems. Physical principles of wireless transmission. Digital modulation formats (QAM, PSK), multipath fading channel modeling, orthogonal frequency division multiplexing (OFDM), and MIMO multi-antenna beamforming. Recommended background: Prior exposure to core analytical concepts and methodological reasoning.",Electronics,edX,Graduate
BIOT-739,Stem Cell Biology and Tissue Engineering,"Stem Cell Biology and Tissue Engineering. Mechanisms of cellular pluripotency and regenerative medicine. Embryonic and induced pluripotent stem cells, biomaterial scaffolds, cell-matrix interactions, and bioreactor culture of functional engineered tissues. Recommended background: Prior exposure to core analytical concepts and methodological reasoning.",Biotechnology,Stanford Engineering Catalog,Undergraduate
PHYS-371,Quantum Mechanics and Atomic Structure,"Quantum Mechanics and Atomic Structure. Fundamental postulates of quantum mechanics. Wave-particle duality, Schrodinger wave equation, square wells, quantum harmonic oscillator, angular momentum operators, and hydrogen atom quantum states. Prerequisites: Solid foundational coursework in the discipline and consent of the department.",Physics,edX,Graduate
MECH-628,Mechanical Vibrations and Modal Analysis,"Mechanical Vibrations and Modal Analysis. Vibration analysis of single and multi-degree-of-freedom mechanical systems. Harmonic excitation, resonance response, vibration isolation dampers, continuous beam vibration, and modal extraction. Prerequisites: Upper-division undergraduate standing and permission of the instructor.",Mechanical,Harvard University Course Catalog,Advanced Undergraduate
BIOT-870,Stem Cell Biology and Tissue Engineering,"Stem Cell Biology and Tissue Engineering. Mechanisms of cellular pluripotency and regenerative medicine. Embryonic and induced pluripotent stem cells, biomaterial scaffolds, cell-matrix interactions, and bioreactor culture of functional engineered tissues. Prerequisites: Upper-division undergraduate standing and permission of the instructor.",Biotechnology,Stanford Engineering Catalog,Undergraduate
ELEC-797,Digital VLSI Architecture and Design,"Digital VLSI Architecture and Design. CMOS digital logic design and physical layout. Static and dynamic power consumption, propagation delay calculation, static timing analysis (STA), clock tree synthesis, and Verilog hardware description language. Targeted towards undergraduate and beginning graduate students in relevant university programs.",Electronics,Coursera,Graduate
BUSI-245,Competitive Strategy and Industry Analysis,"Competitive Strategy and Industry Analysis. Frameworks for establishing sustainable competitive advantage. Porter's Five Forces, resource-based view of the firm, value chain configuration, corporate diversification, and industry disruption. Targeted towards undergraduate and beginning graduate students in relevant university programs.",Business,Harvard University Course Catalog,Advanced Undergraduate
HUMA-382,Philosophy of Artificial Intelligence and Mind,"Philosophy of Artificial Intelligence and Mind. Philosophical implications of computational machine intelligence. The Turing Test, Searle's Chinese Room argument, machine consciousness, ethics of autonomous algorithms, and the nature of human cognition. Targeted towards undergraduate and beginning graduate students in relevant university programs.",Humanities,edX,Advanced Undergraduate
COMP-776,Design and Analysis of Algorithms,"Design and Analysis of Algorithms. Fundamental algorithmic design paradigms including divide-and-conquer, greedy optimization, dynamic programming, network flow algorithms, and graph traversals. Worst-case amortized time analysis and NP-completeness reductions are rigorously studied. Prerequisites: Upper-division undergraduate standing and permission of the instructor.",Computer Science,Coursera,Advanced Undergraduate
BUSI-546,Competitive Strategy and Industry Analysis,"Competitive Strategy and Industry Analysis. Frameworks for establishing sustainable competitive advantage. Porter's Five Forces, resource-based view of the firm, value chain configuration, corporate diversification, and industry disruption. Prerequisites: Solid foundational coursework in the discipline and consent of the department.",Business,Harvard University Course Catalog,Advanced Undergraduate
BIOT-804,Bioinformatics Pipeline Engineering and Transcriptomics,"Bioinformatics Pipeline Engineering and Transcriptomics. High-throughput computational pipeline design for next-generation RNA sequencing data. Statistical differential expression, variant calling algorithms, and cloud genomic workflows. Prerequisites: Completion of introductory undergraduate coursework in relevant engineering or scientific disciplines.",Biotechnology,UC Berkeley Academic Guide,Graduate
MECH-468,Micro-Electro-Mechanical Systems (MEMS) Actuators,"Micro-Electro-Mechanical Systems (MEMS) Actuators. Multiphysics design of silicon micro-actuators. Electrostatic comb drives, piezoelectric micro-beams, cleanroom photolithography fabrication, and coupled thermal-fluid simulation. Recommended background: Prior exposure to core analytical concepts and methodological reasoning.",Mechanical,Coursera,Undergraduate
CHEM-524,Chemical Engineering Thermodynamics and Phase Equilibria,"Chemical Engineering Thermodynamics and Phase Equilibria. Thermodynamics of multicomponent fluid mixtures. Equations of state (Peng-Robinson), chemical potentials, fugacity coefficients, activity coefficient models (NRTL, UNIQUAC), and vapor-liquid equilibria (VLE). Recommended background: Prior exposure to core analytical concepts and methodological reasoning.",Chemical Engineering,UC Berkeley Academic Guide,Graduate
BIOT-472,Bioprocess Engineering and Microbial Fermentation,"Bioprocess Engineering and Microbial Fermentation. Engineering principles of microbial cell cultivation. Stoichiometry of cell growth, batch and fed-batch fermentation kinetics, oxygen mass transfer rate (kLa), bioreactor scale-up, and continuous bioprocessing. Prerequisites: Solid foundational coursework in the discipline and consent of the department.",Biotechnology,UC Berkeley Academic Guide,Advanced Undergraduate
MATH-287,Partial Differential Equations in Mathematical Physics,"Partial Differential Equations in Mathematical Physics. Boundary value problems for linear partial differential equations. Heat equation, wave equation, Laplace equation, separation of variables, Fourier transform methods, and Green's functions. Prerequisites: Completion of introductory undergraduate coursework in relevant engineering or scientific disciplines.",Mathematics,Coursera,Graduate
COMP-692,Modern Compiler Construction,"Modern Compiler Construction. Theory and design of programming language compilers. Lexical analysis, context-free grammars, LL/LR parsing, intermediate representations (SSA form), data-flow optimization, and machine code generation. Prerequisites: Solid foundational coursework in the discipline and consent of the department.",Computer Science,Coursera,Graduate
CIVI-353,Highway Geometric Design and Planning,"Highway Geometric Design and Planning. Principles of highway engineering. Horizontal and vertical alignment curves, sight distance requirements, highway cross-sections, intersection channelization, and AASHTO geometric standards. Recommended background: Prior exposure to core analytical concepts and methodological reasoning.",Civil,Coursera,Graduate
BIOT-773,Agricultural Biotechnology and Crop Genetic Engineering,"Agricultural Biotechnology and Crop Genetic Engineering. Application of genetic modification in plant science. Agrobacterium-mediated plant transformation, transgenic crop development, herbicide tolerance traits, pest resistance mechanisms, and biosafety protocols. Prerequisites: Completion of introductory undergraduate coursework in relevant engineering or scientific disciplines.",Biotechnology,Stanford Engineering Catalog,Undergraduate
ELEC-751,Semiconductor Device Physics,"Semiconductor Device Physics. Quantum mechanical principles of semiconductor transport. Energy band structures, carrier generation and recombination, p-n junction electrostatics, Schottky diodes, and subthreshold MOSFET characteristics. Prerequisites: Completion of introductory undergraduate coursework in relevant engineering or scientific disciplines.",Electronics,UC Berkeley Academic Guide,Advanced Undergraduate
COMP-488,Advanced Operating Systems Design,"Advanced Operating Systems Design. Principles of operating system architecture, process scheduling, multithreading primitives, virtual memory management, inter-process communication, file system internals, and kernel concurrency synchronization locks. Prerequisites: Upper-division undergraduate standing and permission of the instructor.",Computer Science,MIT OpenCourseWare,Graduate
MATH-283,Mathematical Foundations of Quantum Physics,"Mathematical Foundations of Quantum Physics. Rigorous functional analysis applied to quantum mechanics. Hilbert spaces, unbounded self-adjoint linear operators, spectral theorem, and mathematical formulation of observables. Prerequisites: Completion of introductory undergraduate coursework in relevant engineering or scientific disciplines.",Mathematics,Stanford Engineering Catalog,Advanced Undergraduate
HUMA-140,Modern Political Philosophy and Ethics,"Modern Political Philosophy and Ethics. Foundational theories of justice, rights, and political governance. Classical and modern political thought including Plato, Aristotle, Hobbes, Locke, Rousseau, Kantian deontology, and utilitarianism. Targeted towards undergraduate and beginning graduate students in relevant university programs.",Humanities,edX,Undergraduate
BUSI-581,Corporate Finance and Capital Structure,"Corporate Finance and Capital Structure. Financial decision making in corporations. Capital budgeting discounted cash flows (NPV, IRR), weighted average cost of capital (WACC), debt vs equity financing, dividend policy, and corporate governance. Recommended background: Prior exposure to core analytical concepts and methodological reasoning.",Business,Stanford Engineering Catalog,Graduate
CHEM-231,Transport Phenomena in Chemical Systems,"Transport Phenomena in Chemical Systems. Unified treatment of momentum, heat, and mass transport. Shell balances, Navier-Stokes equations, thermal conduction/convection, Fick's law of molecular diffusion, and mass transfer coefficients in boundary layers. Prerequisites: Solid foundational coursework in the discipline and consent of the department.",Chemical Engineering,MIT OpenCourseWare,Advanced Undergraduate
MECH-254,Mechanics of Deformable Solids,"Mechanics of Deformable Solids. Stress and strain tensors in structural elements. Axial loading, torsion of circular shafts, bending and shear stress distributions in beams, Mohr's circle analysis, column Euler buckling, and failure yield criteria. Prerequisites: Solid foundational coursework in the discipline and consent of the department.",Mechanical,UC Berkeley Academic Guide,Undergraduate
BIOT-486,Cellular Biochemistry and Metabolic Pathways,"Cellular Biochemistry and Metabolic Pathways. Structure and function of cellular macromolecules. Enzymatic biocatalysis, metabolic pathways (glycolysis, citric acid cycle, oxidative phosphorylation), bioenergetics, and allosteric enzyme regulation. Prerequisites: Completion of introductory undergraduate coursework in relevant engineering or scientific disciplines.",Biotechnology,Stanford Engineering Catalog,Graduate
BUSI-524,Organizational Behavior and Leadership,"Organizational Behavior and Leadership. Behavioral dynamics within modern corporations. Team leadership, employee motivation theories, transformational leadership styles, organizational culture, conflict management, and change execution. Recommended background: Prior exposure to core analytical concepts and methodological reasoning.",Business,Stanford Engineering Catalog,Advanced Undergraduate
COMP-524,Distributed Cloud Systems Architecture,"Distributed Cloud Systems Architecture. Architectural principles of fault-tolerant distributed systems. Consensus algorithms (Paxos, Raft), replication consistency models, remote procedure calls (RPC), distributed key-value stores, and cloud microservices. Targeted towards undergraduate and beginning graduate students in relevant university programs.",Computer Science,MIT OpenCourseWare,Undergraduate
ELEC-548,Digital VLSI Architecture and Design,"Digital VLSI Architecture and Design. CMOS digital logic design and physical layout. Static and dynamic power consumption, propagation delay calculation, static timing analysis (STA), clock tree synthesis, and Verilog hardware description language. Recommended background: Prior exposure to core analytical concepts and methodological reasoning.",Electronics,MIT OpenCourseWare,Undergraduate
BUSI-511,Entrepreneurial Finance and Venture Capital,"Entrepreneurial Finance and Venture Capital. Financing emerging high-growth ventures. Term sheets, convertible notes, venture valuation methods, capitalization tables, angel financing, and startup exit strategies. Prerequisites: Completion of introductory undergraduate coursework in relevant engineering or scientific disciplines.",Business,UC Berkeley Academic Guide,Advanced Undergraduate
PHYS-284,Solid State and Condensed Matter Physics,"Solid State and Condensed Matter Physics. Electronic and crystal structure of solids. Bravais crystal lattices, X-ray Bragg diffraction, phonon vibrations, Bloch's theorem, energy band dispersion, and semiconductor electrical conduction. Prerequisites: Solid foundational coursework in the discipline and consent of the department.",Physics,Stanford Engineering Catalog,Advanced Undergraduate
BIOT-399,Agricultural Biotechnology and Crop Genetic Engineering,"Agricultural Biotechnology and Crop Genetic Engineering. Application of genetic modification in plant science. Agrobacterium-mediated plant transformation, transgenic crop development, herbicide tolerance traits, pest resistance mechanisms, and biosafety protocols. Prerequisites: Solid foundational coursework in the discipline and consent of the department.",Biotechnology,Harvard University Course Catalog,Advanced Undergraduate
ELEC-614,Wireless Communications and RF Systems,"Wireless Communications and RF Systems. Physical principles of wireless transmission. Digital modulation formats (QAM, PSK), multipath fading channel modeling, orthogonal frequency division multiplexing (OFDM), and MIMO multi-antenna beamforming. Recommended background: Prior exposure to core analytical concepts and methodological reasoning.",Electronics,Coursera,Undergraduate
MATH-332,Probability Theory and Mathematical Statistics,"Probability Theory and Mathematical Statistics. Measure-theoretic probability foundations. Random variables, characteristic functions, laws of large numbers, central limit theorem, and maximum likelihood statistical estimation. Prerequisites: Upper-division undergraduate standing and permission of the instructor.",Mathematics,UC Berkeley Academic Guide,Advanced Undergraduate
CHEM-486,Polymer Reaction Engineering and Processing,"Polymer Reaction Engineering and Processing. Polymerization kinetics and processing techniques. Step-growth and chain-growth polymerization, molecular weight distribution modeling, rheology of non-Newtonian polymer melts, and extrusion molding. Recommended background: Prior exposure to core analytical concepts and methodological reasoning.",Chemical Engineering,UC Berkeley Academic Guide,Advanced Undergraduate
ELEC-241,Microprocessor Hardware and Interfacing,"Microprocessor Hardware and Interfacing. Architecture of 32-bit RISC microcontrollers. Instruction pipelines, memory hierarchies, cache organization, bus protocols, interrupt controllers, timer peripherals, SPI/I2C interfaces, and low-level firmware integration. Recommended background: Prior exposure to core analytical concepts and methodological reasoning.",Electronics,MIT OpenCourseWare,Advanced Undergraduate
BIOT-722,Molecular Biology and Recombinant DNA Technology,"Molecular Biology and Recombinant DNA Technology. Molecular mechanisms of gene expression and genetic engineering. DNA replication, transcription, translation, restriction endonucleases, plasmid cloning vectors, CRISPR-Cas9 gene editing, and PCR amplification. Targeted towards undergraduate and beginning graduate students in relevant university programs.",Biotechnology,Stanford Engineering Catalog,Undergraduate
BUSI-670,Organizational Behavior and Leadership,"Organizational Behavior and Leadership. Behavioral dynamics within modern corporations. Team leadership, employee motivation theories, transformational leadership styles, organizational culture, conflict management, and change execution. Prerequisites: Upper-division undergraduate standing and permission of the instructor.",Business,Harvard University Course Catalog,Undergraduate
PHYS-263,Classical Mechanics and Lagrangian Dynamics,"Classical Mechanics and Lagrangian Dynamics. Advanced formulation of classical mechanics. Variational principles, Euler-Lagrange equations of motion, generalized coordinates, conservation laws, central force planetary motion, and Hamiltonian mechanics. Prerequisites: Upper-division undergraduate standing and permission of the instructor.",Physics,UC Berkeley Academic Guide,Graduate
MATH-850,Mathematical Foundations of Quantum Physics,"Mathematical Foundations of Quantum Physics. Rigorous functional analysis applied to quantum mechanics. Hilbert spaces, unbounded self-adjoint linear operators, spectral theorem, and mathematical formulation of observables. Prerequisites: Completion of introductory undergraduate coursework in relevant engineering or scientific disciplines.",Mathematics,Harvard University Course Catalog,Graduate
CHEM-757,Biochemical Processing and Enzyme Reactors,"Biochemical Processing and Enzyme Reactors. Application of reaction engineering principles to biological catalysts. Michaelis-Menten kinetics in CSTRs, aeration mass transfer in fermenters, and downstream recovery of bio-products. Prerequisites: Solid foundational coursework in the discipline and consent of the department.",Chemical Engineering,Harvard University Course Catalog,Graduate
PHYS-656,Electrodynamics and Classical Field Theory,"Electrodynamics and Classical Field Theory. Maxwell's equations and relativistic electromagnetic fields. Gauge transformations, electromagnetic radiation from accelerating charges, wave guides, Poynting vector energy flow, and dipole radiation. Prerequisites: Upper-division undergraduate standing and permission of the instructor.",Physics,Stanford Engineering Catalog,Advanced Undergraduate
MECH-591,Viscous Fluid Dynamics,"Viscous Fluid Dynamics. Continuity, momentum, and energy conservation equations in fluid motion (Navier-Stokes equations). Incompressible viscous laminar flows, boundary layer separation, turbulent pipe flow, Moody friction diagrams, and aerodynamic drag. Prerequisites: Completion of introductory undergraduate coursework in relevant engineering or scientific disciplines.",Mechanical,UC Berkeley Academic Guide,Graduate
PHYS-814,Electrodynamics and Classical Field Theory,"Electrodynamics and Classical Field Theory. Maxwell's equations and relativistic electromagnetic fields. Gauge transformations, electromagnetic radiation from accelerating charges, wave guides, Poynting vector energy flow, and dipole radiation. Targeted towards undergraduate and beginning graduate students in relevant university programs.",Physics,Stanford Engineering Catalog,Advanced Undergraduate
BIOT-494,Cellular Biochemistry and Metabolic Pathways,"Cellular Biochemistry and Metabolic Pathways. Structure and function of cellular macromolecules. Enzymatic biocatalysis, metabolic pathways (glycolysis, citric acid cycle, oxidative phosphorylation), bioenergetics, and allosteric enzyme regulation. Recommended background: Prior exposure to core analytical concepts and methodological reasoning.",Biotechnology,Stanford Engineering Catalog,Graduate
ELEC-482,Digital Signal Processing Systems,"Digital Signal Processing Systems. Theory and implementation of discrete-time signals and systems. Z-transforms, discrete Fourier transform (DFT), fast Fourier transform (FFT), FIR and IIR digital filter design, and hardware DSP architectures. Recommended background: Prior exposure to core analytical concepts and methodological reasoning.",Electronics,edX,Advanced Undergraduate
BUSI-738,Entrepreneurial Finance and Venture Capital,"Entrepreneurial Finance and Venture Capital. Financing emerging high-growth ventures. Term sheets, convertible notes, venture valuation methods, capitalization tables, angel financing, and startup exit strategies. Prerequisites: Solid foundational coursework in the discipline and consent of the department.",Business,Harvard University Course Catalog,Undergraduate
BIOT-626,Molecular Biology and Recombinant DNA Technology,"Molecular Biology and Recombinant DNA Technology. Molecular mechanisms of gene expression and genetic engineering. DNA replication, transcription, translation, restriction endonucleases, plasmid cloning vectors, CRISPR-Cas9 gene editing, and PCR amplification. Targeted towards undergraduate and beginning graduate students in relevant university programs.",Biotechnology,Stanford Engineering Catalog,Graduate
BIOT-723,Immunology and Monoclonal Antibody Technology,"Immunology and Monoclonal Antibody Technology. Principles of humoral and cell-mediated immunity. Antigen recognition, antibody structure, hybridoma technology, recombinant therapeutic monoclonal antibodies, ELISA assays, and immunotherapy design. Prerequisites: Completion of introductory undergraduate coursework in relevant engineering or scientific disciplines.",Biotechnology,MIT OpenCourseWare,Undergraduate
BIOT-271,Molecular Biology and Recombinant DNA Technology,"Molecular Biology and Recombinant DNA Technology. Molecular mechanisms of gene expression and genetic engineering. DNA replication, transcription, translation, restriction endonucleases, plasmid cloning vectors, CRISPR-Cas9 gene editing, and PCR amplification. Prerequisites: Completion of introductory undergraduate coursework in relevant engineering or scientific disciplines.",Biotechnology,UC Berkeley Academic Guide,Advanced Undergraduate
ELEC-839,RF and Microwave Engineering,"RF and Microwave Engineering. High-frequency electromagnetic wave propagation in transmission lines and microstrips. Smith chart impedance matching, S-parameters, microwave filter design, high-frequency power amplifiers, and directional couplers. Targeted towards undergraduate and beginning graduate students in relevant university programs.",Electronics,edX,Graduate
HUMA-466,Modern Political Philosophy and Ethics,"Modern Political Philosophy and Ethics. Foundational theories of justice, rights, and political governance. Classical and modern political thought including Plato, Aristotle, Hobbes, Locke, Rousseau, Kantian deontology, and utilitarianism. Targeted towards undergraduate and beginning graduate students in relevant university programs.",Humanities,Harvard University Course Catalog,Undergraduate
HUMA-268,World Literature and Comparative Literary Theory,"World Literature and Comparative Literary Theory. Critical analysis of global literary masterpieces across historical epochs. Textual hermeneutics, narrative theory, post-colonial literary critique, modernism, and thematic representations of human identity. Prerequisites: Upper-division undergraduate standing and permission of the instructor.",Humanities,UC Berkeley Academic Guide,Undergraduate
CIVI-819,Highway Geometric Design and Planning,"Highway Geometric Design and Planning. Principles of highway engineering. Horizontal and vertical alignment curves, sight distance requirements, highway cross-sections, intersection channelization, and AASHTO geometric standards. Prerequisites: Completion of introductory undergraduate coursework in relevant engineering or scientific disciplines.",Civil,MIT OpenCourseWare,Undergraduate
CHEM-634,Chemical Process Dynamics and Automated Control,"Chemical Process Dynamics and Automated Control. Mathematical modeling of dynamic chemical processes. Laplace transforms, transfer functions, feedback PID controller tuning, feedback-feedforward control, frequency response analysis, and process stability limits. Prerequisites: Completion of introductory undergraduate coursework in relevant engineering or scientific disciplines.",Chemical Engineering,edX,Graduate
ELEC-175,Analog Integrated Circuit Design,"Analog Integrated Circuit Design. Analysis and design of CMOS analog integrated circuits. MOSFET small-signal modeling, single-stage and differential amplifiers, active current mirrors, frequency response, feedback stability margins, and SPICE op-amp simulation. Targeted towards undergraduate and beginning graduate students in relevant university programs.",Electronics,Coursera,Graduate
MECH-859,Conduction and Convective Heat Transfer,"Conduction and Convective Heat Transfer. Heat transfer mechanisms in mechanical systems. Steady and transient conduction, Fourier's law, forced and natural convection boundary layers, dimensionless Nusselt numbers, and heat exchanger effectiveness (NTU method). Prerequisites: Completion of introductory undergraduate coursework in relevant engineering or scientific disciplines.",Mechanical,Coursera,Graduate
HUMA-664,Critical Media Studies and Cultural Communication,"Critical Media Studies and Cultural Communication. Critical analysis of mass media institutions, digital communication networks, and popular culture. Semiotic media decoding, ideological framing, digital disinformation, and algorithmic culture. Prerequisites: Completion of introductory undergraduate coursework in relevant engineering or scientific disciplines.",Humanities,Stanford Engineering Catalog,Advanced Undergraduate
MATH-475,Real Analysis and Measure Theory,"Real Analysis and Measure Theory. Rigorous mathematical analysis of Euclidean spaces. Metric topologies, compactness, sequences, Cauchy convergence, Riemann-Stieltjes integration, Lebesgue measure, and dominated convergence theorem. Targeted towards undergraduate and beginning graduate students in relevant university programs.",Mathematics,edX,Undergraduate
PHYS-172,Classical Mechanics and Lagrangian Dynamics,"Classical Mechanics and Lagrangian Dynamics. Advanced formulation of classical mechanics. Variational principles, Euler-Lagrange equations of motion, generalized coordinates, conservation laws, central force planetary motion, and Hamiltonian mechanics. Recommended background: Prior exposure to core analytical concepts and methodological reasoning.",Physics,Stanford Engineering Catalog,Undergraduate
BIOT-365,Agricultural Biotechnology and Crop Genetic Engineering,"Agricultural Biotechnology and Crop Genetic Engineering. Application of genetic modification in plant science. Agrobacterium-mediated plant transformation, transgenic crop development, herbicide tolerance traits, pest resistance mechanisms, and biosafety protocols. Recommended background: Prior exposure to core analytical concepts and methodological reasoning.",Biotechnology,Stanford Engineering Catalog,Advanced Undergraduate
BIOT-462,Stem Cell Biology and Tissue Engineering,"Stem Cell Biology and Tissue Engineering. Mechanisms of cellular pluripotency and regenerative medicine. Embryonic and induced pluripotent stem cells, biomaterial scaffolds, cell-matrix interactions, and bioreactor culture of functional engineered tissues. Prerequisites: Completion of introductory undergraduate coursework in relevant engineering or scientific disciplines.",Biotechnology,MIT OpenCourseWare,Undergraduate
HUMA-435,Philosophy of Artificial Intelligence and Mind,"Philosophy of Artificial Intelligence and Mind. Philosophical implications of computational machine intelligence. The Turing Test, Searle's Chinese Room argument, machine consciousness, ethics of autonomous algorithms, and the nature of human cognition. Prerequisites: Solid foundational coursework in the discipline and consent of the department.",Humanities,edX,Graduate
CHEM-366,Chemical Engineering Thermodynamics and Phase Equilibria,"Chemical Engineering Thermodynamics and Phase Equilibria. Thermodynamics of multicomponent fluid mixtures. Equations of state (Peng-Robinson), chemical potentials, fugacity coefficients, activity coefficient models (NRTL, UNIQUAC), and vapor-liquid equilibria (VLE). Targeted towards undergraduate and beginning graduate students in relevant university programs.",Chemical Engineering,UC Berkeley Academic Guide,Undergraduate
PHYS-243,Classical Mechanics and Lagrangian Dynamics,"Classical Mechanics and Lagrangian Dynamics. Advanced formulation of classical mechanics. Variational principles, Euler-Lagrange equations of motion, generalized coordinates, conservation laws, central force planetary motion, and Hamiltonian mechanics. Prerequisites: Upper-division undergraduate standing and permission of the instructor.",Physics,Coursera,Graduate
MATH-609,Partial Differential Equations in Mathematical Physics,"Partial Differential Equations in Mathematical Physics. Boundary value problems for linear partial differential equations. Heat equation, wave equation, Laplace equation, separation of variables, Fourier transform methods, and Green's functions. Targeted towards undergraduate and beginning graduate students in relevant university programs.",Mathematics,MIT OpenCourseWare,Undergraduate
BIOT-652,Agricultural Biotechnology and Crop Genetic Engineering,"Agricultural Biotechnology and Crop Genetic Engineering. Application of genetic modification in plant science. Agrobacterium-mediated plant transformation, transgenic crop development, herbicide tolerance traits, pest resistance mechanisms, and biosafety protocols. Targeted towards undergraduate and beginning graduate students in relevant university programs.",Biotechnology,UC Berkeley Academic Guide,Advanced Undergraduate
HUMA-825,Philosophy of Artificial Intelligence and Mind,"Philosophy of Artificial Intelligence and Mind. Philosophical implications of computational machine intelligence. The Turing Test, Searle's Chinese Room argument, machine consciousness, ethics of autonomous algorithms, and the nature of human cognition. Prerequisites: Completion of introductory undergraduate coursework in relevant engineering or scientific disciplines.",Humanities,UC Berkeley Academic Guide,Advanced Undergraduate
HUMA-261,Epistemology and Philosophy of Mind,"Epistemology and Philosophy of Mind. Philosophical inquiry into the nature of knowledge, truth, and mental consciousness. Rationalism vs empiricism, skeptical arguments, dualism, functionalism, intentionality, and cognitive experience. Prerequisites: Upper-division undergraduate standing and permission of the instructor.",Humanities,UC Berkeley Academic Guide,Advanced Undergraduate
BUSI-683,Investment Analysis and Portfolio Management,"Investment Analysis and Portfolio Management. Modern portfolio theory and capital asset pricing model (CAPM). Efficient market hypothesis, equity valuation models, fixed-income duration and convexity, hedge fund strategies, and risk metrics. Prerequisites: Solid foundational coursework in the discipline and consent of the department.",Business,Coursera,Graduate
HUMA-740,Epistemology and Philosophy of Mind,"Epistemology and Philosophy of Mind. Philosophical inquiry into the nature of knowledge, truth, and mental consciousness. Rationalism vs empiricism, skeptical arguments, dualism, functionalism, intentionality, and cognitive experience. Targeted towards undergraduate and beginning graduate students in relevant university programs.",Humanities,Stanford Engineering Catalog,Advanced Undergraduate
CHEM-893,Mass Transfer Operations and Separation Processes,"Mass Transfer Operations and Separation Processes. Equilibrium stage and rate-based separation processes. Multicomponent distillation column design, liquid-liquid extraction, gas absorption columns, membrane separations, and McCabe-Thiele stage calculations. Recommended background: Prior exposure to core analytical concepts and methodological reasoning.",Chemical Engineering,edX,Graduate
MECH-772,Classical Applied Thermodynamics,"Classical Applied Thermodynamics. Fundamental thermodynamic principles for engineering systems. First and second laws, closed and control volume energy balance, entropy generation, exergy analysis, vapor power Rankine cycles, and gas turbine Brayton cycles. Prerequisites: Upper-division undergraduate standing and permission of the instructor.",Mechanical,Stanford Engineering Catalog,Advanced Undergraduate
BUSI-238,"Business Ethics, Corporate Responsibility and Human Values","Business Ethics, Corporate Responsibility and Human Values. Ethical decision-making frameworks for corporate executives. Moral philosophy applied to capitalism, stakeholder rights, environmental sustainability (ESG), and cross-cultural business ethics. Prerequisites: Solid foundational coursework in the discipline and consent of the department.",Business,MIT OpenCourseWare,Undergraduate
BIOT-872,Bioprocess Engineering and Microbial Fermentation,"Bioprocess Engineering and Microbial Fermentation. Engineering principles of microbial cell cultivation. Stoichiometry of cell growth, batch and fed-batch fermentation kinetics, oxygen mass transfer rate (kLa), bioreactor scale-up, and continuous bioprocessing. Prerequisites: Solid foundational coursework in the discipline and consent of the department.",Biotechnology,Coursera,Graduate
BUSI-830,Entrepreneurial Finance and Venture Capital,"Entrepreneurial Finance and Venture Capital. Financing emerging high-growth ventures. Term sheets, convertible notes, venture valuation methods, capitalization tables, angel financing, and startup exit strategies. Prerequisites: Completion of introductory undergraduate coursework in relevant engineering or scientific disciplines.",Business,Harvard University Course Catalog,Advanced Undergraduate
ELEC-201,Wireless Communications and RF Systems,"Wireless Communications and RF Systems. Physical principles of wireless transmission. Digital modulation formats (QAM, PSK), multipath fading channel modeling, orthogonal frequency division multiplexing (OFDM), and MIMO multi-antenna beamforming. Prerequisites: Upper-division undergraduate standing and permission of the instructor.",Electronics,Harvard University Course Catalog,Advanced Undergraduate
HUMA-241,World Literature and Comparative Literary Theory,"World Literature and Comparative Literary Theory. Critical analysis of global literary masterpieces across historical epochs. Textual hermeneutics, narrative theory, post-colonial literary critique, modernism, and thematic representations of human identity. Recommended background: Prior exposure to core analytical concepts and methodological reasoning.",Humanities,UC Berkeley Academic Guide,Advanced Undergraduate
HUMA-601,Art History and Visual Cultural Theory,"Art History and Visual Cultural Theory. Evolution of visual art forms and aesthetic theories. Renaissance perspective, Baroque movement, Modernist avant-garde movements, iconography analysis, and museum curatorial practices. Prerequisites: Completion of introductory undergraduate coursework in relevant engineering or scientific disciplines.",Humanities,UC Berkeley Academic Guide,Advanced Undergraduate
MECH-467,Mechanics of Deformable Solids,"Mechanics of Deformable Solids. Stress and strain tensors in structural elements. Axial loading, torsion of circular shafts, bending and shear stress distributions in beams, Mohr's circle analysis, column Euler buckling, and failure yield criteria. Prerequisites: Upper-division undergraduate standing and permission of the instructor.",Mechanical,Harvard University Course Catalog,Advanced Undergraduate
ELEC-321,RF and Microwave Engineering,"RF and Microwave Engineering. High-frequency electromagnetic wave propagation in transmission lines and microstrips. Smith chart impedance matching, S-parameters, microwave filter design, high-frequency power amplifiers, and directional couplers. Prerequisites: Upper-division undergraduate standing and permission of the instructor.",Electronics,UC Berkeley Academic Guide,Undergraduate
COMP-538,Modern Compiler Construction,"Modern Compiler Construction. Theory and design of programming language compilers. Lexical analysis, context-free grammars, LL/LR parsing, intermediate representations (SSA form), data-flow optimization, and machine code generation. Prerequisites: Upper-division undergraduate standing and permission of the instructor.",Computer Science,edX,Graduate
CHEM-746,Chemical Engineering Thermodynamics and Phase Equilibria,"Chemical Engineering Thermodynamics and Phase Equilibria. Thermodynamics of multicomponent fluid mixtures. Equations of state (Peng-Robinson), chemical potentials, fugacity coefficients, activity coefficient models (NRTL, UNIQUAC), and vapor-liquid equilibria (VLE). Prerequisites: Upper-division undergraduate standing and permission of the instructor.",Chemical Engineering,MIT OpenCourseWare,Undergraduate
BUSI-473,Competitive Strategy and Industry Analysis,"Competitive Strategy and Industry Analysis. Frameworks for establishing sustainable competitive advantage. Porter's Five Forces, resource-based view of the firm, value chain configuration, corporate diversification, and industry disruption. Prerequisites: Upper-division undergraduate standing and permission of the instructor.",Business,Stanford Engineering Catalog,Undergraduate
PHYS-255,Classical Mechanics and Lagrangian Dynamics,"Classical Mechanics and Lagrangian Dynamics. Advanced formulation of classical mechanics. Variational principles, Euler-Lagrange equations of motion, generalized coordinates, conservation laws, central force planetary motion, and Hamiltonian mechanics. Recommended background: Prior exposure to core analytical concepts and methodological reasoning.",Physics,Stanford Engineering Catalog,Undergraduate
HUMA-386,Global Economic and Civilizational History,"Global Economic and Civilizational History. Historical evolution of human societies and global trade networks. Rise and fall of ancient empires, the Enlightenment, Industrial Revolution, imperialism, and social transformations in the modern world. Prerequisites: Solid foundational coursework in the discipline and consent of the department.",Humanities,Harvard University Course Catalog,Graduate
HUMA-395,Modern Political Philosophy and Ethics,"Modern Political Philosophy and Ethics. Foundational theories of justice, rights, and political governance. Classical and modern political thought including Plato, Aristotle, Hobbes, Locke, Rousseau, Kantian deontology, and utilitarianism. Recommended background: Prior exposure to core analytical concepts and methodological reasoning.",Humanities,edX,Advanced Undergraduate
CHEM-686,Process Safety and Plant Design in Chemical Industry,"Process Safety and Plant Design in Chemical Industry. Design and hazard mitigation in chemical production facilities. Process flow diagrams (PFD), piping and instrumentation diagrams (P&ID), HAZOP safety reviews, pressure relief sizing, and capital cost estimation. Prerequisites: Upper-division undergraduate standing and permission of the instructor.",Chemical Engineering,Coursera,Advanced Undergraduate
CIVI-585,Geotechnical Soil Mechanics,"Geotechnical Soil Mechanics. Fundamental physical and engineering properties of soils. Soil classification, Darcy's permeability law, 1D Terzaghi consolidation theory, effective stress, and Mohr-Coulomb shear strength criteria. Prerequisites: Upper-division undergraduate standing and permission of the instructor.",Civil,Stanford Engineering Catalog,Graduate
MATH-810,Real Analysis and Measure Theory,"Real Analysis and Measure Theory. Rigorous mathematical analysis of Euclidean spaces. Metric topologies, compactness, sequences, Cauchy convergence, Riemann-Stieltjes integration, Lebesgue measure, and dominated convergence theorem. Prerequisites: Completion of introductory undergraduate coursework in relevant engineering or scientific disciplines.",Mathematics,Harvard University Course Catalog,Advanced Undergraduate
CHEM-682,Chemical Process Dynamics and Automated Control,"Chemical Process Dynamics and Automated Control. Mathematical modeling of dynamic chemical processes. Laplace transforms, transfer functions, feedback PID controller tuning, feedback-feedforward control, frequency response analysis, and process stability limits. Prerequisites: Solid foundational coursework in the discipline and consent of the department.",Chemical Engineering,Stanford Engineering Catalog,Advanced Undergraduate
MATH-418,Ordinary Differential Equations and Dynamical Systems,"Ordinary Differential Equations and Dynamical Systems. Linear and nonlinear ordinary differential equations. Existence and uniqueness theorems (Picard-Lindelof), phase portrait analysis, Lyapunov stability theory, and bifurcation behavior. Targeted towards undergraduate and beginning graduate students in relevant university programs.",Mathematics,Stanford Engineering Catalog,Advanced Undergraduate
BIOT-138,Bioinformatics and Computational Genomics,"Bioinformatics and Computational Genomics. Computational methods for analyzing biological sequence data. Pairwise and multiple sequence alignment (BLAST), hidden Markov models, genome assembly, phylogenetic trees, and protein structural modeling. Prerequisites: Upper-division undergraduate standing and permission of the instructor.",Biotechnology,Coursera,Undergraduate
PHYS-251,Quantum Mechanics and Atomic Structure,"Quantum Mechanics and Atomic Structure. Fundamental postulates of quantum mechanics. Wave-particle duality, Schrodinger wave equation, square wells, quantum harmonic oscillator, angular momentum operators, and hydrogen atom quantum states. Prerequisites: Solid foundational coursework in the discipline and consent of the department.",Physics,Stanford Engineering Catalog,Undergraduate
MECH-557,Mechanics of Deformable Solids,"Mechanics of Deformable Solids. Stress and strain tensors in structural elements. Axial loading, torsion of circular shafts, bending and shear stress distributions in beams, Mohr's circle analysis, column Euler buckling, and failure yield criteria. Recommended background: Prior exposure to core analytical concepts and methodological reasoning.",Mechanical,edX,Advanced Undergraduate
ELEC-346,Power Electronics and Energy Conversion,"Power Electronics and Energy Conversion. Analysis of solid-state power electronic converters. Switch-mode DC-DC buck, boost, and flyback converters, inverter topologies, pulse-width modulation (PWM) control, and thermal dissipation management. Prerequisites: Upper-division undergraduate standing and permission of the instructor.",Electronics,UC Berkeley Academic Guide,Advanced Undergraduate
MATH-241,Real Analysis and Measure Theory,"Real Analysis and Measure Theory. Rigorous mathematical analysis of Euclidean spaces. Metric topologies, compactness, sequences, Cauchy convergence, Riemann-Stieltjes integration, Lebesgue measure, and dominated convergence theorem. Prerequisites: Upper-division undergraduate standing and permission of the instructor.",Mathematics,UC Berkeley Academic Guide,Advanced Undergraduate
MECH-818,Mechanical Vibrations and Modal Analysis,"Mechanical Vibrations and Modal Analysis. Vibration analysis of single and multi-degree-of-freedom mechanical systems. Harmonic excitation, resonance response, vibration isolation dampers, continuous beam vibration, and modal extraction. Prerequisites: Upper-division undergraduate standing and permission of the instructor.",Mechanical,Harvard University Course Catalog,Advanced Undergraduate
COMP-577,Design and Analysis of Algorithms,"Design and Analysis of Algorithms. Fundamental algorithmic design paradigms including divide-and-conquer, greedy optimization, dynamic programming, network flow algorithms, and graph traversals. Worst-case amortized time analysis and NP-completeness reductions are rigorously studied. Targeted towards undergraduate and beginning graduate students in relevant university programs.",Computer Science,edX,Graduate
BIOT-534,Industrial Microbiology and Downstream Processing,"Industrial Microbiology and Downstream Processing. Production of pharmaceuticals and industrial metabolites using microbes. Secondary metabolite biosynthesis, cell disruption techniques, centrifugation, ultrafiltration, and preparative chromatography. Prerequisites: Completion of introductory undergraduate coursework in relevant engineering or scientific disciplines.",Biotechnology,edX,Advanced Undergraduate
BIOT-193,Cellular Biochemistry and Metabolic Pathways,"Cellular Biochemistry and Metabolic Pathways. Structure and function of cellular macromolecules. Enzymatic biocatalysis, metabolic pathways (glycolysis, citric acid cycle, oxidative phosphorylation), bioenergetics, and allosteric enzyme regulation. Prerequisites: Completion of introductory undergraduate coursework in relevant engineering or scientific disciplines.",Biotechnology,edX,Undergraduate
CHEM-119,Chemical Reaction Engineering and Reactor Kinetics,"Chemical Reaction Engineering and Reactor Kinetics. Kinetics of homogeneous and heterogeneous chemical reactions. Ideal batch, continuous stirred-tank (CSTR), and plug flow reactors (PFR). Catalytic kinetics, non-isothermal reactor operation, and thermal runaway prevention. Prerequisites: Upper-division undergraduate standing and permission of the instructor.",Chemical Engineering,edX,Advanced Undergraduate
HUMA-446,Critical Media Studies and Cultural Communication,"Critical Media Studies and Cultural Communication. Critical analysis of mass media institutions, digital communication networks, and popular culture. Semiotic media decoding, ideological framing, digital disinformation, and algorithmic culture. Prerequisites: Solid foundational coursework in the discipline and consent of the department.",Humanities,Harvard University Course Catalog,Advanced Undergraduate
CIVI-357,Environmental Fluid Mechanics and Contaminant Transport,"Environmental Fluid Mechanics and Contaminant Transport. Fluid dynamics and mass transport in aquatic environments. Advection-diffusion equation, turbulent mixing in natural rivers, groundwater pollutant migration, and hydrologic basin modeling. Prerequisites: Solid foundational coursework in the discipline and consent of the department.",Civil,Stanford Engineering Catalog,Undergraduate
HUMA-198,Philosophy of Artificial Intelligence and Mind,"Philosophy of Artificial Intelligence and Mind. Philosophical implications of computational machine intelligence. The Turing Test, Searle's Chinese Room argument, machine consciousness, ethics of autonomous algorithms, and the nature of human cognition. Recommended background: Prior exposure to core analytical concepts and methodological reasoning.",Humanities,Harvard University Course Catalog,Graduate
PHYS-228,Quantum Information Theory and Quantum Gates,"Quantum Information Theory and Quantum Gates. Physics of quantum computing architectures. Qubits, superposition states, quantum entanglement, unitary quantum logic gates, decoherence models, and quantum error-correcting codes. Targeted towards undergraduate and beginning graduate students in relevant university programs.",Physics,Stanford Engineering Catalog,Undergraduate
BIOT-251,Industrial Microbiology and Downstream Processing,"Industrial Microbiology and Downstream Processing. Production of pharmaceuticals and industrial metabolites using microbes. Secondary metabolite biosynthesis, cell disruption techniques, centrifugation, ultrafiltration, and preparative chromatography. Prerequisites: Upper-division undergraduate standing and permission of the instructor.",Biotechnology,edX,Graduate
HUMA-682,Cognitive Linguistics and Semantic Structures,"Cognitive Linguistics and Semantic Structures. Scientific study of human language and mental grammars. Phonology, morphological derivation, Chomskyan transformational syntax, cognitive semantics, pragmatic context, and sociolinguistics. Prerequisites: Upper-division undergraduate standing and permission of the instructor.",Humanities,Coursera,Undergraduate
BIOT-399,Bioinformatics and Computational Genomics,"Bioinformatics and Computational Genomics. Computational methods for analyzing biological sequence data. Pairwise and multiple sequence alignment (BLAST), hidden Markov models, genome assembly, phylogenetic trees, and protein structural modeling. Prerequisites: Completion of introductory undergraduate coursework in relevant engineering or scientific disciplines.",Biotechnology,MIT OpenCourseWare,Graduate
MECH-871,Mechanical Vibrations and Modal Analysis,"Mechanical Vibrations and Modal Analysis. Vibration analysis of single and multi-degree-of-freedom mechanical systems. Harmonic excitation, resonance response, vibration isolation dampers, continuous beam vibration, and modal extraction. Prerequisites: Solid foundational coursework in the discipline and consent of the department.",Mechanical,edX,Advanced Undergraduate
COMP-431,Computational Biology and Genome Informatics,"Computational Biology and Genome Informatics. Algorithm development for biological big data. Sequence alignment algorithms, phylogenetic tree clustering, genome assembly heuristics, and neural network models for protein folding. Prerequisites: Upper-division undergraduate standing and permission of the instructor.",Computer Science,Coursera,Undergraduate
MECH-390,Manufacturing Processes and Machining,"Manufacturing Processes and Machining. Engineering materials processing. Metal casting, bulk deformation, sheet metal forming, chip formation mechanics in turning and milling, tool wear mechanisms, and CNC machining operations. Prerequisites: Solid foundational coursework in the discipline and consent of the department.",Mechanical,edX,Advanced Undergraduate
COMP-555,Relational Database Management Systems,"Relational Database Management Systems. Database management internals, relational data algebra, declarative SQL optimization, B+ tree indexing structures, query execution plans, ACID transaction concurrency, and write-ahead logging protocols. Prerequisites: Upper-division undergraduate standing and permission of the instructor.",Computer Science,Stanford Engineering Catalog,Undergraduate
MATH-696,Point-Set and Algebraic Topology,"Point-Set and Algebraic Topology. Topological spaces and continuous mappings. Homeomorphisms, separation axioms, product topologies, connectedness, compactness, fundamental groups, and covering space theory. Recommended background: Prior exposure to core analytical concepts and methodological reasoning.",Mathematics,Stanford Engineering Catalog,Graduate
BUSI-323,Financial Statement Analysis and Accounting,"Financial Statement Analysis and Accounting. Interpretation and construction of financial statements under GAAP and IFRS. Balance sheets, income statements, cash flow statements, revenue recognition rules, inventory costing, and ratio analysis. Prerequisites: Solid foundational coursework in the discipline and consent of the department.",Business,Coursera,Graduate
BIOT-897,Cellular Biochemistry and Metabolic Pathways,"Cellular Biochemistry and Metabolic Pathways. Structure and function of cellular macromolecules. Enzymatic biocatalysis, metabolic pathways (glycolysis, citric acid cycle, oxidative phosphorylation), bioenergetics, and allosteric enzyme regulation. Prerequisites: Upper-division undergraduate standing and permission of the instructor.",Biotechnology,Harvard University Course Catalog,Undergraduate
PHYS-258,Classical Mechanics and Lagrangian Dynamics,"Classical Mechanics and Lagrangian Dynamics. Advanced formulation of classical mechanics. Variational principles, Euler-Lagrange equations of motion, generalized coordinates, conservation laws, central force planetary motion, and Hamiltonian mechanics. Targeted towards undergraduate and beginning graduate students in relevant university programs.",Physics,edX,Graduate
COMP-547,Modern Compiler Construction,"Modern Compiler Construction. Theory and design of programming language compilers. Lexical analysis, context-free grammars, LL/LR parsing, intermediate representations (SSA form), data-flow optimization, and machine code generation. Prerequisites: Solid foundational coursework in the discipline and consent of the department.",Computer Science,UC Berkeley Academic Guide,Graduate
MECH-813,Manufacturing Processes and Machining,"Manufacturing Processes and Machining. Engineering materials processing. Metal casting, bulk deformation, sheet metal forming, chip formation mechanics in turning and milling, tool wear mechanisms, and CNC machining operations. Prerequisites: Completion of introductory undergraduate coursework in relevant engineering or scientific disciplines.",Mechanical,Harvard University Course Catalog,Undergraduate
CHEM-788,Chemical Reaction Engineering and Reactor Kinetics,"Chemical Reaction Engineering and Reactor Kinetics. Kinetics of homogeneous and heterogeneous chemical reactions. Ideal batch, continuous stirred-tank (CSTR), and plug flow reactors (PFR). Catalytic kinetics, non-isothermal reactor operation, and thermal runaway prevention. Prerequisites: Solid foundational coursework in the discipline and consent of the department.",Chemical Engineering,Stanford Engineering Catalog,Graduate
ELEC-755,RF and Microwave Engineering,"RF and Microwave Engineering. High-frequency electromagnetic wave propagation in transmission lines and microstrips. Smith chart impedance matching, S-parameters, microwave filter design, high-frequency power amplifiers, and directional couplers. Recommended background: Prior exposure to core analytical concepts and methodological reasoning.",Electronics,MIT OpenCourseWare,Undergraduate
CHEM-424,Biochemical Reaction and Bioseparation Engineering,"Biochemical Reaction and Bioseparation Engineering. Engineering analysis of biological reaction systems. Enzyme kinetics (Michaelis-Menten), bioreactor design and oxygen transfer aeration, sterilization protocols, and downstream protein purification chromatography. Prerequisites: Completion of introductory undergraduate coursework in relevant engineering or scientific disciplines.",Chemical Engineering,MIT OpenCourseWare,Advanced Undergraduate
PHYS-899,Nuclear and High-Energy Particle Physics,"Nuclear and High-Energy Particle Physics. Structure and interactions of atomic nuclei and subatomic particles. Radioactive decay kinetics, nuclear fission and fusion reactors, quarks, leptons, gauge bosons, and Standard Model symmetries. Prerequisites: Completion of introductory undergraduate coursework in relevant engineering or scientific disciplines.",Physics,UC Berkeley Academic Guide,Advanced Undergraduate
CIVI-237,Hydraulic Engineering and Open Channel Flow,"Hydraulic Engineering and Open Channel Flow. Fluid flow in open channels and pipe networks. Manning's uniform flow equation, specific energy, hydraulic jumps, gradually varied flow profile computations, and culvert hydraulic sizing. Targeted towards undergraduate and beginning graduate students in relevant university programs.",Civil,Coursera,Advanced Undergraduate
MATH-493,Mathematical Foundations of Quantum Physics,"Mathematical Foundations of Quantum Physics. Rigorous functional analysis applied to quantum mechanics. Hilbert spaces, unbounded self-adjoint linear operators, spectral theorem, and mathematical formulation of observables. Targeted towards undergraduate and beginning graduate students in relevant university programs.",Mathematics,edX,Advanced Undergraduate
COMP-196,Modern Compiler Construction,"Modern Compiler Construction. Theory and design of programming language compilers. Lexical analysis, context-free grammars, LL/LR parsing, intermediate representations (SSA form), data-flow optimization, and machine code generation. Prerequisites: Upper-division undergraduate standing and permission of the instructor.",Computer Science,Coursera,Graduate
ELEC-245,Semiconductor Device Physics,"Semiconductor Device Physics. Quantum mechanical principles of semiconductor transport. Energy band structures, carrier generation and recombination, p-n junction electrostatics, Schottky diodes, and subthreshold MOSFET characteristics. Prerequisites: Upper-division undergraduate standing and permission of the instructor.",Electronics,MIT OpenCourseWare,Undergraduate
CHEM-714,Biochemical Reaction and Bioseparation Engineering,"Biochemical Reaction and Bioseparation Engineering. Engineering analysis of biological reaction systems. Enzyme kinetics (Michaelis-Menten), bioreactor design and oxygen transfer aeration, sterilization protocols, and downstream protein purification chromatography. Prerequisites: Completion of introductory undergraduate coursework in relevant engineering or scientific disciplines.",Chemical Engineering,edX,Undergraduate
ELEC-258,Power Electronics and Energy Conversion,"Power Electronics and Energy Conversion. Analysis of solid-state power electronic converters. Switch-mode DC-DC buck, boost, and flyback converters, inverter topologies, pulse-width modulation (PWM) control, and thermal dissipation management. Targeted towards undergraduate and beginning graduate students in relevant university programs.",Electronics,Coursera,Undergraduate
HUMA-708,Art History and Visual Cultural Theory,"Art History and Visual Cultural Theory. Evolution of visual art forms and aesthetic theories. Renaissance perspective, Baroque movement, Modernist avant-garde movements, iconography analysis, and museum curatorial practices. Prerequisites: Completion of introductory undergraduate coursework in relevant engineering or scientific disciplines.",Humanities,Coursera,Undergraduate
CHEM-243,Chemical Reaction Engineering and Reactor Kinetics,"Chemical Reaction Engineering and Reactor Kinetics. Kinetics of homogeneous and heterogeneous chemical reactions. Ideal batch, continuous stirred-tank (CSTR), and plug flow reactors (PFR). Catalytic kinetics, non-isothermal reactor operation, and thermal runaway prevention. Targeted towards undergraduate and beginning graduate students in relevant university programs.",Chemical Engineering,Coursera,Advanced Undergraduate
PHYS-776,Solid State and Condensed Matter Physics,"Solid State and Condensed Matter Physics. Electronic and crystal structure of solids. Bravais crystal lattices, X-ray Bragg diffraction, phonon vibrations, Bloch's theorem, energy band dispersion, and semiconductor electrical conduction. Targeted towards undergraduate and beginning graduate students in relevant university programs.",Physics,edX,Graduate
CHEM-269,Chemical Process Dynamics and Automated Control,"Chemical Process Dynamics and Automated Control. Mathematical modeling of dynamic chemical processes. Laplace transforms, transfer functions, feedback PID controller tuning, feedback-feedforward control, frequency response analysis, and process stability limits. Prerequisites: Completion of introductory undergraduate coursework in relevant engineering or scientific disciplines.",Chemical Engineering,Harvard University Course Catalog,Undergraduate
BIOT-168,Industrial Microbiology and Downstream Processing,"Industrial Microbiology and Downstream Processing. Production of pharmaceuticals and industrial metabolites using microbes. Secondary metabolite biosynthesis, cell disruption techniques, centrifugation, ultrafiltration, and preparative chromatography. Prerequisites: Solid foundational coursework in the discipline and consent of the department.",Biotechnology,edX,Graduate
HUMA-597,Global Economic and Civilizational History,"Global Economic and Civilizational History. Historical evolution of human societies and global trade networks. Rise and fall of ancient empires, the Enlightenment, Industrial Revolution, imperialism, and social transformations in the modern world. Recommended background: Prior exposure to core analytical concepts and methodological reasoning.",Humanities,Coursera,Graduate
BUSI-295,Strategic Marketing and Brand Positioning,"Strategic Marketing and Brand Positioning. Core marketing management frameworks. Market segmentation, targeting, and brand positioning (STP), customer lifetime value, pricing strategies, promotional channels, and brand equity development. Targeted towards undergraduate and beginning graduate students in relevant university programs.",Business,edX,Advanced Undergraduate
COMP-117,Computational Biology and Genome Informatics,"Computational Biology and Genome Informatics. Algorithm development for biological big data. Sequence alignment algorithms, phylogenetic tree clustering, genome assembly heuristics, and neural network models for protein folding. Prerequisites: Solid foundational coursework in the discipline and consent of the department.",Computer Science,Coursera,Advanced Undergraduate
HUMA-530,Philosophy of Artificial Intelligence and Mind,"Philosophy of Artificial Intelligence and Mind. Philosophical implications of computational machine intelligence. The Turing Test, Searle's Chinese Room argument, machine consciousness, ethics of autonomous algorithms, and the nature of human cognition. Prerequisites: Completion of introductory undergraduate coursework in relevant engineering or scientific disciplines.",Humanities,Stanford Engineering Catalog,Advanced Undergraduate
HUMA-215,Epistemology and Philosophy of Mind,"Epistemology and Philosophy of Mind. Philosophical inquiry into the nature of knowledge, truth, and mental consciousness. Rationalism vs empiricism, skeptical arguments, dualism, functionalism, intentionality, and cognitive experience. Targeted towards undergraduate and beginning graduate students in relevant university programs.",Humanities,Coursera,Advanced Undergraduate
CHEM-815,Biochemical Reaction and Bioseparation Engineering,"Biochemical Reaction and Bioseparation Engineering. Engineering analysis of biological reaction systems. Enzyme kinetics (Michaelis-Menten), bioreactor design and oxygen transfer aeration, sterilization protocols, and downstream protein purification chromatography. Recommended background: Prior exposure to core analytical concepts and methodological reasoning.",Chemical Engineering,edX,Graduate
BUSI-506,Organizational Behavior and Leadership,"Organizational Behavior and Leadership. Behavioral dynamics within modern corporations. Team leadership, employee motivation theories, transformational leadership styles, organizational culture, conflict management, and change execution. Targeted towards undergraduate and beginning graduate students in relevant university programs.",Business,Harvard University Course Catalog,Graduate
CIVI-757,Structural Analysis and Matrix Methods,"Structural Analysis and Matrix Methods. Static analysis of indeterminate structural frames, trusses, and continuous beams. Moment distribution, slope deflection methods, influence lines, virtual work energy principles, and stiffness matrix formulations. Prerequisites: Solid foundational coursework in the discipline and consent of the department.",Civil,Harvard University Course Catalog,Graduate
PHYS-580,Nuclear and High-Energy Particle Physics,"Nuclear and High-Energy Particle Physics. Structure and interactions of atomic nuclei and subatomic particles. Radioactive decay kinetics, nuclear fission and fusion reactors, quarks, leptons, gauge bosons, and Standard Model symmetries. Recommended background: Prior exposure to core analytical concepts and methodological reasoning.",Physics,edX,Advanced Undergraduate
BIOT-273,Agricultural Biotechnology and Crop Genetic Engineering,"Agricultural Biotechnology and Crop Genetic Engineering. Application of genetic modification in plant science. Agrobacterium-mediated plant transformation, transgenic crop development, herbicide tolerance traits, pest resistance mechanisms, and biosafety protocols. Recommended background: Prior exposure to core analytical concepts and methodological reasoning.",Biotechnology,Stanford Engineering Catalog,Undergraduate
CHEM-282,Biochemical Processing and Enzyme Reactors,"Biochemical Processing and Enzyme Reactors. Application of reaction engineering principles to biological catalysts. Michaelis-Menten kinetics in CSTRs, aeration mass transfer in fermenters, and downstream recovery of bio-products. Targeted towards undergraduate and beginning graduate students in relevant university programs.",Chemical Engineering,edX,Undergraduate
CHEM-120,Mass Transfer Operations and Separation Processes,"Mass Transfer Operations and Separation Processes. Equilibrium stage and rate-based separation processes. Multicomponent distillation column design, liquid-liquid extraction, gas absorption columns, membrane separations, and McCabe-Thiele stage calculations. Targeted towards undergraduate and beginning graduate students in relevant university programs.",Chemical Engineering,edX,Graduate
CHEM-871,Chemical Process Dynamics and Automated Control,"Chemical Process Dynamics and Automated Control. Mathematical modeling of dynamic chemical processes. Laplace transforms, transfer functions, feedback PID controller tuning, feedback-feedforward control, frequency response analysis, and process stability limits. Prerequisites: Upper-division undergraduate standing and permission of the instructor.",Chemical Engineering,Harvard University Course Catalog,Advanced Undergraduate
MATH-124,Ordinary Differential Equations and Dynamical Systems,"Ordinary Differential Equations and Dynamical Systems. Linear and nonlinear ordinary differential equations. Existence and uniqueness theorems (Picard-Lindelof), phase portrait analysis, Lyapunov stability theory, and bifurcation behavior. Recommended background: Prior exposure to core analytical concepts and methodological reasoning.",Mathematics,MIT OpenCourseWare,Graduate
CHEM-492,Biochemical Processing and Enzyme Reactors,"Biochemical Processing and Enzyme Reactors. Application of reaction engineering principles to biological catalysts. Michaelis-Menten kinetics in CSTRs, aeration mass transfer in fermenters, and downstream recovery of bio-products. Prerequisites: Completion of introductory undergraduate coursework in relevant engineering or scientific disciplines.",Chemical Engineering,UC Berkeley Academic Guide,Graduate
MATH-842,Advanced Linear Algebra and Vector Spaces,"Advanced Linear Algebra and Vector Spaces. Vector spaces over arbitrary fields. Linear transformations, dual spaces, spectral theorem for normal operators, Jordan canonical forms, minimal polynomials, and inner product geometry. Prerequisites: Solid foundational coursework in the discipline and consent of the department.",Mathematics,Coursera,Undergraduate
MATH-886,Point-Set and Algebraic Topology,"Point-Set and Algebraic Topology. Topological spaces and continuous mappings. Homeomorphisms, separation axioms, product topologies, connectedness, compactness, fundamental groups, and covering space theory. Prerequisites: Solid foundational coursework in the discipline and consent of the department.",Mathematics,Harvard University Course Catalog,Advanced Undergraduate
MECH-439,Micro-Electro-Mechanical Systems (MEMS) Actuators,"Micro-Electro-Mechanical Systems (MEMS) Actuators. Multiphysics design of silicon micro-actuators. Electrostatic comb drives, piezoelectric micro-beams, cleanroom photolithography fabrication, and coupled thermal-fluid simulation. Prerequisites: Solid foundational coursework in the discipline and consent of the department.",Mechanical,Coursera,Undergraduate
ELEC-252,Power Electronics and Energy Conversion,"Power Electronics and Energy Conversion. Analysis of solid-state power electronic converters. Switch-mode DC-DC buck, boost, and flyback converters, inverter topologies, pulse-width modulation (PWM) control, and thermal dissipation management. Prerequisites: Solid foundational coursework in the discipline and consent of the department.",Electronics,Harvard University Course Catalog,Undergraduate
BUSI-135,"Business Ethics, Corporate Responsibility and Human Values","Business Ethics, Corporate Responsibility and Human Values. Ethical decision-making frameworks for corporate executives. Moral philosophy applied to capitalism, stakeholder rights, environmental sustainability (ESG), and cross-cultural business ethics. Recommended background: Prior exposure to core analytical concepts and methodological reasoning.",Business,MIT OpenCourseWare,Graduate
CIVI-532,Hydraulic Engineering and Open Channel Flow,"Hydraulic Engineering and Open Channel Flow. Fluid flow in open channels and pipe networks. Manning's uniform flow equation, specific energy, hydraulic jumps, gradually varied flow profile computations, and culvert hydraulic sizing. Prerequisites: Solid foundational coursework in the discipline and consent of the department.",Civil,Harvard University Course Catalog,Undergraduate
MECH-359,Mechanics of Deformable Solids,"Mechanics of Deformable Solids. Stress and strain tensors in structural elements. Axial loading, torsion of circular shafts, bending and shear stress distributions in beams, Mohr's circle analysis, column Euler buckling, and failure yield criteria. Recommended background: Prior exposure to core analytical concepts and methodological reasoning.",Mechanical,Harvard University Course Catalog,Undergraduate
HUMA-450,Modern Political Philosophy and Ethics,"Modern Political Philosophy and Ethics. Foundational theories of justice, rights, and political governance. Classical and modern political thought including Plato, Aristotle, Hobbes, Locke, Rousseau, Kantian deontology, and utilitarianism. Prerequisites: Solid foundational coursework in the discipline and consent of the department.",Humanities,Stanford Engineering Catalog,Graduate
BIOT-516,Bioprocess Engineering and Microbial Fermentation,"Bioprocess Engineering and Microbial Fermentation. Engineering principles of microbial cell cultivation. Stoichiometry of cell growth, batch and fed-batch fermentation kinetics, oxygen mass transfer rate (kLa), bioreactor scale-up, and continuous bioprocessing. Prerequisites: Completion of introductory undergraduate coursework in relevant engineering or scientific disciplines.",Biotechnology,MIT OpenCourseWare,Graduate
CIVI-239,Hydraulic Engineering and Open Channel Flow,"Hydraulic Engineering and Open Channel Flow. Fluid flow in open channels and pipe networks. Manning's uniform flow equation, specific energy, hydraulic jumps, gradually varied flow profile computations, and culvert hydraulic sizing. Prerequisites: Completion of introductory undergraduate coursework in relevant engineering or scientific disciplines.",Civil,Harvard University Course Catalog,Graduate
CHEM-795,Process Safety and Plant Design in Chemical Industry,"Process Safety and Plant Design in Chemical Industry. Design and hazard mitigation in chemical production facilities. Process flow diagrams (PFD), piping and instrumentation diagrams (P&ID), HAZOP safety reviews, pressure relief sizing, and capital cost estimation. Prerequisites: Upper-division undergraduate standing and permission of the instructor.",Chemical Engineering,Harvard University Course Catalog,Undergraduate
BUSI-662,"Business Ethics, Corporate Responsibility and Human Values","Business Ethics, Corporate Responsibility and Human Values. Ethical decision-making frameworks for corporate executives. Moral philosophy applied to capitalism, stakeholder rights, environmental sustainability (ESG), and cross-cultural business ethics. Prerequisites: Solid foundational coursework in the discipline and consent of the department.",Business,Stanford Engineering Catalog,Advanced Undergraduate
HUMA-110,Critical Media Studies and Cultural Communication,"Critical Media Studies and Cultural Communication. Critical analysis of mass media institutions, digital communication networks, and popular culture. Semiotic media decoding, ideological framing, digital disinformation, and algorithmic culture. Recommended background: Prior exposure to core analytical concepts and methodological reasoning.",Humanities,edX,Undergraduate
ELEC-569,Semiconductor Device Physics,"Semiconductor Device Physics. Quantum mechanical principles of semiconductor transport. Energy band structures, carrier generation and recombination, p-n junction electrostatics, Schottky diodes, and subthreshold MOSFET characteristics. Prerequisites: Upper-division undergraduate standing and permission of the instructor.",Electronics,MIT OpenCourseWare,Undergraduate
HUMA-556,Cognitive Linguistics and Semantic Structures,"Cognitive Linguistics and Semantic Structures. Scientific study of human language and mental grammars. Phonology, morphological derivation, Chomskyan transformational syntax, cognitive semantics, pragmatic context, and sociolinguistics. Prerequisites: Upper-division undergraduate standing and permission of the instructor.",Humanities,Harvard University Course Catalog,Advanced Undergraduate
MECH-258,Manufacturing Processes and Machining,"Manufacturing Processes and Machining. Engineering materials processing. Metal casting, bulk deformation, sheet metal forming, chip formation mechanics in turning and milling, tool wear mechanisms, and CNC machining operations. Prerequisites: Solid foundational coursework in the discipline and consent of the department.",Mechanical,MIT OpenCourseWare,Advanced Undergraduate
MECH-618,Micro-Electro-Mechanical Systems (MEMS) Actuators,"Micro-Electro-Mechanical Systems (MEMS) Actuators. Multiphysics design of silicon micro-actuators. Electrostatic comb drives, piezoelectric micro-beams, cleanroom photolithography fabrication, and coupled thermal-fluid simulation. Recommended background: Prior exposure to core analytical concepts and methodological reasoning.",Mechanical,Coursera,Graduate
CIVI-805,Structural Analysis and Matrix Methods,"Structural Analysis and Matrix Methods. Static analysis of indeterminate structural frames, trusses, and continuous beams. Moment distribution, slope deflection methods, influence lines, virtual work energy principles, and stiffness matrix formulations. Prerequisites: Upper-division undergraduate standing and permission of the instructor.",Civil,Stanford Engineering Catalog,Advanced Undergraduate
MATH-545,Complex Analysis and Conformal Mapping,"Complex Analysis and Conformal Mapping. Theory of functions of a complex variable. Cauchy-Riemann equations, Cauchy's integral theorem, Taylor and Laurent series expansions, residue calculus, contour integrals, and conformal mappings. Prerequisites: Solid foundational coursework in the discipline and consent of the department.",Mathematics,Harvard University Course Catalog,Advanced Undergraduate
MECH-701,Mechanical Vibrations and Modal Analysis,"Mechanical Vibrations and Modal Analysis. Vibration analysis of single and multi-degree-of-freedom mechanical systems. Harmonic excitation, resonance response, vibration isolation dampers, continuous beam vibration, and modal extraction. Prerequisites: Upper-division undergraduate standing and permission of the instructor.",Mechanical,MIT OpenCourseWare,Advanced Undergraduate
MECH-774,Conduction and Convective Heat Transfer,"Conduction and Convective Heat Transfer. Heat transfer mechanisms in mechanical systems. Steady and transient conduction, Fourier's law, forced and natural convection boundary layers, dimensionless Nusselt numbers, and heat exchanger effectiveness (NTU method). Prerequisites: Upper-division undergraduate standing and permission of the instructor.",Mechanical,UC Berkeley Academic Guide,Undergraduate
BIOT-381,Agricultural Biotechnology and Crop Genetic Engineering,"Agricultural Biotechnology and Crop Genetic Engineering. Application of genetic modification in plant science. Agrobacterium-mediated plant transformation, transgenic crop development, herbicide tolerance traits, pest resistance mechanisms, and biosafety protocols. Prerequisites: Solid foundational coursework in the discipline and consent of the department.",Biotechnology,Harvard University Course Catalog,Graduate
MATH-592,Mathematical Foundations of Quantum Physics,"Mathematical Foundations of Quantum Physics. Rigorous functional analysis applied to quantum mechanics. Hilbert spaces, unbounded self-adjoint linear operators, spectral theorem, and mathematical formulation of observables. Prerequisites: Completion of introductory undergraduate coursework in relevant engineering or scientific disciplines.",Mathematics,Harvard University Course Catalog,Advanced Undergraduate
BIOT-208,Industrial Microbiology and Downstream Processing,"Industrial Microbiology and Downstream Processing. Production of pharmaceuticals and industrial metabolites using microbes. Secondary metabolite biosynthesis, cell disruption techniques, centrifugation, ultrafiltration, and preparative chromatography. Targeted towards undergraduate and beginning graduate students in relevant university programs.",Biotechnology,MIT OpenCourseWare,Undergraduate
HUMA-422,World Literature and Comparative Literary Theory,"World Literature and Comparative Literary Theory. Critical analysis of global literary masterpieces across historical epochs. Textual hermeneutics, narrative theory, post-colonial literary critique, modernism, and thematic representations of human identity. Prerequisites: Upper-division undergraduate standing and permission of the instructor.",Humanities,MIT OpenCourseWare,Graduate
BUSI-583,Competitive Strategy and Industry Analysis,"Competitive Strategy and Industry Analysis. Frameworks for establishing sustainable competitive advantage. Porter's Five Forces, resource-based view of the firm, value chain configuration, corporate diversification, and industry disruption. Prerequisites: Upper-division undergraduate standing and permission of the instructor.",Business,Coursera,Undergraduate
CHEM-726,Mass Transfer Operations and Separation Processes,"Mass Transfer Operations and Separation Processes. Equilibrium stage and rate-based separation processes. Multicomponent distillation column design, liquid-liquid extraction, gas absorption columns, membrane separations, and McCabe-Thiele stage calculations. Prerequisites: Upper-division undergraduate standing and permission of the instructor.",Chemical Engineering,UC Berkeley Academic Guide,Advanced Undergraduate
COMP-281,Principles of Cybersecurity and Cryptography,"Principles of Cybersecurity and Cryptography. Foundations of computer systems security. Cryptographic primitives, symmetric and asymmetric ciphers, public-key infrastructure, memory exploit defenses, buffer overflows, and zero-trust security architectures. Prerequisites: Upper-division undergraduate standing and permission of the instructor.",Computer Science,Harvard University Course Catalog,Graduate
CHEM-543,Polymer Reaction Engineering and Processing,"Polymer Reaction Engineering and Processing. Polymerization kinetics and processing techniques. Step-growth and chain-growth polymerization, molecular weight distribution modeling, rheology of non-Newtonian polymer melts, and extrusion molding. Prerequisites: Solid foundational coursework in the discipline and consent of the department.",Chemical Engineering,Stanford Engineering Catalog,Advanced Undergraduate
MATH-547,Probability Theory and Mathematical Statistics,"Probability Theory and Mathematical Statistics. Measure-theoretic probability foundations. Random variables, characteristic functions, laws of large numbers, central limit theorem, and maximum likelihood statistical estimation. Prerequisites: Solid foundational coursework in the discipline and consent of the department.",Mathematics,MIT OpenCourseWare,Advanced Undergraduate
BIOT-368,Cellular Biochemistry and Metabolic Pathways,"Cellular Biochemistry and Metabolic Pathways. Structure and function of cellular macromolecules. Enzymatic biocatalysis, metabolic pathways (glycolysis, citric acid cycle, oxidative phosphorylation), bioenergetics, and allosteric enzyme regulation. Prerequisites: Completion of introductory undergraduate coursework in relevant engineering or scientific disciplines.",Biotechnology,UC Berkeley Academic Guide,Advanced Undergraduate
CIVI-349,Environmental Water Treatment Engineering,"Environmental Water Treatment Engineering. Physical, chemical, and biological unit operations for municipal water purification. Coagulation, flocculation, rapid sand filtration, chlorination disinfection, and activated sludge wastewater treatment. Targeted towards undergraduate and beginning graduate students in relevant university programs.",Civil,MIT OpenCourseWare,Undergraduate
BIOT-535,Industrial Microbiology and Downstream Processing,"Industrial Microbiology and Downstream Processing. Production of pharmaceuticals and industrial metabolites using microbes. Secondary metabolite biosynthesis, cell disruption techniques, centrifugation, ultrafiltration, and preparative chromatography. Prerequisites: Completion of introductory undergraduate coursework in relevant engineering or scientific disciplines.",Biotechnology,Harvard University Course Catalog,Undergraduate
CHEM-334,Chemical Process Dynamics and Automated Control,"Chemical Process Dynamics and Automated Control. Mathematical modeling of dynamic chemical processes. Laplace transforms, transfer functions, feedback PID controller tuning, feedback-feedforward control, frequency response analysis, and process stability limits. Prerequisites: Solid foundational coursework in the discipline and consent of the department.",Chemical Engineering,MIT OpenCourseWare,Undergraduate
CHEM-233,Biochemical Reaction and Bioseparation Engineering,"Biochemical Reaction and Bioseparation Engineering. Engineering analysis of biological reaction systems. Enzyme kinetics (Michaelis-Menten), bioreactor design and oxygen transfer aeration, sterilization protocols, and downstream protein purification chromatography. Targeted towards undergraduate and beginning graduate students in relevant university programs.",Chemical Engineering,Harvard University Course Catalog,Graduate
HUMA-880,Cognitive Linguistics and Semantic Structures,"Cognitive Linguistics and Semantic Structures. Scientific study of human language and mental grammars. Phonology, morphological derivation, Chomskyan transformational syntax, cognitive semantics, pragmatic context, and sociolinguistics. Prerequisites: Upper-division undergraduate standing and permission of the instructor.",Humanities,UC Berkeley Academic Guide,Undergraduate
HUMA-492,Philosophy of Artificial Intelligence and Mind,"Philosophy of Artificial Intelligence and Mind. Philosophical implications of computational machine intelligence. The Turing Test, Searle's Chinese Room argument, machine consciousness, ethics of autonomous algorithms, and the nature of human cognition. Prerequisites: Solid foundational coursework in the discipline and consent of the department.",Humanities,edX,Undergraduate
HUMA-674,Cognitive Linguistics and Semantic Structures,"Cognitive Linguistics and Semantic Structures. Scientific study of human language and mental grammars. Phonology, morphological derivation, Chomskyan transformational syntax, cognitive semantics, pragmatic context, and sociolinguistics. Recommended background: Prior exposure to core analytical concepts and methodological reasoning.",Humanities,Stanford Engineering Catalog,Advanced Undergraduate
BIOT-760,Bioinformatics Pipeline Engineering and Transcriptomics,"Bioinformatics Pipeline Engineering and Transcriptomics. High-throughput computational pipeline design for next-generation RNA sequencing data. Statistical differential expression, variant calling algorithms, and cloud genomic workflows. Recommended background: Prior exposure to core analytical concepts and methodological reasoning.",Biotechnology,edX,Advanced Undergraduate
ELEC-672,RF and Microwave Engineering,"RF and Microwave Engineering. High-frequency electromagnetic wave propagation in transmission lines and microstrips. Smith chart impedance matching, S-parameters, microwave filter design, high-frequency power amplifiers, and directional couplers. Prerequisites: Upper-division undergraduate standing and permission of the instructor.",Electronics,edX,Undergraduate
HUMA-471,Cognitive Linguistics and Semantic Structures,"Cognitive Linguistics and Semantic Structures. Scientific study of human language and mental grammars. Phonology, morphological derivation, Chomskyan transformational syntax, cognitive semantics, pragmatic context, and sociolinguistics. Prerequisites: Completion of introductory undergraduate coursework in relevant engineering or scientific disciplines.",Humanities,UC Berkeley Academic Guide,Undergraduate
COMP-744,Deep Learning and Neural Representation,"Deep Learning and Neural Representation. Theoretical foundations and architectures of deep neural networks. Convolutional neural networks, recurrent architectures, transformer self-attention, loss surface optimization, backpropagation calculus, and GPU model training. Prerequisites: Solid foundational coursework in the discipline and consent of the department.",Computer Science,MIT OpenCourseWare,Graduate
BUSI-312,Strategic Marketing and Brand Positioning,"Strategic Marketing and Brand Positioning. Core marketing management frameworks. Market segmentation, targeting, and brand positioning (STP), customer lifetime value, pricing strategies, promotional channels, and brand equity development. Targeted towards undergraduate and beginning graduate students in relevant university programs.",Business,Harvard University Course Catalog,Undergraduate
HUMA-713,World Literature and Comparative Literary Theory,"World Literature and Comparative Literary Theory. Critical analysis of global literary masterpieces across historical epochs. Textual hermeneutics, narrative theory, post-colonial literary critique, modernism, and thematic representations of human identity. Targeted towards undergraduate and beginning graduate students in relevant university programs.",Humanities,MIT OpenCourseWare,Graduate
MECH-552,Conduction and Convective Heat Transfer,"Conduction and Convective Heat Transfer. Heat transfer mechanisms in mechanical systems. Steady and transient conduction, Fourier's law, forced and natural convection boundary layers, dimensionless Nusselt numbers, and heat exchanger effectiveness (NTU method). Recommended background: Prior exposure to core analytical concepts and methodological reasoning.",Mechanical,Stanford Engineering Catalog,Undergraduate
HUMA-632,Epistemology and Philosophy of Mind,"Epistemology and Philosophy of Mind. Philosophical inquiry into the nature of knowledge, truth, and mental consciousness. Rationalism vs empiricism, skeptical arguments, dualism, functionalism, intentionality, and cognitive experience. Recommended background: Prior exposure to core analytical concepts and methodological reasoning.",Humanities,UC Berkeley Academic Guide,Advanced Undergraduate
BUSI-720,Investment Analysis and Portfolio Management,"Investment Analysis and Portfolio Management. Modern portfolio theory and capital asset pricing model (CAPM). Efficient market hypothesis, equity valuation models, fixed-income duration and convexity, hedge fund strategies, and risk metrics. Recommended background: Prior exposure to core analytical concepts and methodological reasoning.",Business,MIT OpenCourseWare,Graduate
ELEC-493,Digital Signal Processing Systems,"Digital Signal Processing Systems. Theory and implementation of discrete-time signals and systems. Z-transforms, discrete Fourier transform (DFT), fast Fourier transform (FFT), FIR and IIR digital filter design, and hardware DSP architectures. Targeted towards undergraduate and beginning graduate students in relevant university programs.",Electronics,UC Berkeley Academic Guide,Undergraduate
MECH-600,Viscous Fluid Dynamics,"Viscous Fluid Dynamics. Continuity, momentum, and energy conservation equations in fluid motion (Navier-Stokes equations). Incompressible viscous laminar flows, boundary layer separation, turbulent pipe flow, Moody friction diagrams, and aerodynamic drag. Prerequisites: Completion of introductory undergraduate coursework in relevant engineering or scientific disciplines.",Mechanical,edX,Graduate
CIVI-281,Structural Analysis and Matrix Methods,"Structural Analysis and Matrix Methods. Static analysis of indeterminate structural frames, trusses, and continuous beams. Moment distribution, slope deflection methods, influence lines, virtual work energy principles, and stiffness matrix formulations. Prerequisites: Completion of introductory undergraduate coursework in relevant engineering or scientific disciplines.",Civil,Stanford Engineering Catalog,Advanced Undergraduate
HUMA-244,Philosophy of Artificial Intelligence and Mind,"Philosophy of Artificial Intelligence and Mind. Philosophical implications of computational machine intelligence. The Turing Test, Searle's Chinese Room argument, machine consciousness, ethics of autonomous algorithms, and the nature of human cognition. Recommended background: Prior exposure to core analytical concepts and methodological reasoning.",Humanities,Harvard University Course Catalog,Graduate
BUSI-358,Investment Analysis and Portfolio Management,"Investment Analysis and Portfolio Management. Modern portfolio theory and capital asset pricing model (CAPM). Efficient market hypothesis, equity valuation models, fixed-income duration and convexity, hedge fund strategies, and risk metrics. Recommended background: Prior exposure to core analytical concepts and methodological reasoning.",Business,edX,Graduate
COMP-171,Relational Database Management Systems,"Relational Database Management Systems. Database management internals, relational data algebra, declarative SQL optimization, B+ tree indexing structures, query execution plans, ACID transaction concurrency, and write-ahead logging protocols. Targeted towards undergraduate and beginning graduate students in relevant university programs.",Computer Science,UC Berkeley Academic Guide,Undergraduate
BUSI-155,Competitive Strategy and Industry Analysis,"Competitive Strategy and Industry Analysis. Frameworks for establishing sustainable competitive advantage. Porter's Five Forces, resource-based view of the firm, value chain configuration, corporate diversification, and industry disruption. Prerequisites: Solid foundational coursework in the discipline and consent of the department.",Business,Stanford Engineering Catalog,Graduate
PHYS-738,Nuclear and High-Energy Particle Physics,"Nuclear and High-Energy Particle Physics. Structure and interactions of atomic nuclei and subatomic particles. Radioactive decay kinetics, nuclear fission and fusion reactors, quarks, leptons, gauge bosons, and Standard Model symmetries. Recommended background: Prior exposure to core analytical concepts and methodological reasoning.",Physics,MIT OpenCourseWare,Graduate
PHYS-846,General Relativity and Gravitational Physics,"General Relativity and Gravitational Physics. Geometric theory of gravitation. Tensor calculus on Riemannian manifolds, Einstein field equations, geodesic motion in curved spacetime, Schwarzschild black holes, and gravitational waves. Prerequisites: Upper-division undergraduate standing and permission of the instructor.",Physics,Coursera,Advanced Undergraduate
CHEM-715,Biochemical Reaction and Bioseparation Engineering,"Biochemical Reaction and Bioseparation Engineering. Engineering analysis of biological reaction systems. Enzyme kinetics (Michaelis-Menten), bioreactor design and oxygen transfer aeration, sterilization protocols, and downstream protein purification chromatography. Targeted towards undergraduate and beginning graduate students in relevant university programs.",Chemical Engineering,Harvard University Course Catalog,Advanced Undergraduate
ELEC-253,Wireless Communications and RF Systems,"Wireless Communications and RF Systems. Physical principles of wireless transmission. Digital modulation formats (QAM, PSK), multipath fading channel modeling, orthogonal frequency division multiplexing (OFDM), and MIMO multi-antenna beamforming. Prerequisites: Completion of introductory undergraduate coursework in relevant engineering or scientific disciplines.",Electronics,UC Berkeley Academic Guide,Graduate
BIOT-221,Molecular Biology and Recombinant DNA Technology,"Molecular Biology and Recombinant DNA Technology. Molecular mechanisms of gene expression and genetic engineering. DNA replication, transcription, translation, restriction endonucleases, plasmid cloning vectors, CRISPR-Cas9 gene editing, and PCR amplification. Prerequisites: Upper-division undergraduate standing and permission of the instructor.",Biotechnology,UC Berkeley Academic Guide,Graduate
BUSI-602,Organizational Behavior and Leadership,"Organizational Behavior and Leadership. Behavioral dynamics within modern corporations. Team leadership, employee motivation theories, transformational leadership styles, organizational culture, conflict management, and change execution. Prerequisites: Completion of introductory undergraduate coursework in relevant engineering or scientific disciplines.",Business,Stanford Engineering Catalog,Graduate
BUSI-292,Investment Analysis and Portfolio Management,"Investment Analysis and Portfolio Management. Modern portfolio theory and capital asset pricing model (CAPM). Efficient market hypothesis, equity valuation models, fixed-income duration and convexity, hedge fund strategies, and risk metrics. Prerequisites: Upper-division undergraduate standing and permission of the instructor.",Business,UC Berkeley Academic Guide,Undergraduate
MECH-521,Mechanical Elements Machine Design,"Mechanical Elements Machine Design. Design principles for mechanical machine components. Fatigue loading life calculation, hydrodynamic journal bearings, spur and helical gear rating, bolted joint preload, compression springs, clutches, and brakes. Recommended background: Prior exposure to core analytical concepts and methodological reasoning.",Mechanical,edX,Advanced Undergraduate
HUMA-803,Critical Media Studies and Cultural Communication,"Critical Media Studies and Cultural Communication. Critical analysis of mass media institutions, digital communication networks, and popular culture. Semiotic media decoding, ideological framing, digital disinformation, and algorithmic culture. Recommended background: Prior exposure to core analytical concepts and methodological reasoning.",Humanities,Stanford Engineering Catalog,Undergraduate
CIVI-777,Design of Reinforced Concrete Structures,"Design of Reinforced Concrete Structures. Behavior and limit state design of reinforced concrete members. Ultimate flexural strength of beams, shear reinforcement detailing, one-way and two-way floor slabs, and axial-flexural interaction of columns. Prerequisites: Upper-division undergraduate standing and permission of the instructor.",Civil,Coursera,Advanced Undergraduate
MATH-575,Probability Theory and Mathematical Statistics,"Probability Theory and Mathematical Statistics. Measure-theoretic probability foundations. Random variables, characteristic functions, laws of large numbers, central limit theorem, and maximum likelihood statistical estimation. Recommended background: Prior exposure to core analytical concepts and methodological reasoning.",Mathematics,Coursera,Graduate
ELEC-672,Digital Signal Processing Systems,"Digital Signal Processing Systems. Theory and implementation of discrete-time signals and systems. Z-transforms, discrete Fourier transform (DFT), fast Fourier transform (FFT), FIR and IIR digital filter design, and hardware DSP architectures. Prerequisites: Completion of introductory undergraduate coursework in relevant engineering or scientific disciplines.",Electronics,edX,Undergraduate
MATH-420,Complex Analysis and Conformal Mapping,"Complex Analysis and Conformal Mapping. Theory of functions of a complex variable. Cauchy-Riemann equations, Cauchy's integral theorem, Taylor and Laurent series expansions, residue calculus, contour integrals, and conformal mappings. Recommended background: Prior exposure to core analytical concepts and methodological reasoning.",Mathematics,Harvard University Course Catalog,Advanced Undergraduate
CIVI-801,Structural Analysis and Matrix Methods,"Structural Analysis and Matrix Methods. Static analysis of indeterminate structural frames, trusses, and continuous beams. Moment distribution, slope deflection methods, influence lines, virtual work energy principles, and stiffness matrix formulations. Recommended background: Prior exposure to core analytical concepts and methodological reasoning.",Civil,Harvard University Course Catalog,Undergraduate
HUMA-651,Critical Media Studies and Cultural Communication,"Critical Media Studies and Cultural Communication. Critical analysis of mass media institutions, digital communication networks, and popular culture. Semiotic media decoding, ideological framing, digital disinformation, and algorithmic culture. Targeted towards undergraduate and beginning graduate students in relevant university programs.",Humanities,Coursera,Advanced Undergraduate
COMP-628,Computer Networks and Internet Protocols,"Computer Networks and Internet Protocols. Architecture and layered protocols of internet systems. TCP flow and congestion control, BGP routing protocols, packet switching, DNS resolution, transport layer security (TLS), and software-defined networking. Targeted towards undergraduate and beginning graduate students in relevant university programs.",Computer Science,Harvard University Course Catalog,Graduate
COMP-735,Design and Analysis of Algorithms,"Design and Analysis of Algorithms. Fundamental algorithmic design paradigms including divide-and-conquer, greedy optimization, dynamic programming, network flow algorithms, and graph traversals. Worst-case amortized time analysis and NP-completeness reductions are rigorously studied. Targeted towards undergraduate and beginning graduate students in relevant university programs.",Computer Science,MIT OpenCourseWare,Advanced Undergraduate
ELEC-794,Power Electronics and Energy Conversion,"Power Electronics and Energy Conversion. Analysis of solid-state power electronic converters. Switch-mode DC-DC buck, boost, and flyback converters, inverter topologies, pulse-width modulation (PWM) control, and thermal dissipation management. Recommended background: Prior exposure to core analytical concepts and methodological reasoning.",Electronics,UC Berkeley Academic Guide,Advanced Undergraduate
MATH-296,Ordinary Differential Equations and Dynamical Systems,"Ordinary Differential Equations and Dynamical Systems. Linear and nonlinear ordinary differential equations. Existence and uniqueness theorems (Picard-Lindelof), phase portrait analysis, Lyapunov stability theory, and bifurcation behavior. Recommended background: Prior exposure to core analytical concepts and methodological reasoning.",Mathematics,edX,Advanced Undergraduate
CHEM-615,Mass Transfer Operations and Separation Processes,"Mass Transfer Operations and Separation Processes. Equilibrium stage and rate-based separation processes. Multicomponent distillation column design, liquid-liquid extraction, gas absorption columns, membrane separations, and McCabe-Thiele stage calculations. Recommended background: Prior exposure to core analytical concepts and methodological reasoning.",Chemical Engineering,Harvard University Course Catalog,Graduate
CIVI-284,Hydraulic Engineering and Open Channel Flow,"Hydraulic Engineering and Open Channel Flow. Fluid flow in open channels and pipe networks. Manning's uniform flow equation, specific energy, hydraulic jumps, gradually varied flow profile computations, and culvert hydraulic sizing. Targeted towards undergraduate and beginning graduate students in relevant university programs.",Civil,edX,Graduate
BIOT-771,Industrial Microbiology and Downstream Processing,"Industrial Microbiology and Downstream Processing. Production of pharmaceuticals and industrial metabolites using microbes. Secondary metabolite biosynthesis, cell disruption techniques, centrifugation, ultrafiltration, and preparative chromatography. Recommended background: Prior exposure to core analytical concepts and methodological reasoning.",Biotechnology,edX,Graduate
MATH-347,Complex Analysis and Conformal Mapping,"Complex Analysis and Conformal Mapping. Theory of functions of a complex variable. Cauchy-Riemann equations, Cauchy's integral theorem, Taylor and Laurent series expansions, residue calculus, contour integrals, and conformal mappings. Prerequisites: Upper-division undergraduate standing and permission of the instructor.",Mathematics,Coursera,Graduate
HUMA-614,Modern Political Philosophy and Ethics,"Modern Political Philosophy and Ethics. Foundational theories of justice, rights, and political governance. Classical and modern political thought including Plato, Aristotle, Hobbes, Locke, Rousseau, Kantian deontology, and utilitarianism. Prerequisites: Solid foundational coursework in the discipline and consent of the department.",Humanities,Stanford Engineering Catalog,Advanced Undergraduate
BUSI-725,Operations and Global Supply Chain Management,"Operations and Global Supply Chain Management. Design and control of operational supply chains. Process bottleneck analysis, Little's Law, aggregate production planning, economic order quantity (EOQ), safety stock, and lean manufacturing. Recommended background: Prior exposure to core analytical concepts and methodological reasoning.",Business,Stanford Engineering Catalog,Undergraduate
COMP-381,Deep Learning and Neural Representation,"Deep Learning and Neural Representation. Theoretical foundations and architectures of deep neural networks. Convolutional neural networks, recurrent architectures, transformer self-attention, loss surface optimization, backpropagation calculus, and GPU model training. Targeted towards undergraduate and beginning graduate students in relevant university programs.",Computer Science,MIT OpenCourseWare,Undergraduate
MECH-742,Viscous Fluid Dynamics,"Viscous Fluid Dynamics. Continuity, momentum, and energy conservation equations in fluid motion (Navier-Stokes equations). Incompressible viscous laminar flows, boundary layer separation, turbulent pipe flow, Moody friction diagrams, and aerodynamic drag. Prerequisites: Solid foundational coursework in the discipline and consent of the department.",Mechanical,Stanford Engineering Catalog,Undergraduate
CHEM-293,Biochemical Processing and Enzyme Reactors,"Biochemical Processing and Enzyme Reactors. Application of reaction engineering principles to biological catalysts. Michaelis-Menten kinetics in CSTRs, aeration mass transfer in fermenters, and downstream recovery of bio-products. Prerequisites: Upper-division undergraduate standing and permission of the instructor.",Chemical Engineering,Stanford Engineering Catalog,Undergraduate
MATH-827,Mathematical Foundations of Quantum Physics,"Mathematical Foundations of Quantum Physics. Rigorous functional analysis applied to quantum mechanics. Hilbert spaces, unbounded self-adjoint linear operators, spectral theorem, and mathematical formulation of observables. Targeted towards undergraduate and beginning graduate students in relevant university programs.",Mathematics,UC Berkeley Academic Guide,Graduate
PHYS-338,Statistical Mechanics and Thermal Physics,"Statistical Mechanics and Thermal Physics. Microscopic foundations of macroscopic thermodynamic behavior. Microcanonical, canonical, and grand canonical ensembles, Maxwell-Boltzmann statistics, Bose-Einstein condensation, and Fermi-Dirac electron gas. Prerequisites: Solid foundational coursework in the discipline and consent of the department.",Physics,MIT OpenCourseWare,Graduate
COMP-471,Computational Biology and Genome Informatics,"Computational Biology and Genome Informatics. Algorithm development for biological big data. Sequence alignment algorithms, phylogenetic tree clustering, genome assembly heuristics, and neural network models for protein folding. Targeted towards undergraduate and beginning graduate students in relevant university programs.",Computer Science,Coursera,Undergraduate
MECH-327,Micro-Electro-Mechanical Systems (MEMS) Actuators,"Micro-Electro-Mechanical Systems (MEMS) Actuators. Multiphysics design of silicon micro-actuators. Electrostatic comb drives, piezoelectric micro-beams, cleanroom photolithography fabrication, and coupled thermal-fluid simulation. Prerequisites: Completion of introductory undergraduate coursework in relevant engineering or scientific disciplines.",Mechanical,Harvard University Course Catalog,Undergraduate
HUMA-530,Modern Political Philosophy and Ethics,"Modern Political Philosophy and Ethics. Foundational theories of justice, rights, and political governance. Classical and modern political thought including Plato, Aristotle, Hobbes, Locke, Rousseau, Kantian deontology, and utilitarianism. Recommended background: Prior exposure to core analytical concepts and methodological reasoning.",Humanities,MIT OpenCourseWare,Undergraduate
CIVI-888,Environmental Water Treatment Engineering,"Environmental Water Treatment Engineering. Physical, chemical, and biological unit operations for municipal water purification. Coagulation, flocculation, rapid sand filtration, chlorination disinfection, and activated sludge wastewater treatment. Prerequisites: Solid foundational coursework in the discipline and consent of the department.",Civil,UC Berkeley Academic Guide,Undergraduate
COMP-889,Principles of Cybersecurity and Cryptography,"Principles of Cybersecurity and Cryptography. Foundations of computer systems security. Cryptographic primitives, symmetric and asymmetric ciphers, public-key infrastructure, memory exploit defenses, buffer overflows, and zero-trust security architectures. Prerequisites: Solid foundational coursework in the discipline and consent of the department.",Computer Science,UC Berkeley Academic Guide,Graduate
MECH-627,Kinematics and Dynamics of Mechanisms,"Kinematics and Dynamics of Mechanisms. Planar mechanism motion analysis. Four-bar linkages, velocity and acceleration polygon methods, dynamic force balancing, flywheel inertia determination, and balancing of rotating machinery. Prerequisites: Completion of introductory undergraduate coursework in relevant engineering or scientific disciplines.",Mechanical,Harvard University Course Catalog,Undergraduate
ELEC-784,Analog Integrated Circuit Design,"Analog Integrated Circuit Design. Analysis and design of CMOS analog integrated circuits. MOSFET small-signal modeling, single-stage and differential amplifiers, active current mirrors, frequency response, feedback stability margins, and SPICE op-amp simulation. Prerequisites: Upper-division undergraduate standing and permission of the instructor.",Electronics,MIT OpenCourseWare,Advanced Undergraduate
COMP-385,Distributed Cloud Systems Architecture,"Distributed Cloud Systems Architecture. Architectural principles of fault-tolerant distributed systems. Consensus algorithms (Paxos, Raft), replication consistency models, remote procedure calls (RPC), distributed key-value stores, and cloud microservices. Recommended background: Prior exposure to core analytical concepts and methodological reasoning.",Computer Science,Coursera,Graduate
MATH-415,Ordinary Differential Equations and Dynamical Systems,"Ordinary Differential Equations and Dynamical Systems. Linear and nonlinear ordinary differential equations. Existence and uniqueness theorems (Picard-Lindelof), phase portrait analysis, Lyapunov stability theory, and bifurcation behavior. Prerequisites: Completion of introductory undergraduate coursework in relevant engineering or scientific disciplines.",Mathematics,Coursera,Undergraduate
BIOT-200,Molecular Biology and Recombinant DNA Technology,"Molecular Biology and Recombinant DNA Technology. Molecular mechanisms of gene expression and genetic engineering. DNA replication, transcription, translation, restriction endonucleases, plasmid cloning vectors, CRISPR-Cas9 gene editing, and PCR amplification. Prerequisites: Solid foundational coursework in the discipline and consent of the department.",Biotechnology,Coursera,Graduate
CHEM-886,Chemical Process Dynamics and Automated Control,"Chemical Process Dynamics and Automated Control. Mathematical modeling of dynamic chemical processes. Laplace transforms, transfer functions, feedback PID controller tuning, feedback-feedforward control, frequency response analysis, and process stability limits. Prerequisites: Solid foundational coursework in the discipline and consent of the department.",Chemical Engineering,UC Berkeley Academic Guide,Advanced Undergraduate
COMP-754,Principles of Cybersecurity and Cryptography,"Principles of Cybersecurity and Cryptography. Foundations of computer systems security. Cryptographic primitives, symmetric and asymmetric ciphers, public-key infrastructure, memory exploit defenses, buffer overflows, and zero-trust security architectures. Prerequisites: Completion of introductory undergraduate coursework in relevant engineering or scientific disciplines.",Computer Science,edX,Undergraduate
PHYS-899,Statistical Mechanics and Thermal Physics,"Statistical Mechanics and Thermal Physics. Microscopic foundations of macroscopic thermodynamic behavior. Microcanonical, canonical, and grand canonical ensembles, Maxwell-Boltzmann statistics, Bose-Einstein condensation, and Fermi-Dirac electron gas. Prerequisites: Solid foundational coursework in the discipline and consent of the department.",Physics,Stanford Engineering Catalog,Undergraduate
HUMA-461,Modern Political Philosophy and Ethics,"Modern Political Philosophy and Ethics. Foundational theories of justice, rights, and political governance. Classical and modern political thought including Plato, Aristotle, Hobbes, Locke, Rousseau, Kantian deontology, and utilitarianism. Prerequisites: Solid foundational coursework in the discipline and consent of the department.",Humanities,UC Berkeley Academic Guide,Graduate
MATH-809,Probability Theory and Mathematical Statistics,"Probability Theory and Mathematical Statistics. Measure-theoretic probability foundations. Random variables, characteristic functions, laws of large numbers, central limit theorem, and maximum likelihood statistical estimation. Targeted towards undergraduate and beginning graduate students in relevant university programs.",Mathematics,Stanford Engineering Catalog,Graduate
PHYS-177,Quantum Mechanics and Atomic Structure,"Quantum Mechanics and Atomic Structure. Fundamental postulates of quantum mechanics. Wave-particle duality, Schrodinger wave equation, square wells, quantum harmonic oscillator, angular momentum operators, and hydrogen atom quantum states. Prerequisites: Completion of introductory undergraduate coursework in relevant engineering or scientific disciplines.",Physics,Stanford Engineering Catalog,Undergraduate
MATH-547,Ordinary Differential Equations and Dynamical Systems,"Ordinary Differential Equations and Dynamical Systems. Linear and nonlinear ordinary differential equations. Existence and uniqueness theorems (Picard-Lindelof), phase portrait analysis, Lyapunov stability theory, and bifurcation behavior. Prerequisites: Completion of introductory undergraduate coursework in relevant engineering or scientific disciplines.",Mathematics,Harvard University Course Catalog,Graduate
ELEC-592,Digital Signal Processing Systems,"Digital Signal Processing Systems. Theory and implementation of discrete-time signals and systems. Z-transforms, discrete Fourier transform (DFT), fast Fourier transform (FFT), FIR and IIR digital filter design, and hardware DSP architectures. Prerequisites: Upper-division undergraduate standing and permission of the instructor.",Electronics,edX,Graduate
BUSI-595,Organizational Behavior and Leadership,"Organizational Behavior and Leadership. Behavioral dynamics within modern corporations. Team leadership, employee motivation theories, transformational leadership styles, organizational culture, conflict management, and change execution. Targeted towards undergraduate and beginning graduate students in relevant university programs.",Business,Coursera,Advanced Undergraduate
CIVI-431,Environmental Fluid Mechanics and Contaminant Transport,"Environmental Fluid Mechanics and Contaminant Transport. Fluid dynamics and mass transport in aquatic environments. Advection-diffusion equation, turbulent mixing in natural rivers, groundwater pollutant migration, and hydrologic basin modeling. Targeted towards undergraduate and beginning graduate students in relevant university programs.",Civil,UC Berkeley Academic Guide,Undergraduate
COMP-278,Relational Database Management Systems,"Relational Database Management Systems. Database management internals, relational data algebra, declarative SQL optimization, B+ tree indexing structures, query execution plans, ACID transaction concurrency, and write-ahead logging protocols. Prerequisites: Completion of introductory undergraduate coursework in relevant engineering or scientific disciplines.",Computer Science,UC Berkeley Academic Guide,Undergraduate
ELEC-613,Power Electronics and Energy Conversion,"Power Electronics and Energy Conversion. Analysis of solid-state power electronic converters. Switch-mode DC-DC buck, boost, and flyback converters, inverter topologies, pulse-width modulation (PWM) control, and thermal dissipation management. Prerequisites: Solid foundational coursework in the discipline and consent of the department.",Electronics,MIT OpenCourseWare,Undergraduate
CIVI-572,Geotechnical Soil Mechanics,"Geotechnical Soil Mechanics. Fundamental physical and engineering properties of soils. Soil classification, Darcy's permeability law, 1D Terzaghi consolidation theory, effective stress, and Mohr-Coulomb shear strength criteria. Targeted towards undergraduate and beginning graduate students in relevant university programs.",Civil,Harvard University Course Catalog,Undergraduate
MECH-292,Conduction and Convective Heat Transfer,"Conduction and Convective Heat Transfer. Heat transfer mechanisms in mechanical systems. Steady and transient conduction, Fourier's law, forced and natural convection boundary layers, dimensionless Nusselt numbers, and heat exchanger effectiveness (NTU method). Targeted towards undergraduate and beginning graduate students in relevant university programs.",Mechanical,edX,Advanced Undergraduate
COMP-172,Computer Networks and Internet Protocols,"Computer Networks and Internet Protocols. Architecture and layered protocols of internet systems. TCP flow and congestion control, BGP routing protocols, packet switching, DNS resolution, transport layer security (TLS), and software-defined networking. Targeted towards undergraduate and beginning graduate students in relevant university programs.",Computer Science,edX,Advanced Undergraduate
CHEM-319,Biochemical Processing and Enzyme Reactors,"Biochemical Processing and Enzyme Reactors. Application of reaction engineering principles to biological catalysts. Michaelis-Menten kinetics in CSTRs, aeration mass transfer in fermenters, and downstream recovery of bio-products. Targeted towards undergraduate and beginning graduate students in relevant university programs.",Chemical Engineering,MIT OpenCourseWare,Graduate
HUMA-584,Cognitive Linguistics and Semantic Structures,"Cognitive Linguistics and Semantic Structures. Scientific study of human language and mental grammars. Phonology, morphological derivation, Chomskyan transformational syntax, cognitive semantics, pragmatic context, and sociolinguistics. Recommended background: Prior exposure to core analytical concepts and methodological reasoning.",Humanities,Harvard University Course Catalog,Advanced Undergraduate
ELEC-757,Analog Integrated Circuit Design,"Analog Integrated Circuit Design. Analysis and design of CMOS analog integrated circuits. MOSFET small-signal modeling, single-stage and differential amplifiers, active current mirrors, frequency response, feedback stability margins, and SPICE op-amp simulation. Prerequisites: Completion of introductory undergraduate coursework in relevant engineering or scientific disciplines.",Electronics,UC Berkeley Academic Guide,Advanced Undergraduate
ELEC-879,Microprocessor Hardware and Interfacing,"Microprocessor Hardware and Interfacing. Architecture of 32-bit RISC microcontrollers. Instruction pipelines, memory hierarchies, cache organization, bus protocols, interrupt controllers, timer peripherals, SPI/I2C interfaces, and low-level firmware integration. Prerequisites: Completion of introductory undergraduate coursework in relevant engineering or scientific disciplines.",Electronics,Harvard University Course Catalog,Undergraduate
COMP-194,Distributed Cloud Systems Architecture,"Distributed Cloud Systems Architecture. Architectural principles of fault-tolerant distributed systems. Consensus algorithms (Paxos, Raft), replication consistency models, remote procedure calls (RPC), distributed key-value stores, and cloud microservices. Targeted towards undergraduate and beginning graduate students in relevant university programs.",Computer Science,Harvard University Course Catalog,Undergraduate
BIOT-656,Bioprocess Engineering and Microbial Fermentation,"Bioprocess Engineering and Microbial Fermentation. Engineering principles of microbial cell cultivation. Stoichiometry of cell growth, batch and fed-batch fermentation kinetics, oxygen mass transfer rate (kLa), bioreactor scale-up, and continuous bioprocessing. Prerequisites: Solid foundational coursework in the discipline and consent of the department.",Biotechnology,Harvard University Course Catalog,Advanced Undergraduate
MECH-161,Micro-Electro-Mechanical Systems (MEMS) Actuators,"Micro-Electro-Mechanical Systems (MEMS) Actuators. Multiphysics design of silicon micro-actuators. Electrostatic comb drives, piezoelectric micro-beams, cleanroom photolithography fabrication, and coupled thermal-fluid simulation. Prerequisites: Completion of introductory undergraduate coursework in relevant engineering or scientific disciplines.",Mechanical,edX,Graduate
CHEM-818,Biochemical Processing and Enzyme Reactors,"Biochemical Processing and Enzyme Reactors. Application of reaction engineering principles to biological catalysts. Michaelis-Menten kinetics in CSTRs, aeration mass transfer in fermenters, and downstream recovery of bio-products. Recommended background: Prior exposure to core analytical concepts and methodological reasoning.",Chemical Engineering,Harvard University Course Catalog,Advanced Undergraduate
MATH-466,Probability Theory and Mathematical Statistics,"Probability Theory and Mathematical Statistics. Measure-theoretic probability foundations. Random variables, characteristic functions, laws of large numbers, central limit theorem, and maximum likelihood statistical estimation. Prerequisites: Solid foundational coursework in the discipline and consent of the department.",Mathematics,MIT OpenCourseWare,Advanced Undergraduate
BIOT-847,Agricultural Biotechnology and Crop Genetic Engineering,"Agricultural Biotechnology and Crop Genetic Engineering. Application of genetic modification in plant science. Agrobacterium-mediated plant transformation, transgenic crop development, herbicide tolerance traits, pest resistance mechanisms, and biosafety protocols. Prerequisites: Upper-division undergraduate standing and permission of the instructor.",Biotechnology,Coursera,Graduate
ELEC-291,Wireless Communications and RF Systems,"Wireless Communications and RF Systems. Physical principles of wireless transmission. Digital modulation formats (QAM, PSK), multipath fading channel modeling, orthogonal frequency division multiplexing (OFDM), and MIMO multi-antenna beamforming. Prerequisites: Solid foundational coursework in the discipline and consent of the department.",Electronics,Harvard University Course Catalog,Advanced Undergraduate
BUSI-309,Operations and Global Supply Chain Management,"Operations and Global Supply Chain Management. Design and control of operational supply chains. Process bottleneck analysis, Little's Law, aggregate production planning, economic order quantity (EOQ), safety stock, and lean manufacturing. Prerequisites: Upper-division undergraduate standing and permission of the instructor.",Business,UC Berkeley Academic Guide,Graduate
BUSI-120,Financial Statement Analysis and Accounting,"Financial Statement Analysis and Accounting. Interpretation and construction of financial statements under GAAP and IFRS. Balance sheets, income statements, cash flow statements, revenue recognition rules, inventory costing, and ratio analysis. Recommended background: Prior exposure to core analytical concepts and methodological reasoning.",Business,edX,Graduate
MATH-744,Partial Differential Equations in Mathematical Physics,"Partial Differential Equations in Mathematical Physics. Boundary value problems for linear partial differential equations. Heat equation, wave equation, Laplace equation, separation of variables, Fourier transform methods, and Green's functions. Prerequisites: Solid foundational coursework in the discipline and consent of the department.",Mathematics,Harvard University Course Catalog,Advanced Undergraduate
MECH-269,Viscous Fluid Dynamics,"Viscous Fluid Dynamics. Continuity, momentum, and energy conservation equations in fluid motion (Navier-Stokes equations). Incompressible viscous laminar flows, boundary layer separation, turbulent pipe flow, Moody friction diagrams, and aerodynamic drag. Prerequisites: Upper-division undergraduate standing and permission of the instructor.",Mechanical,Stanford Engineering Catalog,Advanced Undergraduate
BIOT-124,Bioinformatics and Computational Genomics,"Bioinformatics and Computational Genomics. Computational methods for analyzing biological sequence data. Pairwise and multiple sequence alignment (BLAST), hidden Markov models, genome assembly, phylogenetic trees, and protein structural modeling. Targeted towards undergraduate and beginning graduate students in relevant university programs.",Biotechnology,UC Berkeley Academic Guide,Graduate
CHEM-784,Biochemical Reaction and Bioseparation Engineering,"Biochemical Reaction and Bioseparation Engineering. Engineering analysis of biological reaction systems. Enzyme kinetics (Michaelis-Menten), bioreactor design and oxygen transfer aeration, sterilization protocols, and downstream protein purification chromatography. Prerequisites: Upper-division undergraduate standing and permission of the instructor.",Chemical Engineering,Stanford Engineering Catalog,Undergraduate
ELEC-340,RF and Microwave Engineering,"RF and Microwave Engineering. High-frequency electromagnetic wave propagation in transmission lines and microstrips. Smith chart impedance matching, S-parameters, microwave filter design, high-frequency power amplifiers, and directional couplers. Prerequisites: Upper-division undergraduate standing and permission of the instructor.",Electronics,Harvard University Course Catalog,Graduate
ELEC-858,Microprocessor Hardware and Interfacing,"Microprocessor Hardware and Interfacing. Architecture of 32-bit RISC microcontrollers. Instruction pipelines, memory hierarchies, cache organization, bus protocols, interrupt controllers, timer peripherals, SPI/I2C interfaces, and low-level firmware integration. Prerequisites: Upper-division undergraduate standing and permission of the instructor.",Electronics,Stanford Engineering Catalog,Advanced Undergraduate
MATH-228,Probability Theory and Mathematical Statistics,"Probability Theory and Mathematical Statistics. Measure-theoretic probability foundations. Random variables, characteristic functions, laws of large numbers, central limit theorem, and maximum likelihood statistical estimation. Prerequisites: Upper-division undergraduate standing and permission of the instructor.",Mathematics,Harvard University Course Catalog,Graduate
HUMA-194,Cognitive Linguistics and Semantic Structures,"Cognitive Linguistics and Semantic Structures. Scientific study of human language and mental grammars. Phonology, morphological derivation, Chomskyan transformational syntax, cognitive semantics, pragmatic context, and sociolinguistics. Prerequisites: Completion of introductory undergraduate coursework in relevant engineering or scientific disciplines.",Humanities,UC Berkeley Academic Guide,Undergraduate
BIOT-480,Stem Cell Biology and Tissue Engineering,"Stem Cell Biology and Tissue Engineering. Mechanisms of cellular pluripotency and regenerative medicine. Embryonic and induced pluripotent stem cells, biomaterial scaffolds, cell-matrix interactions, and bioreactor culture of functional engineered tissues. Prerequisites: Upper-division undergraduate standing and permission of the instructor.",Biotechnology,Harvard University Course Catalog,Advanced Undergraduate
HUMA-860,Cultural Anthropology and Ethnographic Inquiry,"Cultural Anthropology and Ethnographic Inquiry. Comparative study of human cultures, kinship systems, and social institutions. Ethnographic fieldwork methodologies, cultural relativism, ritual symbolic systems, and globalization impacts. Targeted towards undergraduate and beginning graduate students in relevant university programs.",Humanities,Harvard University Course Catalog,Undergraduate
CIVI-771,Geotechnical Soil Mechanics,"Geotechnical Soil Mechanics. Fundamental physical and engineering properties of soils. Soil classification, Darcy's permeability law, 1D Terzaghi consolidation theory, effective stress, and Mohr-Coulomb shear strength criteria. Prerequisites: Upper-division undergraduate standing and permission of the instructor.",Civil,Harvard University Course Catalog,Advanced Undergraduate
HUMA-719,Modern Political Philosophy and Ethics,"Modern Political Philosophy and Ethics. Foundational theories of justice, rights, and political governance. Classical and modern political thought including Plato, Aristotle, Hobbes, Locke, Rousseau, Kantian deontology, and utilitarianism. Prerequisites: Completion of introductory undergraduate coursework in relevant engineering or scientific disciplines.",Humanities,edX,Undergraduate
BIOT-224,Bioinformatics and Computational Genomics,"Bioinformatics and Computational Genomics. Computational methods for analyzing biological sequence data. Pairwise and multiple sequence alignment (BLAST), hidden Markov models, genome assembly, phylogenetic trees, and protein structural modeling. Prerequisites: Solid foundational coursework in the discipline and consent of the department.",Biotechnology,Coursera,Advanced Undergraduate
BUSI-898,"Business Ethics, Corporate Responsibility and Human Values","Business Ethics, Corporate Responsibility and Human Values. Ethical decision-making frameworks for corporate executives. Moral philosophy applied to capitalism, stakeholder rights, environmental sustainability (ESG), and cross-cultural business ethics. Prerequisites: Completion of introductory undergraduate coursework in relevant engineering or scientific disciplines.",Business,MIT OpenCourseWare,Advanced Undergraduate
ELEC-893,Power Electronics and Energy Conversion,"Power Electronics and Energy Conversion. Analysis of solid-state power electronic converters. Switch-mode DC-DC buck, boost, and flyback converters, inverter topologies, pulse-width modulation (PWM) control, and thermal dissipation management. Prerequisites: Upper-division undergraduate standing and permission of the instructor.",Electronics,edX,Undergraduate
ELEC-364,Digital Signal Processing Systems,"Digital Signal Processing Systems. Theory and implementation of discrete-time signals and systems. Z-transforms, discrete Fourier transform (DFT), fast Fourier transform (FFT), FIR and IIR digital filter design, and hardware DSP architectures. Recommended background: Prior exposure to core analytical concepts and methodological reasoning.",Electronics,Stanford Engineering Catalog,Graduate
ELEC-888,Power Electronics and Energy Conversion,"Power Electronics and Energy Conversion. Analysis of solid-state power electronic converters. Switch-mode DC-DC buck, boost, and flyback converters, inverter topologies, pulse-width modulation (PWM) control, and thermal dissipation management. Prerequisites: Solid foundational coursework in the discipline and consent of the department.",Electronics,Stanford Engineering Catalog,Graduate
ELEC-678,Digital Signal Processing Systems,"Digital Signal Processing Systems. Theory and implementation of discrete-time signals and systems. Z-transforms, discrete Fourier transform (DFT), fast Fourier transform (FFT), FIR and IIR digital filter design, and hardware DSP architectures. Prerequisites: Solid foundational coursework in the discipline and consent of the department.",Electronics,MIT OpenCourseWare,Undergraduate
MECH-134,Mechanics of Deformable Solids,"Mechanics of Deformable Solids. Stress and strain tensors in structural elements. Axial loading, torsion of circular shafts, bending and shear stress distributions in beams, Mohr's circle analysis, column Euler buckling, and failure yield criteria. Prerequisites: Upper-division undergraduate standing and permission of the instructor.",Mechanical,Stanford Engineering Catalog,Undergraduate
PHYS-787,Quantum Information Theory and Quantum Gates,"Quantum Information Theory and Quantum Gates. Physics of quantum computing architectures. Qubits, superposition states, quantum entanglement, unitary quantum logic gates, decoherence models, and quantum error-correcting codes. Recommended background: Prior exposure to core analytical concepts and methodological reasoning.",Physics,Coursera,Advanced Undergraduate
HUMA-553,Cognitive Linguistics and Semantic Structures,"Cognitive Linguistics and Semantic Structures. Scientific study of human language and mental grammars. Phonology, morphological derivation, Chomskyan transformational syntax, cognitive semantics, pragmatic context, and sociolinguistics. Prerequisites: Completion of introductory undergraduate coursework in relevant engineering or scientific disciplines.",Humanities,edX,Graduate
HUMA-312,Modern Political Philosophy and Ethics,"Modern Political Philosophy and Ethics. Foundational theories of justice, rights, and political governance. Classical and modern political thought including Plato, Aristotle, Hobbes, Locke, Rousseau, Kantian deontology, and utilitarianism. Prerequisites: Completion of introductory undergraduate coursework in relevant engineering or scientific disciplines.",Humanities,UC Berkeley Academic Guide,Graduate
MATH-790,Probability Theory and Mathematical Statistics,"Probability Theory and Mathematical Statistics. Measure-theoretic probability foundations. Random variables, characteristic functions, laws of large numbers, central limit theorem, and maximum likelihood statistical estimation. Prerequisites: Completion of introductory undergraduate coursework in relevant engineering or scientific disciplines.",Mathematics,Stanford Engineering Catalog,Undergraduate
PHYS-217,Quantum Information Theory and Quantum Gates,"Quantum Information Theory and Quantum Gates. Physics of quantum computing architectures. Qubits, superposition states, quantum entanglement, unitary quantum logic gates, decoherence models, and quantum error-correcting codes. Prerequisites: Upper-division undergraduate standing and permission of the instructor.",Physics,Harvard University Course Catalog,Advanced Undergraduate
ELEC-492,Digital Signal Processing Systems,"Digital Signal Processing Systems. Theory and implementation of discrete-time signals and systems. Z-transforms, discrete Fourier transform (DFT), fast Fourier transform (FFT), FIR and IIR digital filter design, and hardware DSP architectures. Recommended background: Prior exposure to core analytical concepts and methodological reasoning.",Electronics,Stanford Engineering Catalog,Advanced Undergraduate
PHYS-548,Electrodynamics and Classical Field Theory,"Electrodynamics and Classical Field Theory. Maxwell's equations and relativistic electromagnetic fields. Gauge transformations, electromagnetic radiation from accelerating charges, wave guides, Poynting vector energy flow, and dipole radiation. Prerequisites: Completion of introductory undergraduate coursework in relevant engineering or scientific disciplines.",Physics,Coursera,Undergraduate
HUMA-290,Modern Political Philosophy and Ethics,"Modern Political Philosophy and Ethics. Foundational theories of justice, rights, and political governance. Classical and modern political thought including Plato, Aristotle, Hobbes, Locke, Rousseau, Kantian deontology, and utilitarianism. Recommended background: Prior exposure to core analytical concepts and methodological reasoning.",Humanities,Coursera,Undergraduate
MATH-130,Complex Analysis and Conformal Mapping,"Complex Analysis and Conformal Mapping. Theory of functions of a complex variable. Cauchy-Riemann equations, Cauchy's integral theorem, Taylor and Laurent series expansions, residue calculus, contour integrals, and conformal mappings. Recommended background: Prior exposure to core analytical concepts and methodological reasoning.",Mathematics,MIT OpenCourseWare,Advanced Undergraduate
CIVI-616,Design of Reinforced Concrete Structures,"Design of Reinforced Concrete Structures. Behavior and limit state design of reinforced concrete members. Ultimate flexural strength of beams, shear reinforcement detailing, one-way and two-way floor slabs, and axial-flexural interaction of columns. Prerequisites: Solid foundational coursework in the discipline and consent of the department.",Civil,edX,Advanced Undergraduate
COMP-423,Computational Biology and Genome Informatics,"Computational Biology and Genome Informatics. Algorithm development for biological big data. Sequence alignment algorithms, phylogenetic tree clustering, genome assembly heuristics, and neural network models for protein folding. Prerequisites: Solid foundational coursework in the discipline and consent of the department.",Computer Science,edX,Advanced Undergraduate
CIVI-106,Structural Analysis and Matrix Methods,"Structural Analysis and Matrix Methods. Static analysis of indeterminate structural frames, trusses, and continuous beams. Moment distribution, slope deflection methods, influence lines, virtual work energy principles, and stiffness matrix formulations. Recommended background: Prior exposure to core analytical concepts and methodological reasoning.",Civil,UC Berkeley Academic Guide,Graduate
PHYS-495,Nuclear and High-Energy Particle Physics,"Nuclear and High-Energy Particle Physics. Structure and interactions of atomic nuclei and subatomic particles. Radioactive decay kinetics, nuclear fission and fusion reactors, quarks, leptons, gauge bosons, and Standard Model symmetries. Targeted towards undergraduate and beginning graduate students in relevant university programs.",Physics,Stanford Engineering Catalog,Graduate
COMP-555,Advanced Operating Systems Design,"Advanced Operating Systems Design. Principles of operating system architecture, process scheduling, multithreading primitives, virtual memory management, inter-process communication, file system internals, and kernel concurrency synchronization locks. Prerequisites: Upper-division undergraduate standing and permission of the instructor.",Computer Science,Coursera,Graduate
BUSI-633,Operations and Global Supply Chain Management,"Operations and Global Supply Chain Management. Design and control of operational supply chains. Process bottleneck analysis, Little's Law, aggregate production planning, economic order quantity (EOQ), safety stock, and lean manufacturing. Prerequisites: Completion of introductory undergraduate coursework in relevant engineering or scientific disciplines.",Business,edX,Graduate
PHYS-532,Nuclear and High-Energy Particle Physics,"Nuclear and High-Energy Particle Physics. Structure and interactions of atomic nuclei and subatomic particles. Radioactive decay kinetics, nuclear fission and fusion reactors, quarks, leptons, gauge bosons, and Standard Model symmetries. Prerequisites: Upper-division undergraduate standing and permission of the instructor.",Physics,edX,Undergraduate
MATH-865,Complex Analysis and Conformal Mapping,"Complex Analysis and Conformal Mapping. Theory of functions of a complex variable. Cauchy-Riemann equations, Cauchy's integral theorem, Taylor and Laurent series expansions, residue calculus, contour integrals, and conformal mappings. Prerequisites: Upper-division undergraduate standing and permission of the instructor.",Mathematics,edX,Graduate
CHEM-492,Polymer Reaction Engineering and Processing,"Polymer Reaction Engineering and Processing. Polymerization kinetics and processing techniques. Step-growth and chain-growth polymerization, molecular weight distribution modeling, rheology of non-Newtonian polymer melts, and extrusion molding. Prerequisites: Solid foundational coursework in the discipline and consent of the department.",Chemical Engineering,edX,Undergraduate
MATH-533,Real Analysis and Measure Theory,"Real Analysis and Measure Theory. Rigorous mathematical analysis of Euclidean spaces. Metric topologies, compactness, sequences, Cauchy convergence, Riemann-Stieltjes integration, Lebesgue measure, and dominated convergence theorem. Targeted towards undergraduate and beginning graduate students in relevant university programs.",Mathematics,UC Berkeley Academic Guide,Advanced Undergraduate
BUSI-203,Strategic Marketing and Brand Positioning,"Strategic Marketing and Brand Positioning. Core marketing management frameworks. Market segmentation, targeting, and brand positioning (STP), customer lifetime value, pricing strategies, promotional channels, and brand equity development. Recommended background: Prior exposure to core analytical concepts and methodological reasoning.",Business,Harvard University Course Catalog,Graduate
MATH-730,Complex Analysis and Conformal Mapping,"Complex Analysis and Conformal Mapping. Theory of functions of a complex variable. Cauchy-Riemann equations, Cauchy's integral theorem, Taylor and Laurent series expansions, residue calculus, contour integrals, and conformal mappings. Recommended background: Prior exposure to core analytical concepts and methodological reasoning.",Mathematics,edX,Advanced Undergraduate
PHYS-642,General Relativity and Gravitational Physics,"General Relativity and Gravitational Physics. Geometric theory of gravitation. Tensor calculus on Riemannian manifolds, Einstein field equations, geodesic motion in curved spacetime, Schwarzschild black holes, and gravitational waves. Targeted towards undergraduate and beginning graduate students in relevant university programs.",Physics,Coursera,Undergraduate
MATH-480,Complex Analysis and Conformal Mapping,"Complex Analysis and Conformal Mapping. Theory of functions of a complex variable. Cauchy-Riemann equations, Cauchy's integral theorem, Taylor and Laurent series expansions, residue calculus, contour integrals, and conformal mappings. Prerequisites: Solid foundational coursework in the discipline and consent of the department.",Mathematics,Harvard University Course Catalog,Advanced Undergraduate
BUSI-456,Corporate Finance and Capital Structure,"Corporate Finance and Capital Structure. Financial decision making in corporations. Capital budgeting discounted cash flows (NPV, IRR), weighted average cost of capital (WACC), debt vs equity financing, dividend policy, and corporate governance. Prerequisites: Upper-division undergraduate standing and permission of the instructor.",Business,Harvard University Course Catalog,Advanced Undergraduate
COMP-188,Computational Biology and Genome Informatics,"Computational Biology and Genome Informatics. Algorithm development for biological big data. Sequence alignment algorithms, phylogenetic tree clustering, genome assembly heuristics, and neural network models for protein folding. Prerequisites: Solid foundational coursework in the discipline and consent of the department.",Computer Science,MIT OpenCourseWare,Advanced Undergraduate
MATH-344,Mathematical Foundations of Quantum Physics,"Mathematical Foundations of Quantum Physics. Rigorous functional analysis applied to quantum mechanics. Hilbert spaces, unbounded self-adjoint linear operators, spectral theorem, and mathematical formulation of observables. Prerequisites: Upper-division undergraduate standing and permission of the instructor.",Mathematics,MIT OpenCourseWare,Undergraduate
COMP-738,Modern Compiler Construction,"Modern Compiler Construction. Theory and design of programming language compilers. Lexical analysis, context-free grammars, LL/LR parsing, intermediate representations (SSA form), data-flow optimization, and machine code generation. Recommended background: Prior exposure to core analytical concepts and methodological reasoning.",Computer Science,Stanford Engineering Catalog,Graduate
MECH-254,Micro-Electro-Mechanical Systems (MEMS) Actuators,"Micro-Electro-Mechanical Systems (MEMS) Actuators. Multiphysics design of silicon micro-actuators. Electrostatic comb drives, piezoelectric micro-beams, cleanroom photolithography fabrication, and coupled thermal-fluid simulation. Targeted towards undergraduate and beginning graduate students in relevant university programs.",Mechanical,Coursera,Undergraduate
CHEM-187,Biochemical Reaction and Bioseparation Engineering,"Biochemical Reaction and Bioseparation Engineering. Engineering analysis of biological reaction systems. Enzyme kinetics (Michaelis-Menten), bioreactor design and oxygen transfer aeration, sterilization protocols, and downstream protein purification chromatography. Prerequisites: Upper-division undergraduate standing and permission of the instructor.",Chemical Engineering,UC Berkeley Academic Guide,Graduate
CIVI-335,Environmental Fluid Mechanics and Contaminant Transport,"Environmental Fluid Mechanics and Contaminant Transport. Fluid dynamics and mass transport in aquatic environments. Advection-diffusion equation, turbulent mixing in natural rivers, groundwater pollutant migration, and hydrologic basin modeling. Prerequisites: Upper-division undergraduate standing and permission of the instructor.",Civil,Stanford Engineering Catalog,Advanced Undergraduate
MECH-493,Viscous Fluid Dynamics,"Viscous Fluid Dynamics. Continuity, momentum, and energy conservation equations in fluid motion (Navier-Stokes equations). Incompressible viscous laminar flows, boundary layer separation, turbulent pipe flow, Moody friction diagrams, and aerodynamic drag. Prerequisites: Upper-division undergraduate standing and permission of the instructor.",Mechanical,UC Berkeley Academic Guide,Graduate
HUMA-633,Critical Media Studies and Cultural Communication,"Critical Media Studies and Cultural Communication. Critical analysis of mass media institutions, digital communication networks, and popular culture. Semiotic media decoding, ideological framing, digital disinformation, and algorithmic culture. Prerequisites: Solid foundational coursework in the discipline and consent of the department.",Humanities,Stanford Engineering Catalog,Advanced Undergraduate
ELEC-408,Microprocessor Hardware and Interfacing,"Microprocessor Hardware and Interfacing. Architecture of 32-bit RISC microcontrollers. Instruction pipelines, memory hierarchies, cache organization, bus protocols, interrupt controllers, timer peripherals, SPI/I2C interfaces, and low-level firmware integration. Prerequisites: Completion of introductory undergraduate coursework in relevant engineering or scientific disciplines.",Electronics,edX,Graduate
MECH-590,Conduction and Convective Heat Transfer,"Conduction and Convective Heat Transfer. Heat transfer mechanisms in mechanical systems. Steady and transient conduction, Fourier's law, forced and natural convection boundary layers, dimensionless Nusselt numbers, and heat exchanger effectiveness (NTU method). Recommended background: Prior exposure to core analytical concepts and methodological reasoning.",Mechanical,MIT OpenCourseWare,Undergraduate
MATH-267,Ordinary Differential Equations and Dynamical Systems,"Ordinary Differential Equations and Dynamical Systems. Linear and nonlinear ordinary differential equations. Existence and uniqueness theorems (Picard-Lindelof), phase portrait analysis, Lyapunov stability theory, and bifurcation behavior. Prerequisites: Upper-division undergraduate standing and permission of the instructor.",Mathematics,Stanford Engineering Catalog,Advanced Undergraduate
MECH-811,Mechanics of Deformable Solids,"Mechanics of Deformable Solids. Stress and strain tensors in structural elements. Axial loading, torsion of circular shafts, bending and shear stress distributions in beams, Mohr's circle analysis, column Euler buckling, and failure yield criteria. Prerequisites: Completion of introductory undergraduate coursework in relevant engineering or scientific disciplines.",Mechanical,edX,Advanced Undergraduate
CIVI-379,Hydraulic Engineering and Open Channel Flow,"Hydraulic Engineering and Open Channel Flow. Fluid flow in open channels and pipe networks. Manning's uniform flow equation, specific energy, hydraulic jumps, gradually varied flow profile computations, and culvert hydraulic sizing. Recommended background: Prior exposure to core analytical concepts and methodological reasoning.",Civil,Harvard University Course Catalog,Graduate
CIVI-636,Geotechnical Soil Mechanics,"Geotechnical Soil Mechanics. Fundamental physical and engineering properties of soils. Soil classification, Darcy's permeability law, 1D Terzaghi consolidation theory, effective stress, and Mohr-Coulomb shear strength criteria. Recommended background: Prior exposure to core analytical concepts and methodological reasoning.",Civil,UC Berkeley Academic Guide,Graduate
COMP-253,Deep Learning and Neural Representation,"Deep Learning and Neural Representation. Theoretical foundations and architectures of deep neural networks. Convolutional neural networks, recurrent architectures, transformer self-attention, loss surface optimization, backpropagation calculus, and GPU model training. Prerequisites: Solid foundational coursework in the discipline and consent of the department.",Computer Science,UC Berkeley Academic Guide,Advanced Undergraduate
COMP-771,Principles of Cybersecurity and Cryptography,"Principles of Cybersecurity and Cryptography. Foundations of computer systems security. Cryptographic primitives, symmetric and asymmetric ciphers, public-key infrastructure, memory exploit defenses, buffer overflows, and zero-trust security architectures. Targeted towards undergraduate and beginning graduate students in relevant university programs.",Computer Science,MIT OpenCourseWare,Advanced Undergraduate
COMP-203,Computer Networks and Internet Protocols,"Computer Networks and Internet Protocols. Architecture and layered protocols of internet systems. TCP flow and congestion control, BGP routing protocols, packet switching, DNS resolution, transport layer security (TLS), and software-defined networking. Prerequisites: Completion of introductory undergraduate coursework in relevant engineering or scientific disciplines.",Computer Science,Coursera,Advanced Undergraduate
ELEC-374,Digital Signal Processing Systems,"Digital Signal Processing Systems. Theory and implementation of discrete-time signals and systems. Z-transforms, discrete Fourier transform (DFT), fast Fourier transform (FFT), FIR and IIR digital filter design, and hardware DSP architectures. Prerequisites: Upper-division undergraduate standing and permission of the instructor.",Electronics,Stanford Engineering Catalog,Undergraduate
BUSI-104,Operations and Global Supply Chain Management,"Operations and Global Supply Chain Management. Design and control of operational supply chains. Process bottleneck analysis, Little's Law, aggregate production planning, economic order quantity (EOQ), safety stock, and lean manufacturing. Prerequisites: Solid foundational coursework in the discipline and consent of the department.",Business,UC Berkeley Academic Guide,Advanced Undergraduate
HUMA-371,Modern Political Philosophy and Ethics,"Modern Political Philosophy and Ethics. Foundational theories of justice, rights, and political governance. Classical and modern political thought including Plato, Aristotle, Hobbes, Locke, Rousseau, Kantian deontology, and utilitarianism. Recommended background: Prior exposure to core analytical concepts and methodological reasoning.",Humanities,Harvard University Course Catalog,Graduate
HUMA-741,Cultural Anthropology and Ethnographic Inquiry,"Cultural Anthropology and Ethnographic Inquiry. Comparative study of human cultures, kinship systems, and social institutions. Ethnographic fieldwork methodologies, cultural relativism, ritual symbolic systems, and globalization impacts. Prerequisites: Solid foundational coursework in the discipline and consent of the department.",Humanities,MIT OpenCourseWare,Graduate
COMP-257,Modern Compiler Construction,"Modern Compiler Construction. Theory and design of programming language compilers. Lexical analysis, context-free grammars, LL/LR parsing, intermediate representations (SSA form), data-flow optimization, and machine code generation. Prerequisites: Solid foundational coursework in the discipline and consent of the department.",Computer Science,Harvard University Course Catalog,Advanced Undergraduate
COMP-537,Principles of Cybersecurity and Cryptography,"Principles of Cybersecurity and Cryptography. Foundations of computer systems security. Cryptographic primitives, symmetric and asymmetric ciphers, public-key infrastructure, memory exploit defenses, buffer overflows, and zero-trust security architectures. Recommended background: Prior exposure to core analytical concepts and methodological reasoning.",Computer Science,Harvard University Course Catalog,Undergraduate
CIVI-381,Geotechnical Soil Mechanics,"Geotechnical Soil Mechanics. Fundamental physical and engineering properties of soils. Soil classification, Darcy's permeability law, 1D Terzaghi consolidation theory, effective stress, and Mohr-Coulomb shear strength criteria. Prerequisites: Upper-division undergraduate standing and permission of the instructor.",Civil,Stanford Engineering Catalog,Advanced Undergraduate
BIOT-156,Stem Cell Biology and Tissue Engineering,"Stem Cell Biology and Tissue Engineering. Mechanisms of cellular pluripotency and regenerative medicine. Embryonic and induced pluripotent stem cells, biomaterial scaffolds, cell-matrix interactions, and bioreactor culture of functional engineered tissues. Targeted towards undergraduate and beginning graduate students in relevant university programs.",Biotechnology,Harvard University Course Catalog,Undergraduate
CHEM-528,Chemical Reaction Engineering and Reactor Kinetics,"Chemical Reaction Engineering and Reactor Kinetics. Kinetics of homogeneous and heterogeneous chemical reactions. Ideal batch, continuous stirred-tank (CSTR), and plug flow reactors (PFR). Catalytic kinetics, non-isothermal reactor operation, and thermal runaway prevention. Prerequisites: Upper-division undergraduate standing and permission of the instructor.",Chemical Engineering,Stanford Engineering Catalog,Graduate
MECH-647,Kinematics and Dynamics of Mechanisms,"Kinematics and Dynamics of Mechanisms. Planar mechanism motion analysis. Four-bar linkages, velocity and acceleration polygon methods, dynamic force balancing, flywheel inertia determination, and balancing of rotating machinery. Prerequisites: Completion of introductory undergraduate coursework in relevant engineering or scientific disciplines.",Mechanical,Harvard University Course Catalog,Undergraduate
MECH-609,Viscous Fluid Dynamics,"Viscous Fluid Dynamics. Continuity, momentum, and energy conservation equations in fluid motion (Navier-Stokes equations). Incompressible viscous laminar flows, boundary layer separation, turbulent pipe flow, Moody friction diagrams, and aerodynamic drag. Prerequisites: Solid foundational coursework in the discipline and consent of the department.",Mechanical,Coursera,Advanced Undergraduate
CHEM-667,Chemical Engineering Thermodynamics and Phase Equilibria,"Chemical Engineering Thermodynamics and Phase Equilibria. Thermodynamics of multicomponent fluid mixtures. Equations of state (Peng-Robinson), chemical potentials, fugacity coefficients, activity coefficient models (NRTL, UNIQUAC), and vapor-liquid equilibria (VLE). Prerequisites: Upper-division undergraduate standing and permission of the instructor.",Chemical Engineering,Harvard University Course Catalog,Undergraduate
PHYS-534,Solid State and Condensed Matter Physics,"Solid State and Condensed Matter Physics. Electronic and crystal structure of solids. Bravais crystal lattices, X-ray Bragg diffraction, phonon vibrations, Bloch's theorem, energy band dispersion, and semiconductor electrical conduction. Prerequisites: Upper-division undergraduate standing and permission of the instructor.",Physics,Coursera,Graduate
CIVI-885,Structural Analysis and Matrix Methods,"Structural Analysis and Matrix Methods. Static analysis of indeterminate structural frames, trusses, and continuous beams. Moment distribution, slope deflection methods, influence lines, virtual work energy principles, and stiffness matrix formulations. Targeted towards undergraduate and beginning graduate students in relevant university programs.",Civil,Stanford Engineering Catalog,Advanced Undergraduate
HUMA-615,Art History and Visual Cultural Theory,"Art History and Visual Cultural Theory. Evolution of visual art forms and aesthetic theories. Renaissance perspective, Baroque movement, Modernist avant-garde movements, iconography analysis, and museum curatorial practices. Prerequisites: Upper-division undergraduate standing and permission of the instructor.",Humanities,edX,Advanced Undergraduate
COMP-765,Computer Networks and Internet Protocols,"Computer Networks and Internet Protocols. Architecture and layered protocols of internet systems. TCP flow and congestion control, BGP routing protocols, packet switching, DNS resolution, transport layer security (TLS), and software-defined networking. Prerequisites: Completion of introductory undergraduate coursework in relevant engineering or scientific disciplines.",Computer Science,Stanford Engineering Catalog,Undergraduate
HUMA-197,Epistemology and Philosophy of Mind,"Epistemology and Philosophy of Mind. Philosophical inquiry into the nature of knowledge, truth, and mental consciousness. Rationalism vs empiricism, skeptical arguments, dualism, functionalism, intentionality, and cognitive experience. Recommended background: Prior exposure to core analytical concepts and methodological reasoning.",Humanities,MIT OpenCourseWare,Graduate
MECH-163,Manufacturing Processes and Machining,"Manufacturing Processes and Machining. Engineering materials processing. Metal casting, bulk deformation, sheet metal forming, chip formation mechanics in turning and milling, tool wear mechanisms, and CNC machining operations. Recommended background: Prior exposure to core analytical concepts and methodological reasoning.",Mechanical,MIT OpenCourseWare,Advanced Undergraduate
MATH-224,Complex Analysis and Conformal Mapping,"Complex Analysis and Conformal Mapping. Theory of functions of a complex variable. Cauchy-Riemann equations, Cauchy's integral theorem, Taylor and Laurent series expansions, residue calculus, contour integrals, and conformal mappings. Recommended background: Prior exposure to core analytical concepts and methodological reasoning.",Mathematics,edX,Advanced Undergraduate
ELEC-269,Microprocessor Hardware and Interfacing,"Microprocessor Hardware and Interfacing. Architecture of 32-bit RISC microcontrollers. Instruction pipelines, memory hierarchies, cache organization, bus protocols, interrupt controllers, timer peripherals, SPI/I2C interfaces, and low-level firmware integration. Recommended background: Prior exposure to core analytical concepts and methodological reasoning.",Electronics,edX,Graduate
COMP-797,Deep Learning and Neural Representation,"Deep Learning and Neural Representation. Theoretical foundations and architectures of deep neural networks. Convolutional neural networks, recurrent architectures, transformer self-attention, loss surface optimization, backpropagation calculus, and GPU model training. Prerequisites: Solid foundational coursework in the discipline and consent of the department.",Computer Science,Stanford Engineering Catalog,Graduate
CIVI-242,Structural Analysis and Matrix Methods,"Structural Analysis and Matrix Methods. Static analysis of indeterminate structural frames, trusses, and continuous beams. Moment distribution, slope deflection methods, influence lines, virtual work energy principles, and stiffness matrix formulations. Prerequisites: Completion of introductory undergraduate coursework in relevant engineering or scientific disciplines.",Civil,Harvard University Course Catalog,Graduate
PHYS-876,Statistical Mechanics and Thermal Physics,"Statistical Mechanics and Thermal Physics. Microscopic foundations of macroscopic thermodynamic behavior. Microcanonical, canonical, and grand canonical ensembles, Maxwell-Boltzmann statistics, Bose-Einstein condensation, and Fermi-Dirac electron gas. Targeted towards undergraduate and beginning graduate students in relevant university programs.",Physics,MIT OpenCourseWare,Advanced Undergraduate
BUSI-550,Strategic Marketing and Brand Positioning,"Strategic Marketing and Brand Positioning. Core marketing management frameworks. Market segmentation, targeting, and brand positioning (STP), customer lifetime value, pricing strategies, promotional channels, and brand equity development. Prerequisites: Solid foundational coursework in the discipline and consent of the department.",Business,Coursera,Graduate
ELEC-436,RF and Microwave Engineering,"RF and Microwave Engineering. High-frequency electromagnetic wave propagation in transmission lines and microstrips. Smith chart impedance matching, S-parameters, microwave filter design, high-frequency power amplifiers, and directional couplers. Recommended background: Prior exposure to core analytical concepts and methodological reasoning.",Electronics,MIT OpenCourseWare,Undergraduate
MECH-261,Mechanical Vibrations and Modal Analysis,"Mechanical Vibrations and Modal Analysis. Vibration analysis of single and multi-degree-of-freedom mechanical systems. Harmonic excitation, resonance response, vibration isolation dampers, continuous beam vibration, and modal extraction. Prerequisites: Upper-division undergraduate standing and permission of the instructor.",Mechanical,MIT OpenCourseWare,Undergraduate
CIVI-598,Environmental Fluid Mechanics and Contaminant Transport,"Environmental Fluid Mechanics and Contaminant Transport. Fluid dynamics and mass transport in aquatic environments. Advection-diffusion equation, turbulent mixing in natural rivers, groundwater pollutant migration, and hydrologic basin modeling. Targeted towards undergraduate and beginning graduate students in relevant university programs.",Civil,Stanford Engineering Catalog,Advanced Undergraduate
COMP-441,Modern Compiler Construction,"Modern Compiler Construction. Theory and design of programming language compilers. Lexical analysis, context-free grammars, LL/LR parsing, intermediate representations (SSA form), data-flow optimization, and machine code generation. Recommended background: Prior exposure to core analytical concepts and methodological reasoning.",Computer Science,UC Berkeley Academic Guide,Graduate
CHEM-740,Biochemical Processing and Enzyme Reactors,"Biochemical Processing and Enzyme Reactors. Application of reaction engineering principles to biological catalysts. Michaelis-Menten kinetics in CSTRs, aeration mass transfer in fermenters, and downstream recovery of bio-products. Recommended background: Prior exposure to core analytical concepts and methodological reasoning.",Chemical Engineering,Harvard University Course Catalog,Graduate
ELEC-543,Power Electronics and Energy Conversion,"Power Electronics and Energy Conversion. Analysis of solid-state power electronic converters. Switch-mode DC-DC buck, boost, and flyback converters, inverter topologies, pulse-width modulation (PWM) control, and thermal dissipation management. Targeted towards undergraduate and beginning graduate students in relevant university programs.",Electronics,Coursera,Graduate
BUSI-527,"Business Ethics, Corporate Responsibility and Human Values","Business Ethics, Corporate Responsibility and Human Values. Ethical decision-making frameworks for corporate executives. Moral philosophy applied to capitalism, stakeholder rights, environmental sustainability (ESG), and cross-cultural business ethics. Prerequisites: Completion of introductory undergraduate coursework in relevant engineering or scientific disciplines.",Business,Harvard University Course Catalog,Advanced Undergraduate
MATH-114,"Abstract Algebra: Groups, Rings and Fields","Abstract Algebra: Groups, Rings and Fields. Axiomatic algebraic structures. Group homomorphisms, normal subgroups, quotient groups, Lagrange's theorem, ring ideals, unique factorization domains (UFD), and field extensions. Recommended background: Prior exposure to core analytical concepts and methodological reasoning.",Mathematics,Coursera,Graduate
MATH-249,Partial Differential Equations in Mathematical Physics,"Partial Differential Equations in Mathematical Physics. Boundary value problems for linear partial differential equations. Heat equation, wave equation, Laplace equation, separation of variables, Fourier transform methods, and Green's functions. Prerequisites: Upper-division undergraduate standing and permission of the instructor.",Mathematics,edX,Advanced Undergraduate
BUSI-579,Organizational Behavior and Leadership,"Organizational Behavior and Leadership. Behavioral dynamics within modern corporations. Team leadership, employee motivation theories, transformational leadership styles, organizational culture, conflict management, and change execution. Targeted towards undergraduate and beginning graduate students in relevant university programs.",Business,MIT OpenCourseWare,Undergraduate
MATH-123,Advanced Linear Algebra and Vector Spaces,"Advanced Linear Algebra and Vector Spaces. Vector spaces over arbitrary fields. Linear transformations, dual spaces, spectral theorem for normal operators, Jordan canonical forms, minimal polynomials, and inner product geometry. Prerequisites: Completion of introductory undergraduate coursework in relevant engineering or scientific disciplines.",Mathematics,MIT OpenCourseWare,Undergraduate
COMP-778,Principles of Cybersecurity and Cryptography,"Principles of Cybersecurity and Cryptography. Foundations of computer systems security. Cryptographic primitives, symmetric and asymmetric ciphers, public-key infrastructure, memory exploit defenses, buffer overflows, and zero-trust security architectures. Targeted towards undergraduate and beginning graduate students in relevant university programs.",Computer Science,edX,Undergraduate
CIVI-852,Environmental Water Treatment Engineering,"Environmental Water Treatment Engineering. Physical, chemical, and biological unit operations for municipal water purification. Coagulation, flocculation, rapid sand filtration, chlorination disinfection, and activated sludge wastewater treatment. Targeted towards undergraduate and beginning graduate students in relevant university programs.",Civil,Coursera,Undergraduate
MATH-569,Probability Theory and Mathematical Statistics,"Probability Theory and Mathematical Statistics. Measure-theoretic probability foundations. Random variables, characteristic functions, laws of large numbers, central limit theorem, and maximum likelihood statistical estimation. Prerequisites: Completion of introductory undergraduate coursework in relevant engineering or scientific disciplines.",Mathematics,edX,Graduate
BIOT-287,Industrial Microbiology and Downstream Processing,"Industrial Microbiology and Downstream Processing. Production of pharmaceuticals and industrial metabolites using microbes. Secondary metabolite biosynthesis, cell disruption techniques, centrifugation, ultrafiltration, and preparative chromatography. Prerequisites: Solid foundational coursework in the discipline and consent of the department.",Biotechnology,UC Berkeley Academic Guide,Advanced Undergraduate
ELEC-483,Wireless Communications and RF Systems,"Wireless Communications and RF Systems. Physical principles of wireless transmission. Digital modulation formats (QAM, PSK), multipath fading channel modeling, orthogonal frequency division multiplexing (OFDM), and MIMO multi-antenna beamforming. Targeted towards undergraduate and beginning graduate students in relevant university programs.",Electronics,MIT OpenCourseWare,Graduate
COMP-864,Principles of Cybersecurity and Cryptography,"Principles of Cybersecurity and Cryptography. Foundations of computer systems security. Cryptographic primitives, symmetric and asymmetric ciphers, public-key infrastructure, memory exploit defenses, buffer overflows, and zero-trust security architectures. Prerequisites: Upper-division undergraduate standing and permission of the instructor.",Computer Science,UC Berkeley Academic Guide,Advanced Undergraduate
MECH-534,Micro-Electro-Mechanical Systems (MEMS) Actuators,"Micro-Electro-Mechanical Systems (MEMS) Actuators. Multiphysics design of silicon micro-actuators. Electrostatic comb drives, piezoelectric micro-beams, cleanroom photolithography fabrication, and coupled thermal-fluid simulation. Prerequisites: Solid foundational coursework in the discipline and consent of the department.",Mechanical,Harvard University Course Catalog,Advanced Undergraduate
BUSI-168,Organizational Behavior and Leadership,"Organizational Behavior and Leadership. Behavioral dynamics within modern corporations. Team leadership, employee motivation theories, transformational leadership styles, organizational culture, conflict management, and change execution. Prerequisites: Solid foundational coursework in the discipline and consent of the department.",Business,Coursera,Advanced Undergraduate
PHYS-716,Classical Mechanics and Lagrangian Dynamics,"Classical Mechanics and Lagrangian Dynamics. Advanced formulation of classical mechanics. Variational principles, Euler-Lagrange equations of motion, generalized coordinates, conservation laws, central force planetary motion, and Hamiltonian mechanics. Prerequisites: Solid foundational coursework in the discipline and consent of the department.",Physics,UC Berkeley Academic Guide,Advanced Undergraduate
COMP-183,Distributed Cloud Systems Architecture,"Distributed Cloud Systems Architecture. Architectural principles of fault-tolerant distributed systems. Consensus algorithms (Paxos, Raft), replication consistency models, remote procedure calls (RPC), distributed key-value stores, and cloud microservices. Recommended background: Prior exposure to core analytical concepts and methodological reasoning.",Computer Science,UC Berkeley Academic Guide,Undergraduate
MECH-223,Conduction and Convective Heat Transfer,"Conduction and Convective Heat Transfer. Heat transfer mechanisms in mechanical systems. Steady and transient conduction, Fourier's law, forced and natural convection boundary layers, dimensionless Nusselt numbers, and heat exchanger effectiveness (NTU method). Prerequisites: Completion of introductory undergraduate coursework in relevant engineering or scientific disciplines.",Mechanical,MIT OpenCourseWare,Graduate
BIOT-145,Cellular Biochemistry and Metabolic Pathways,"Cellular Biochemistry and Metabolic Pathways. Structure and function of cellular macromolecules. Enzymatic biocatalysis, metabolic pathways (glycolysis, citric acid cycle, oxidative phosphorylation), bioenergetics, and allosteric enzyme regulation. Recommended background: Prior exposure to core analytical concepts and methodological reasoning.",Biotechnology,Coursera,Undergraduate
CIVI-374,Geotechnical Soil Mechanics,"Geotechnical Soil Mechanics. Fundamental physical and engineering properties of soils. Soil classification, Darcy's permeability law, 1D Terzaghi consolidation theory, effective stress, and Mohr-Coulomb shear strength criteria. Prerequisites: Upper-division undergraduate standing and permission of the instructor.",Civil,Coursera,Advanced Undergraduate
CHEM-167,Chemical Engineering Thermodynamics and Phase Equilibria,"Chemical Engineering Thermodynamics and Phase Equilibria. Thermodynamics of multicomponent fluid mixtures. Equations of state (Peng-Robinson), chemical potentials, fugacity coefficients, activity coefficient models (NRTL, UNIQUAC), and vapor-liquid equilibria (VLE). Prerequisites: Solid foundational coursework in the discipline and consent of the department.",Chemical Engineering,UC Berkeley Academic Guide,Undergraduate
COMP-259,Distributed Cloud Systems Architecture,"Distributed Cloud Systems Architecture. Architectural principles of fault-tolerant distributed systems. Consensus algorithms (Paxos, Raft), replication consistency models, remote procedure calls (RPC), distributed key-value stores, and cloud microservices. Prerequisites: Completion of introductory undergraduate coursework in relevant engineering or scientific disciplines.",Computer Science,Coursera,Advanced Undergraduate
HUMA-367,Critical Media Studies and Cultural Communication,"Critical Media Studies and Cultural Communication. Critical analysis of mass media institutions, digital communication networks, and popular culture. Semiotic media decoding, ideological framing, digital disinformation, and algorithmic culture. Prerequisites: Solid foundational coursework in the discipline and consent of the department.",Humanities,Harvard University Course Catalog,Graduate
COMP-326,Principles of Cybersecurity and Cryptography,"Principles of Cybersecurity and Cryptography. Foundations of computer systems security. Cryptographic primitives, symmetric and asymmetric ciphers, public-key infrastructure, memory exploit defenses, buffer overflows, and zero-trust security architectures. Prerequisites: Upper-division undergraduate standing and permission of the instructor.",Computer Science,Stanford Engineering Catalog,Graduate
PHYS-503,General Relativity and Gravitational Physics,"General Relativity and Gravitational Physics. Geometric theory of gravitation. Tensor calculus on Riemannian manifolds, Einstein field equations, geodesic motion in curved spacetime, Schwarzschild black holes, and gravitational waves. Prerequisites: Upper-division undergraduate standing and permission of the instructor.",Physics,MIT OpenCourseWare,Undergraduate
MECH-851,Manufacturing Processes and Machining,"Manufacturing Processes and Machining. Engineering materials processing. Metal casting, bulk deformation, sheet metal forming, chip formation mechanics in turning and milling, tool wear mechanisms, and CNC machining operations. Recommended background: Prior exposure to core analytical concepts and methodological reasoning.",Mechanical,Stanford Engineering Catalog,Undergraduate
PHYS-145,Solid State and Condensed Matter Physics,"Solid State and Condensed Matter Physics. Electronic and crystal structure of solids. Bravais crystal lattices, X-ray Bragg diffraction, phonon vibrations, Bloch's theorem, energy band dispersion, and semiconductor electrical conduction. Targeted towards undergraduate and beginning graduate students in relevant university programs.",Physics,edX,Advanced Undergraduate
CIVI-194,Structural Analysis and Matrix Methods,"Structural Analysis and Matrix Methods. Static analysis of indeterminate structural frames, trusses, and continuous beams. Moment distribution, slope deflection methods, influence lines, virtual work energy principles, and stiffness matrix formulations. Prerequisites: Upper-division undergraduate standing and permission of the instructor.",Civil,UC Berkeley Academic Guide,Graduate
ELEC-589,Wireless Communications and RF Systems,"Wireless Communications and RF Systems. Physical principles of wireless transmission. Digital modulation formats (QAM, PSK), multipath fading channel modeling, orthogonal frequency division multiplexing (OFDM), and MIMO multi-antenna beamforming. Prerequisites: Upper-division undergraduate standing and permission of the instructor.",Electronics,Harvard University Course Catalog,Undergraduate
BIOT-323,Industrial Microbiology and Downstream Processing,"Industrial Microbiology and Downstream Processing. Production of pharmaceuticals and industrial metabolites using microbes. Secondary metabolite biosynthesis, cell disruption techniques, centrifugation, ultrafiltration, and preparative chromatography. Targeted towards undergraduate and beginning graduate students in relevant university programs.",Biotechnology,edX,Graduate
CIVI-861,Geotechnical Soil Mechanics,"Geotechnical Soil Mechanics. Fundamental physical and engineering properties of soils. Soil classification, Darcy's permeability law, 1D Terzaghi consolidation theory, effective stress, and Mohr-Coulomb shear strength criteria. Recommended background: Prior exposure to core analytical concepts and methodological reasoning.",Civil,Harvard University Course Catalog,Graduate
CHEM-253,Chemical Process Dynamics and Automated Control,"Chemical Process Dynamics and Automated Control. Mathematical modeling of dynamic chemical processes. Laplace transforms, transfer functions, feedback PID controller tuning, feedback-feedforward control, frequency response analysis, and process stability limits. Prerequisites: Solid foundational coursework in the discipline and consent of the department.",Chemical Engineering,edX,Undergraduate
HUMA-866,Cognitive Linguistics and Semantic Structures,"Cognitive Linguistics and Semantic Structures. Scientific study of human language and mental grammars. Phonology, morphological derivation, Chomskyan transformational syntax, cognitive semantics, pragmatic context, and sociolinguistics. Prerequisites: Upper-division undergraduate standing and permission of the instructor.",Humanities,Harvard University Course Catalog,Undergraduate
BIOT-350,Bioinformatics and Computational Genomics,"Bioinformatics and Computational Genomics. Computational methods for analyzing biological sequence data. Pairwise and multiple sequence alignment (BLAST), hidden Markov models, genome assembly, phylogenetic trees, and protein structural modeling. Prerequisites: Solid foundational coursework in the discipline and consent of the department.",Biotechnology,Coursera,Undergraduate
CHEM-272,Process Safety and Plant Design in Chemical Industry,"Process Safety and Plant Design in Chemical Industry. Design and hazard mitigation in chemical production facilities. Process flow diagrams (PFD), piping and instrumentation diagrams (P&ID), HAZOP safety reviews, pressure relief sizing, and capital cost estimation. Recommended background: Prior exposure to core analytical concepts and methodological reasoning.",Chemical Engineering,Stanford Engineering Catalog,Advanced Undergraduate
BUSI-573,Investment Analysis and Portfolio Management,"Investment Analysis and Portfolio Management. Modern portfolio theory and capital asset pricing model (CAPM). Efficient market hypothesis, equity valuation models, fixed-income duration and convexity, hedge fund strategies, and risk metrics. Prerequisites: Completion of introductory undergraduate coursework in relevant engineering or scientific disciplines.",Business,Harvard University Course Catalog,Graduate
BUSI-503,Strategic Marketing and Brand Positioning,"Strategic Marketing and Brand Positioning. Core marketing management frameworks. Market segmentation, targeting, and brand positioning (STP), customer lifetime value, pricing strategies, promotional channels, and brand equity development. Recommended background: Prior exposure to core analytical concepts and methodological reasoning.",Business,Stanford Engineering Catalog,Advanced Undergraduate
PHYS-896,Quantum Information Theory and Quantum Gates,"Quantum Information Theory and Quantum Gates. Physics of quantum computing architectures. Qubits, superposition states, quantum entanglement, unitary quantum logic gates, decoherence models, and quantum error-correcting codes. Recommended background: Prior exposure to core analytical concepts and methodological reasoning.",Physics,Stanford Engineering Catalog,Graduate
CHEM-540,Chemical Engineering Thermodynamics and Phase Equilibria,"Chemical Engineering Thermodynamics and Phase Equilibria. Thermodynamics of multicomponent fluid mixtures. Equations of state (Peng-Robinson), chemical potentials, fugacity coefficients, activity coefficient models (NRTL, UNIQUAC), and vapor-liquid equilibria (VLE). Recommended background: Prior exposure to core analytical concepts and methodological reasoning.",Chemical Engineering,Stanford Engineering Catalog,Advanced Undergraduate
COMP-366,Distributed Cloud Systems Architecture,"Distributed Cloud Systems Architecture. Architectural principles of fault-tolerant distributed systems. Consensus algorithms (Paxos, Raft), replication consistency models, remote procedure calls (RPC), distributed key-value stores, and cloud microservices. Prerequisites: Upper-division undergraduate standing and permission of the instructor.",Computer Science,Coursera,Graduate
PHYS-458,Statistical Mechanics and Thermal Physics,"Statistical Mechanics and Thermal Physics. Microscopic foundations of macroscopic thermodynamic behavior. Microcanonical, canonical, and grand canonical ensembles, Maxwell-Boltzmann statistics, Bose-Einstein condensation, and Fermi-Dirac electron gas. Recommended background: Prior exposure to core analytical concepts and methodological reasoning.",Physics,Harvard University Course Catalog,Graduate
ELEC-882,Wireless Communications and RF Systems,"Wireless Communications and RF Systems. Physical principles of wireless transmission. Digital modulation formats (QAM, PSK), multipath fading channel modeling, orthogonal frequency division multiplexing (OFDM), and MIMO multi-antenna beamforming. Prerequisites: Completion of introductory undergraduate coursework in relevant engineering or scientific disciplines.",Electronics,MIT OpenCourseWare,Graduate
HUMA-450,Art History and Visual Cultural Theory,"Art History and Visual Cultural Theory. Evolution of visual art forms and aesthetic theories. Renaissance perspective, Baroque movement, Modernist avant-garde movements, iconography analysis, and museum curatorial practices. Targeted towards undergraduate and beginning graduate students in relevant university programs.",Humanities,MIT OpenCourseWare,Graduate
MECH-403,Mechanical Vibrations and Modal Analysis,"Mechanical Vibrations and Modal Analysis. Vibration analysis of single and multi-degree-of-freedom mechanical systems. Harmonic excitation, resonance response, vibration isolation dampers, continuous beam vibration, and modal extraction. Prerequisites: Completion of introductory undergraduate coursework in relevant engineering or scientific disciplines.",Mechanical,Harvard University Course Catalog,Undergraduate
CHEM-313,Chemical Reaction Engineering and Reactor Kinetics,"Chemical Reaction Engineering and Reactor Kinetics. Kinetics of homogeneous and heterogeneous chemical reactions. Ideal batch, continuous stirred-tank (CSTR), and plug flow reactors (PFR). Catalytic kinetics, non-isothermal reactor operation, and thermal runaway prevention. Recommended background: Prior exposure to core analytical concepts and methodological reasoning.",Chemical Engineering,Coursera,Undergraduate
HUMA-784,Philosophy of Artificial Intelligence and Mind,"Philosophy of Artificial Intelligence and Mind. Philosophical implications of computational machine intelligence. The Turing Test, Searle's Chinese Room argument, machine consciousness, ethics of autonomous algorithms, and the nature of human cognition. Prerequisites: Solid foundational coursework in the discipline and consent of the department.",Humanities,Harvard University Course Catalog,Undergraduate
HUMA-520,Art History and Visual Cultural Theory,"Art History and Visual Cultural Theory. Evolution of visual art forms and aesthetic theories. Renaissance perspective, Baroque movement, Modernist avant-garde movements, iconography analysis, and museum curatorial practices. Prerequisites: Completion of introductory undergraduate coursework in relevant engineering or scientific disciplines.",Humanities,Coursera,Graduate
MATH-247,"Abstract Algebra: Groups, Rings and Fields","Abstract Algebra: Groups, Rings and Fields. Axiomatic algebraic structures. Group homomorphisms, normal subgroups, quotient groups, Lagrange's theorem, ring ideals, unique factorization domains (UFD), and field extensions. Targeted towards undergraduate and beginning graduate students in relevant university programs.",Mathematics,Stanford Engineering Catalog,Advanced Undergraduate
HUMA-489,Art History and Visual Cultural Theory,"Art History and Visual Cultural Theory. Evolution of visual art forms and aesthetic theories. Renaissance perspective, Baroque movement, Modernist avant-garde movements, iconography analysis, and museum curatorial practices. Prerequisites: Completion of introductory undergraduate coursework in relevant engineering or scientific disciplines.",Humanities,edX,Advanced Undergraduate
CHEM-807,Chemical Engineering Thermodynamics and Phase Equilibria,"Chemical Engineering Thermodynamics and Phase Equilibria. Thermodynamics of multicomponent fluid mixtures. Equations of state (Peng-Robinson), chemical potentials, fugacity coefficients, activity coefficient models (NRTL, UNIQUAC), and vapor-liquid equilibria (VLE). Prerequisites: Solid foundational coursework in the discipline and consent of the department.",Chemical Engineering,UC Berkeley Academic Guide,Graduate
HUMA-113,Critical Media Studies and Cultural Communication,"Critical Media Studies and Cultural Communication. Critical analysis of mass media institutions, digital communication networks, and popular culture. Semiotic media decoding, ideological framing, digital disinformation, and algorithmic culture. Prerequisites: Completion of introductory undergraduate coursework in relevant engineering or scientific disciplines.",Humanities,Coursera,Advanced Undergraduate
CIVI-462,Environmental Water Treatment Engineering,"Environmental Water Treatment Engineering. Physical, chemical, and biological unit operations for municipal water purification. Coagulation, flocculation, rapid sand filtration, chlorination disinfection, and activated sludge wastewater treatment. Recommended background: Prior exposure to core analytical concepts and methodological reasoning.",Civil,edX,Advanced Undergraduate
CHEM-784,Transport Phenomena in Chemical Systems,"Transport Phenomena in Chemical Systems. Unified treatment of momentum, heat, and mass transport. Shell balances, Navier-Stokes equations, thermal conduction/convection, Fick's law of molecular diffusion, and mass transfer coefficients in boundary layers. Prerequisites: Completion of introductory undergraduate coursework in relevant engineering or scientific disciplines.",Chemical Engineering,Stanford Engineering Catalog,Undergraduate
ELEC-591,Semiconductor Device Physics,"Semiconductor Device Physics. Quantum mechanical principles of semiconductor transport. Energy band structures, carrier generation and recombination, p-n junction electrostatics, Schottky diodes, and subthreshold MOSFET characteristics. Prerequisites: Upper-division undergraduate standing and permission of the instructor.",Electronics,Coursera,Advanced Undergraduate
BIOT-163,Molecular Biology and Recombinant DNA Technology,"Molecular Biology and Recombinant DNA Technology. Molecular mechanisms of gene expression and genetic engineering. DNA replication, transcription, translation, restriction endonucleases, plasmid cloning vectors, CRISPR-Cas9 gene editing, and PCR amplification. Targeted towards undergraduate and beginning graduate students in relevant university programs.",Biotechnology,edX,Undergraduate
MECH-422,Micro-Electro-Mechanical Systems (MEMS) Actuators,"Micro-Electro-Mechanical Systems (MEMS) Actuators. Multiphysics design of silicon micro-actuators. Electrostatic comb drives, piezoelectric micro-beams, cleanroom photolithography fabrication, and coupled thermal-fluid simulation. Prerequisites: Upper-division undergraduate standing and permission of the instructor.",Mechanical,Coursera,Advanced Undergraduate
BUSI-120,Entrepreneurial Finance and Venture Capital,"Entrepreneurial Finance and Venture Capital. Financing emerging high-growth ventures. Term sheets, convertible notes, venture valuation methods, capitalization tables, angel financing, and startup exit strategies. Prerequisites: Solid foundational coursework in the discipline and consent of the department.",Business,Stanford Engineering Catalog,Undergraduate
BUSI-416,Investment Analysis and Portfolio Management,"Investment Analysis and Portfolio Management. Modern portfolio theory and capital asset pricing model (CAPM). Efficient market hypothesis, equity valuation models, fixed-income duration and convexity, hedge fund strategies, and risk metrics. Recommended background: Prior exposure to core analytical concepts and methodological reasoning.",Business,edX,Graduate
HUMA-456,Modern Political Philosophy and Ethics,"Modern Political Philosophy and Ethics. Foundational theories of justice, rights, and political governance. Classical and modern political thought including Plato, Aristotle, Hobbes, Locke, Rousseau, Kantian deontology, and utilitarianism. Prerequisites: Completion of introductory undergraduate coursework in relevant engineering or scientific disciplines.",Humanities,Harvard University Course Catalog,Advanced Undergraduate
COMP-802,Relational Database Management Systems,"Relational Database Management Systems. Database management internals, relational data algebra, declarative SQL optimization, B+ tree indexing structures, query execution plans, ACID transaction concurrency, and write-ahead logging protocols. Prerequisites: Completion of introductory undergraduate coursework in relevant engineering or scientific disciplines.",Computer Science,edX,Undergraduate
BIOT-860,Stem Cell Biology and Tissue Engineering,"Stem Cell Biology and Tissue Engineering. Mechanisms of cellular pluripotency and regenerative medicine. Embryonic and induced pluripotent stem cells, biomaterial scaffolds, cell-matrix interactions, and bioreactor culture of functional engineered tissues. Targeted towards undergraduate and beginning graduate students in relevant university programs.",Biotechnology,edX,Graduate
PHYS-562,Classical Mechanics and Lagrangian Dynamics,"Classical Mechanics and Lagrangian Dynamics. Advanced formulation of classical mechanics. Variational principles, Euler-Lagrange equations of motion, generalized coordinates, conservation laws, central force planetary motion, and Hamiltonian mechanics. Recommended background: Prior exposure to core analytical concepts and methodological reasoning.",Physics,Coursera,Graduate
CIVI-455,Environmental Fluid Mechanics and Contaminant Transport,"Environmental Fluid Mechanics and Contaminant Transport. Fluid dynamics and mass transport in aquatic environments. Advection-diffusion equation, turbulent mixing in natural rivers, groundwater pollutant migration, and hydrologic basin modeling. Recommended background: Prior exposure to core analytical concepts and methodological reasoning.",Civil,Harvard University Course Catalog,Graduate
BUSI-596,Financial Statement Analysis and Accounting,"Financial Statement Analysis and Accounting. Interpretation and construction of financial statements under GAAP and IFRS. Balance sheets, income statements, cash flow statements, revenue recognition rules, inventory costing, and ratio analysis. Targeted towards undergraduate and beginning graduate students in relevant university programs.",Business,Harvard University Course Catalog,Graduate
HUMA-722,World Literature and Comparative Literary Theory,"World Literature and Comparative Literary Theory. Critical analysis of global literary masterpieces across historical epochs. Textual hermeneutics, narrative theory, post-colonial literary critique, modernism, and thematic representations of human identity. Targeted towards undergraduate and beginning graduate students in relevant university programs.",Humanities,Stanford Engineering Catalog,Graduate
BUSI-113,"Business Ethics, Corporate Responsibility and Human Values","Business Ethics, Corporate Responsibility and Human Values. Ethical decision-making frameworks for corporate executives. Moral philosophy applied to capitalism, stakeholder rights, environmental sustainability (ESG), and cross-cultural business ethics. Recommended background: Prior exposure to core analytical concepts and methodological reasoning.",Business,edX,Advanced Undergraduate
PHYS-242,Quantum Mechanics and Atomic Structure,"Quantum Mechanics and Atomic Structure. Fundamental postulates of quantum mechanics. Wave-particle duality, Schrodinger wave equation, square wells, quantum harmonic oscillator, angular momentum operators, and hydrogen atom quantum states. Prerequisites: Upper-division undergraduate standing and permission of the instructor.",Physics,UC Berkeley Academic Guide,Advanced Undergraduate
HUMA-522,Epistemology and Philosophy of Mind,"Epistemology and Philosophy of Mind. Philosophical inquiry into the nature of knowledge, truth, and mental consciousness. Rationalism vs empiricism, skeptical arguments, dualism, functionalism, intentionality, and cognitive experience. Recommended background: Prior exposure to core analytical concepts and methodological reasoning.",Humanities,Stanford Engineering Catalog,Advanced Undergraduate
CIVI-747,Hydraulic Engineering and Open Channel Flow,"Hydraulic Engineering and Open Channel Flow. Fluid flow in open channels and pipe networks. Manning's uniform flow equation, specific energy, hydraulic jumps, gradually varied flow profile computations, and culvert hydraulic sizing. Targeted towards undergraduate and beginning graduate students in relevant university programs.",Civil,Harvard University Course Catalog,Graduate
ELEC-712,Digital VLSI Architecture and Design,"Digital VLSI Architecture and Design. CMOS digital logic design and physical layout. Static and dynamic power consumption, propagation delay calculation, static timing analysis (STA), clock tree synthesis, and Verilog hardware description language. Recommended background: Prior exposure to core analytical concepts and methodological reasoning.",Electronics,UC Berkeley Academic Guide,Advanced Undergraduate
CHEM-187,Transport Phenomena in Chemical Systems,"Transport Phenomena in Chemical Systems. Unified treatment of momentum, heat, and mass transport. Shell balances, Navier-Stokes equations, thermal conduction/convection, Fick's law of molecular diffusion, and mass transfer coefficients in boundary layers. Recommended background: Prior exposure to core analytical concepts and methodological reasoning.",Chemical Engineering,edX,Advanced Undergraduate
HUMA-772,Critical Media Studies and Cultural Communication,"Critical Media Studies and Cultural Communication. Critical analysis of mass media institutions, digital communication networks, and popular culture. Semiotic media decoding, ideological framing, digital disinformation, and algorithmic culture. Prerequisites: Upper-division undergraduate standing and permission of the instructor.",Humanities,Stanford Engineering Catalog,Undergraduate
MECH-727,Mechanical Elements Machine Design,"Mechanical Elements Machine Design. Design principles for mechanical machine components. Fatigue loading life calculation, hydrodynamic journal bearings, spur and helical gear rating, bolted joint preload, compression springs, clutches, and brakes. Targeted towards undergraduate and beginning graduate students in relevant university programs.",Mechanical,Coursera,Graduate
COMP-778,Design and Analysis of Algorithms,"Design and Analysis of Algorithms. Fundamental algorithmic design paradigms including divide-and-conquer, greedy optimization, dynamic programming, network flow algorithms, and graph traversals. Worst-case amortized time analysis and NP-completeness reductions are rigorously studied. Prerequisites: Solid foundational coursework in the discipline and consent of the department.",Computer Science,Coursera,Advanced Undergraduate
CIVI-496,Design of Reinforced Concrete Structures,"Design of Reinforced Concrete Structures. Behavior and limit state design of reinforced concrete members. Ultimate flexural strength of beams, shear reinforcement detailing, one-way and two-way floor slabs, and axial-flexural interaction of columns. Prerequisites: Upper-division undergraduate standing and permission of the instructor.",Civil,edX,Graduate
MATH-636,Mathematical Foundations of Quantum Physics,"Mathematical Foundations of Quantum Physics. Rigorous functional analysis applied to quantum mechanics. Hilbert spaces, unbounded self-adjoint linear operators, spectral theorem, and mathematical formulation of observables. Targeted towards undergraduate and beginning graduate students in relevant university programs.",Mathematics,Stanford Engineering Catalog,Advanced Undergraduate
PHYS-150,Quantum Mechanics and Atomic Structure,"Quantum Mechanics and Atomic Structure. Fundamental postulates of quantum mechanics. Wave-particle duality, Schrodinger wave equation, square wells, quantum harmonic oscillator, angular momentum operators, and hydrogen atom quantum states. Prerequisites: Upper-division undergraduate standing and permission of the instructor.",Physics,edX,Undergraduate
ELEC-508,Digital Signal Processing Systems,"Digital Signal Processing Systems. Theory and implementation of discrete-time signals and systems. Z-transforms, discrete Fourier transform (DFT), fast Fourier transform (FFT), FIR and IIR digital filter design, and hardware DSP architectures. Prerequisites: Upper-division undergraduate standing and permission of the instructor.",Electronics,edX,Graduate
BUSI-885,Financial Statement Analysis and Accounting,"Financial Statement Analysis and Accounting. Interpretation and construction of financial statements under GAAP and IFRS. Balance sheets, income statements, cash flow statements, revenue recognition rules, inventory costing, and ratio analysis. Prerequisites: Upper-division undergraduate standing and permission of the instructor.",Business,Harvard University Course Catalog,Graduate
PHYS-745,Classical Mechanics and Lagrangian Dynamics,"Classical Mechanics and Lagrangian Dynamics. Advanced formulation of classical mechanics. Variational principles, Euler-Lagrange equations of motion, generalized coordinates, conservation laws, central force planetary motion, and Hamiltonian mechanics. Prerequisites: Completion of introductory undergraduate coursework in relevant engineering or scientific disciplines.",Physics,Harvard University Course Catalog,Undergraduate
ELEC-342,Power Electronics and Energy Conversion,"Power Electronics and Energy Conversion. Analysis of solid-state power electronic converters. Switch-mode DC-DC buck, boost, and flyback converters, inverter topologies, pulse-width modulation (PWM) control, and thermal dissipation management. Prerequisites: Upper-division undergraduate standing and permission of the instructor.",Electronics,Stanford Engineering Catalog,Advanced Undergraduate
PHYS-279,Quantum Mechanics and Atomic Structure,"Quantum Mechanics and Atomic Structure. Fundamental postulates of quantum mechanics. Wave-particle duality, Schrodinger wave equation, square wells, quantum harmonic oscillator, angular momentum operators, and hydrogen atom quantum states. Recommended background: Prior exposure to core analytical concepts and methodological reasoning.",Physics,Harvard University Course Catalog,Advanced Undergraduate
MECH-129,Kinematics and Dynamics of Mechanisms,"Kinematics and Dynamics of Mechanisms. Planar mechanism motion analysis. Four-bar linkages, velocity and acceleration polygon methods, dynamic force balancing, flywheel inertia determination, and balancing of rotating machinery. Prerequisites: Completion of introductory undergraduate coursework in relevant engineering or scientific disciplines.",Mechanical,Stanford Engineering Catalog,Undergraduate
CIVI-675,Environmental Fluid Mechanics and Contaminant Transport,"Environmental Fluid Mechanics and Contaminant Transport. Fluid dynamics and mass transport in aquatic environments. Advection-diffusion equation, turbulent mixing in natural rivers, groundwater pollutant migration, and hydrologic basin modeling. Prerequisites: Completion of introductory undergraduate coursework in relevant engineering or scientific disciplines.",Civil,Stanford Engineering Catalog,Advanced Undergraduate
BIOT-582,Cellular Biochemistry and Metabolic Pathways,"Cellular Biochemistry and Metabolic Pathways. Structure and function of cellular macromolecules. Enzymatic biocatalysis, metabolic pathways (glycolysis, citric acid cycle, oxidative phosphorylation), bioenergetics, and allosteric enzyme regulation. Targeted towards undergraduate and beginning graduate students in relevant university programs.",Biotechnology,Harvard University Course Catalog,Undergraduate
MATH-648,"Abstract Algebra: Groups, Rings and Fields","Abstract Algebra: Groups, Rings and Fields. Axiomatic algebraic structures. Group homomorphisms, normal subgroups, quotient groups, Lagrange's theorem, ring ideals, unique factorization domains (UFD), and field extensions. Prerequisites: Completion of introductory undergraduate coursework in relevant engineering or scientific disciplines.",Mathematics,UC Berkeley Academic Guide,Advanced Undergraduate
PHYS-466,Nuclear and High-Energy Particle Physics,"Nuclear and High-Energy Particle Physics. Structure and interactions of atomic nuclei and subatomic particles. Radioactive decay kinetics, nuclear fission and fusion reactors, quarks, leptons, gauge bosons, and Standard Model symmetries. Prerequisites: Completion of introductory undergraduate coursework in relevant engineering or scientific disciplines.",Physics,UC Berkeley Academic Guide,Graduate
CHEM-608,Biochemical Reaction and Bioseparation Engineering,"Biochemical Reaction and Bioseparation Engineering. Engineering analysis of biological reaction systems. Enzyme kinetics (Michaelis-Menten), bioreactor design and oxygen transfer aeration, sterilization protocols, and downstream protein purification chromatography. Prerequisites: Solid foundational coursework in the discipline and consent of the department.",Chemical Engineering,edX,Graduate
BUSI-420,"Business Ethics, Corporate Responsibility and Human Values","Business Ethics, Corporate Responsibility and Human Values. Ethical decision-making frameworks for corporate executives. Moral philosophy applied to capitalism, stakeholder rights, environmental sustainability (ESG), and cross-cultural business ethics. Recommended background: Prior exposure to core analytical concepts and methodological reasoning.",Business,UC Berkeley Academic Guide,Advanced Undergraduate
PHYS-321,Quantum Mechanics and Atomic Structure,"Quantum Mechanics and Atomic Structure. Fundamental postulates of quantum mechanics. Wave-particle duality, Schrodinger wave equation, square wells, quantum harmonic oscillator, angular momentum operators, and hydrogen atom quantum states. Prerequisites: Upper-division undergraduate standing and permission of the instructor.",Physics,Harvard University Course Catalog,Advanced Undergraduate
CIVI-495,Environmental Water Treatment Engineering,"Environmental Water Treatment Engineering. Physical, chemical, and biological unit operations for municipal water purification. Coagulation, flocculation, rapid sand filtration, chlorination disinfection, and activated sludge wastewater treatment. Prerequisites: Solid foundational coursework in the discipline and consent of the department.",Civil,Coursera,Undergraduate
COMP-681,Relational Database Management Systems,"Relational Database Management Systems. Database management internals, relational data algebra, declarative SQL optimization, B+ tree indexing structures, query execution plans, ACID transaction concurrency, and write-ahead logging protocols. Recommended background: Prior exposure to core analytical concepts and methodological reasoning.",Computer Science,MIT OpenCourseWare,Undergraduate
CHEM-882,Chemical Reaction Engineering and Reactor Kinetics,"Chemical Reaction Engineering and Reactor Kinetics. Kinetics of homogeneous and heterogeneous chemical reactions. Ideal batch, continuous stirred-tank (CSTR), and plug flow reactors (PFR). Catalytic kinetics, non-isothermal reactor operation, and thermal runaway prevention. Prerequisites: Completion of introductory undergraduate coursework in relevant engineering or scientific disciplines.",Chemical Engineering,UC Berkeley Academic Guide,Graduate
MATH-884,Partial Differential Equations in Mathematical Physics,"Partial Differential Equations in Mathematical Physics. Boundary value problems for linear partial differential equations. Heat equation, wave equation, Laplace equation, separation of variables, Fourier transform methods, and Green's functions. Targeted towards undergraduate and beginning graduate students in relevant university programs.",Mathematics,Harvard University Course Catalog,Graduate
MATH-588,Probability Theory and Mathematical Statistics,"Probability Theory and Mathematical Statistics. Measure-theoretic probability foundations. Random variables, characteristic functions, laws of large numbers, central limit theorem, and maximum likelihood statistical estimation. Targeted towards undergraduate and beginning graduate students in relevant university programs.",Mathematics,UC Berkeley Academic Guide,Undergraduate
CIVI-174,Environmental Fluid Mechanics and Contaminant Transport,"Environmental Fluid Mechanics and Contaminant Transport. Fluid dynamics and mass transport in aquatic environments. Advection-diffusion equation, turbulent mixing in natural rivers, groundwater pollutant migration, and hydrologic basin modeling. Prerequisites: Upper-division undergraduate standing and permission of the instructor.",Civil,MIT OpenCourseWare,Undergraduate
CIVI-108,Geotechnical Soil Mechanics,"Geotechnical Soil Mechanics. Fundamental physical and engineering properties of soils. Soil classification, Darcy's permeability law, 1D Terzaghi consolidation theory, effective stress, and Mohr-Coulomb shear strength criteria. Prerequisites: Completion of introductory undergraduate coursework in relevant engineering or scientific disciplines.",Civil,UC Berkeley Academic Guide,Advanced Undergraduate
MECH-813,Classical Applied Thermodynamics,"Classical Applied Thermodynamics. Fundamental thermodynamic principles for engineering systems. First and second laws, closed and control volume energy balance, entropy generation, exergy analysis, vapor power Rankine cycles, and gas turbine Brayton cycles. Recommended background: Prior exposure to core analytical concepts and methodological reasoning.",Mechanical,edX,Undergraduate
CHEM-573,Biochemical Reaction and Bioseparation Engineering,"Biochemical Reaction and Bioseparation Engineering. Engineering analysis of biological reaction systems. Enzyme kinetics (Michaelis-Menten), bioreactor design and oxygen transfer aeration, sterilization protocols, and downstream protein purification chromatography. Targeted towards undergraduate and beginning graduate students in relevant university programs.",Chemical Engineering,MIT OpenCourseWare,Undergraduate
BUSI-277,Corporate Finance and Capital Structure,"Corporate Finance and Capital Structure. Financial decision making in corporations. Capital budgeting discounted cash flows (NPV, IRR), weighted average cost of capital (WACC), debt vs equity financing, dividend policy, and corporate governance. Prerequisites: Upper-division undergraduate standing and permission of the instructor.",Business,Harvard University Course Catalog,Undergraduate
HUMA-425,Philosophy of Artificial Intelligence and Mind,"Philosophy of Artificial Intelligence and Mind. Philosophical implications of computational machine intelligence. The Turing Test, Searle's Chinese Room argument, machine consciousness, ethics of autonomous algorithms, and the nature of human cognition. Targeted towards undergraduate and beginning graduate students in relevant university programs.",Humanities,edX,Undergraduate
BUSI-610,Entrepreneurial Finance and Venture Capital,"Entrepreneurial Finance and Venture Capital. Financing emerging high-growth ventures. Term sheets, convertible notes, venture valuation methods, capitalization tables, angel financing, and startup exit strategies. Prerequisites: Solid foundational coursework in the discipline and consent of the department.",Business,Stanford Engineering Catalog,Graduate
PHYS-485,General Relativity and Gravitational Physics,"General Relativity and Gravitational Physics. Geometric theory of gravitation. Tensor calculus on Riemannian manifolds, Einstein field equations, geodesic motion in curved spacetime, Schwarzschild black holes, and gravitational waves. Recommended background: Prior exposure to core analytical concepts and methodological reasoning.",Physics,edX,Graduate
PHYS-712,Solid State and Condensed Matter Physics,"Solid State and Condensed Matter Physics. Electronic and crystal structure of solids. Bravais crystal lattices, X-ray Bragg diffraction, phonon vibrations, Bloch's theorem, energy band dispersion, and semiconductor electrical conduction. Targeted towards undergraduate and beginning graduate students in relevant university programs.",Physics,edX,Undergraduate
CIVI-398,Structural Analysis and Matrix Methods,"Structural Analysis and Matrix Methods. Static analysis of indeterminate structural frames, trusses, and continuous beams. Moment distribution, slope deflection methods, influence lines, virtual work energy principles, and stiffness matrix formulations. Prerequisites: Upper-division undergraduate standing and permission of the instructor.",Civil,edX,Graduate
CHEM-691,Chemical Process Dynamics and Automated Control,"Chemical Process Dynamics and Automated Control. Mathematical modeling of dynamic chemical processes. Laplace transforms, transfer functions, feedback PID controller tuning, feedback-feedforward control, frequency response analysis, and process stability limits. Prerequisites: Completion of introductory undergraduate coursework in relevant engineering or scientific disciplines.",Chemical Engineering,Stanford Engineering Catalog,Graduate
ELEC-612,Digital VLSI Architecture and Design,"Digital VLSI Architecture and Design. CMOS digital logic design and physical layout. Static and dynamic power consumption, propagation delay calculation, static timing analysis (STA), clock tree synthesis, and Verilog hardware description language. Prerequisites: Upper-division undergraduate standing and permission of the instructor.",Electronics,Stanford Engineering Catalog,Graduate
HUMA-652,Critical Media Studies and Cultural Communication,"Critical Media Studies and Cultural Communication. Critical analysis of mass media institutions, digital communication networks, and popular culture. Semiotic media decoding, ideological framing, digital disinformation, and algorithmic culture. Targeted towards undergraduate and beginning graduate students in relevant university programs.",Humanities,Harvard University Course Catalog,Undergraduate
CHEM-798,Chemical Process Dynamics and Automated Control,"Chemical Process Dynamics and Automated Control. Mathematical modeling of dynamic chemical processes. Laplace transforms, transfer functions, feedback PID controller tuning, feedback-feedforward control, frequency response analysis, and process stability limits. Prerequisites: Solid foundational coursework in the discipline and consent of the department.",Chemical Engineering,UC Berkeley Academic Guide,Advanced Undergraduate
BIOT-389,Bioinformatics Pipeline Engineering and Transcriptomics,"Bioinformatics Pipeline Engineering and Transcriptomics. High-throughput computational pipeline design for next-generation RNA sequencing data. Statistical differential expression, variant calling algorithms, and cloud genomic workflows. Prerequisites: Solid foundational coursework in the discipline and consent of the department.",Biotechnology,Coursera,Graduate
MECH-810,Mechanics of Deformable Solids,"Mechanics of Deformable Solids. Stress and strain tensors in structural elements. Axial loading, torsion of circular shafts, bending and shear stress distributions in beams, Mohr's circle analysis, column Euler buckling, and failure yield criteria. Prerequisites: Upper-division undergraduate standing and permission of the instructor.",Mechanical,MIT OpenCourseWare,Advanced Undergraduate
MATH-137,Complex Analysis and Conformal Mapping,"Complex Analysis and Conformal Mapping. Theory of functions of a complex variable. Cauchy-Riemann equations, Cauchy's integral theorem, Taylor and Laurent series expansions, residue calculus, contour integrals, and conformal mappings. Prerequisites: Completion of introductory undergraduate coursework in relevant engineering or scientific disciplines.",Mathematics,Stanford Engineering Catalog,Advanced Undergraduate
BUSI-275,Competitive Strategy and Industry Analysis,"Competitive Strategy and Industry Analysis. Frameworks for establishing sustainable competitive advantage. Porter's Five Forces, resource-based view of the firm, value chain configuration, corporate diversification, and industry disruption. Prerequisites: Completion of introductory undergraduate coursework in relevant engineering or scientific disciplines.",Business,MIT OpenCourseWare,Advanced Undergraduate
CIVI-284,Environmental Fluid Mechanics and Contaminant Transport,"Environmental Fluid Mechanics and Contaminant Transport. Fluid dynamics and mass transport in aquatic environments. Advection-diffusion equation, turbulent mixing in natural rivers, groundwater pollutant migration, and hydrologic basin modeling. Prerequisites: Completion of introductory undergraduate coursework in relevant engineering or scientific disciplines.",Civil,UC Berkeley Academic Guide,Graduate
COMP-675,Computational Biology and Genome Informatics,"Computational Biology and Genome Informatics. Algorithm development for biological big data. Sequence alignment algorithms, phylogenetic tree clustering, genome assembly heuristics, and neural network models for protein folding. Prerequisites: Solid foundational coursework in the discipline and consent of the department.",Computer Science,MIT OpenCourseWare,Undergraduate
ELEC-238,Power Electronics and Energy Conversion,"Power Electronics and Energy Conversion. Analysis of solid-state power electronic converters. Switch-mode DC-DC buck, boost, and flyback converters, inverter topologies, pulse-width modulation (PWM) control, and thermal dissipation management. Prerequisites: Upper-division undergraduate standing and permission of the instructor.",Electronics,edX,Graduate
BIOT-214,Bioinformatics Pipeline Engineering and Transcriptomics,"Bioinformatics Pipeline Engineering and Transcriptomics. High-throughput computational pipeline design for next-generation RNA sequencing data. Statistical differential expression, variant calling algorithms, and cloud genomic workflows. Prerequisites: Solid foundational coursework in the discipline and consent of the department.",Biotechnology,Coursera,Advanced Undergraduate
MATH-775,Partial Differential Equations in Mathematical Physics,"Partial Differential Equations in Mathematical Physics. Boundary value problems for linear partial differential equations. Heat equation, wave equation, Laplace equation, separation of variables, Fourier transform methods, and Green's functions. Prerequisites: Solid foundational coursework in the discipline and consent of the department.",Mathematics,UC Berkeley Academic Guide,Undergraduate
BUSI-256,Operations and Global Supply Chain Management,"Operations and Global Supply Chain Management. Design and control of operational supply chains. Process bottleneck analysis, Little's Law, aggregate production planning, economic order quantity (EOQ), safety stock, and lean manufacturing. Prerequisites: Completion of introductory undergraduate coursework in relevant engineering or scientific disciplines.",Business,edX,Advanced Undergraduate
CHEM-436,Transport Phenomena in Chemical Systems,"Transport Phenomena in Chemical Systems. Unified treatment of momentum, heat, and mass transport. Shell balances, Navier-Stokes equations, thermal conduction/convection, Fick's law of molecular diffusion, and mass transfer coefficients in boundary layers. Prerequisites: Completion of introductory undergraduate coursework in relevant engineering or scientific disciplines.",Chemical Engineering,UC Berkeley Academic Guide,Graduate
MATH-126,Partial Differential Equations in Mathematical Physics,"Partial Differential Equations in Mathematical Physics. Boundary value problems for linear partial differential equations. Heat equation, wave equation, Laplace equation, separation of variables, Fourier transform methods, and Green's functions. Prerequisites: Completion of introductory undergraduate coursework in relevant engineering or scientific disciplines.",Mathematics,Stanford Engineering Catalog,Graduate
MATH-137,Probability Theory and Mathematical Statistics,"Probability Theory and Mathematical Statistics. Measure-theoretic probability foundations. Random variables, characteristic functions, laws of large numbers, central limit theorem, and maximum likelihood statistical estimation. Targeted towards undergraduate and beginning graduate students in relevant university programs.",Mathematics,MIT OpenCourseWare,Undergraduate
BUSI-435,Strategic Marketing and Brand Positioning,"Strategic Marketing and Brand Positioning. Core marketing management frameworks. Market segmentation, targeting, and brand positioning (STP), customer lifetime value, pricing strategies, promotional channels, and brand equity development. Prerequisites: Completion of introductory undergraduate coursework in relevant engineering or scientific disciplines.",Business,UC Berkeley Academic Guide,Graduate
MECH-432,Conduction and Convective Heat Transfer,"Conduction and Convective Heat Transfer. Heat transfer mechanisms in mechanical systems. Steady and transient conduction, Fourier's law, forced and natural convection boundary layers, dimensionless Nusselt numbers, and heat exchanger effectiveness (NTU method). Prerequisites: Upper-division undergraduate standing and permission of the instructor.",Mechanical,Harvard University Course Catalog,Advanced Undergraduate
PHYS-244,Quantum Information Theory and Quantum Gates,"Quantum Information Theory and Quantum Gates. Physics of quantum computing architectures. Qubits, superposition states, quantum entanglement, unitary quantum logic gates, decoherence models, and quantum error-correcting codes. Recommended background: Prior exposure to core analytical concepts and methodological reasoning.",Physics,MIT OpenCourseWare,Advanced Undergraduate
HUMA-390,Global Economic and Civilizational History,"Global Economic and Civilizational History. Historical evolution of human societies and global trade networks. Rise and fall of ancient empires, the Enlightenment, Industrial Revolution, imperialism, and social transformations in the modern world. Prerequisites: Completion of introductory undergraduate coursework in relevant engineering or scientific disciplines.",Humanities,edX,Undergraduate
BUSI-541,Strategic Marketing and Brand Positioning,"Strategic Marketing and Brand Positioning. Core marketing management frameworks. Market segmentation, targeting, and brand positioning (STP), customer lifetime value, pricing strategies, promotional channels, and brand equity development. Targeted towards undergraduate and beginning graduate students in relevant university programs.",Business,Coursera,Graduate
COMP-195,Computational Biology and Genome Informatics,"Computational Biology and Genome Informatics. Algorithm development for biological big data. Sequence alignment algorithms, phylogenetic tree clustering, genome assembly heuristics, and neural network models for protein folding. Prerequisites: Upper-division undergraduate standing and permission of the instructor.",Computer Science,Stanford Engineering Catalog,Undergraduate
COMP-317,Principles of Cybersecurity and Cryptography,"Principles of Cybersecurity and Cryptography. Foundations of computer systems security. Cryptographic primitives, symmetric and asymmetric ciphers, public-key infrastructure, memory exploit defenses, buffer overflows, and zero-trust security architectures. Prerequisites: Completion of introductory undergraduate coursework in relevant engineering or scientific disciplines.",Computer Science,UC Berkeley Academic Guide,Graduate
MATH-518,Ordinary Differential Equations and Dynamical Systems,"Ordinary Differential Equations and Dynamical Systems. Linear and nonlinear ordinary differential equations. Existence and uniqueness theorems (Picard-Lindelof), phase portrait analysis, Lyapunov stability theory, and bifurcation behavior. Prerequisites: Solid foundational coursework in the discipline and consent of the department.",Mathematics,MIT OpenCourseWare,Advanced Undergraduate
MATH-804,Advanced Linear Algebra and Vector Spaces,"Advanced Linear Algebra and Vector Spaces. Vector spaces over arbitrary fields. Linear transformations, dual spaces, spectral theorem for normal operators, Jordan canonical forms, minimal polynomials, and inner product geometry. Recommended background: Prior exposure to core analytical concepts and methodological reasoning.",Mathematics,Coursera,Graduate
COMP-237,Distributed Cloud Systems Architecture,"Distributed Cloud Systems Architecture. Architectural principles of fault-tolerant distributed systems. Consensus algorithms (Paxos, Raft), replication consistency models, remote procedure calls (RPC), distributed key-value stores, and cloud microservices. Targeted towards undergraduate and beginning graduate students in relevant university programs.",Computer Science,Stanford Engineering Catalog,Graduate
CIVI-816,Design of Reinforced Concrete Structures,"Design of Reinforced Concrete Structures. Behavior and limit state design of reinforced concrete members. Ultimate flexural strength of beams, shear reinforcement detailing, one-way and two-way floor slabs, and axial-flexural interaction of columns. Prerequisites: Upper-division undergraduate standing and permission of the instructor.",Civil,UC Berkeley Academic Guide,Advanced Undergraduate
MATH-183,Partial Differential Equations in Mathematical Physics,"Partial Differential Equations in Mathematical Physics. Boundary value problems for linear partial differential equations. Heat equation, wave equation, Laplace equation, separation of variables, Fourier transform methods, and Green's functions. Recommended background: Prior exposure to core analytical concepts and methodological reasoning.",Mathematics,Stanford Engineering Catalog,Advanced Undergraduate
MATH-568,Partial Differential Equations in Mathematical Physics,"Partial Differential Equations in Mathematical Physics. Boundary value problems for linear partial differential equations. Heat equation, wave equation, Laplace equation, separation of variables, Fourier transform methods, and Green's functions. Prerequisites: Upper-division undergraduate standing and permission of the instructor.",Mathematics,UC Berkeley Academic Guide,Graduate
MATH-527,Partial Differential Equations in Mathematical Physics,"Partial Differential Equations in Mathematical Physics. Boundary value problems for linear partial differential equations. Heat equation, wave equation, Laplace equation, separation of variables, Fourier transform methods, and Green's functions. Prerequisites: Completion of introductory undergraduate coursework in relevant engineering or scientific disciplines.",Mathematics,Harvard University Course Catalog,Graduate
BUSI-643,Organizational Behavior and Leadership,"Organizational Behavior and Leadership. Behavioral dynamics within modern corporations. Team leadership, employee motivation theories, transformational leadership styles, organizational culture, conflict management, and change execution. Prerequisites: Solid foundational coursework in the discipline and consent of the department.",Business,Harvard University Course Catalog,Undergraduate
ELEC-480,Semiconductor Device Physics,"Semiconductor Device Physics. Quantum mechanical principles of semiconductor transport. Energy band structures, carrier generation and recombination, p-n junction electrostatics, Schottky diodes, and subthreshold MOSFET characteristics. Prerequisites: Solid foundational coursework in the discipline and consent of the department.",Electronics,edX,Advanced Undergraduate
HUMA-789,Epistemology and Philosophy of Mind,"Epistemology and Philosophy of Mind. Philosophical inquiry into the nature of knowledge, truth, and mental consciousness. Rationalism vs empiricism, skeptical arguments, dualism, functionalism, intentionality, and cognitive experience. Prerequisites: Completion of introductory undergraduate coursework in relevant engineering or scientific disciplines.",Humanities,edX,Graduate
PHYS-153,General Relativity and Gravitational Physics,"General Relativity and Gravitational Physics. Geometric theory of gravitation. Tensor calculus on Riemannian manifolds, Einstein field equations, geodesic motion in curved spacetime, Schwarzschild black holes, and gravitational waves. Prerequisites: Completion of introductory undergraduate coursework in relevant engineering or scientific disciplines.",Physics,UC Berkeley Academic Guide,Advanced Undergraduate
HUMA-440,Philosophy of Artificial Intelligence and Mind,"Philosophy of Artificial Intelligence and Mind. Philosophical implications of computational machine intelligence. The Turing Test, Searle's Chinese Room argument, machine consciousness, ethics of autonomous algorithms, and the nature of human cognition. Targeted towards undergraduate and beginning graduate students in relevant university programs.",Humanities,Stanford Engineering Catalog,Undergraduate
MECH-506,Mechanical Vibrations and Modal Analysis,"Mechanical Vibrations and Modal Analysis. Vibration analysis of single and multi-degree-of-freedom mechanical systems. Harmonic excitation, resonance response, vibration isolation dampers, continuous beam vibration, and modal extraction. Targeted towards undergraduate and beginning graduate students in relevant university programs.",Mechanical,MIT OpenCourseWare,Graduate
BIOT-542,Bioprocess Engineering and Microbial Fermentation,"Bioprocess Engineering and Microbial Fermentation. Engineering principles of microbial cell cultivation. Stoichiometry of cell growth, batch and fed-batch fermentation kinetics, oxygen mass transfer rate (kLa), bioreactor scale-up, and continuous bioprocessing. Recommended background: Prior exposure to core analytical concepts and methodological reasoning.",Biotechnology,Coursera,Advanced Undergraduate
PHYS-299,General Relativity and Gravitational Physics,"General Relativity and Gravitational Physics. Geometric theory of gravitation. Tensor calculus on Riemannian manifolds, Einstein field equations, geodesic motion in curved spacetime, Schwarzschild black holes, and gravitational waves. Recommended background: Prior exposure to core analytical concepts and methodological reasoning.",Physics,edX,Undergraduate
ELEC-754,Semiconductor Device Physics,"Semiconductor Device Physics. Quantum mechanical principles of semiconductor transport. Energy band structures, carrier generation and recombination, p-n junction electrostatics, Schottky diodes, and subthreshold MOSFET characteristics. Prerequisites: Solid foundational coursework in the discipline and consent of the department.",Electronics,Coursera,Undergraduate
MECH-408,Conduction and Convective Heat Transfer,"Conduction and Convective Heat Transfer. Heat transfer mechanisms in mechanical systems. Steady and transient conduction, Fourier's law, forced and natural convection boundary layers, dimensionless Nusselt numbers, and heat exchanger effectiveness (NTU method). Prerequisites: Upper-division undergraduate standing and permission of the instructor.",Mechanical,Harvard University Course Catalog,Advanced Undergraduate
BIOT-237,Bioinformatics Pipeline Engineering and Transcriptomics,"Bioinformatics Pipeline Engineering and Transcriptomics. High-throughput computational pipeline design for next-generation RNA sequencing data. Statistical differential expression, variant calling algorithms, and cloud genomic workflows. Prerequisites: Completion of introductory undergraduate coursework in relevant engineering or scientific disciplines.",Biotechnology,edX,Undergraduate
ELEC-266,Power Electronics and Energy Conversion,"Power Electronics and Energy Conversion. Analysis of solid-state power electronic converters. Switch-mode DC-DC buck, boost, and flyback converters, inverter topologies, pulse-width modulation (PWM) control, and thermal dissipation management. Prerequisites: Completion of introductory undergraduate coursework in relevant engineering or scientific disciplines.",Electronics,Coursera,Graduate
MATH-521,Mathematical Foundations of Quantum Physics,"Mathematical Foundations of Quantum Physics. Rigorous functional analysis applied to quantum mechanics. Hilbert spaces, unbounded self-adjoint linear operators, spectral theorem, and mathematical formulation of observables. Prerequisites: Completion of introductory undergraduate coursework in relevant engineering or scientific disciplines.",Mathematics,edX,Undergraduate
MATH-503,Mathematical Foundations of Quantum Physics,"Mathematical Foundations of Quantum Physics. Rigorous functional analysis applied to quantum mechanics. Hilbert spaces, unbounded self-adjoint linear operators, spectral theorem, and mathematical formulation of observables. Prerequisites: Solid foundational coursework in the discipline and consent of the department.",Mathematics,edX,Advanced Undergraduate
PHYS-237,General Relativity and Gravitational Physics,"General Relativity and Gravitational Physics. Geometric theory of gravitation. Tensor calculus on Riemannian manifolds, Einstein field equations, geodesic motion in curved spacetime, Schwarzschild black holes, and gravitational waves. Targeted towards undergraduate and beginning graduate students in relevant university programs.",Physics,Harvard University Course Catalog,Graduate
MATH-345,Point-Set and Algebraic Topology,"Point-Set and Algebraic Topology. Topological spaces and continuous mappings. Homeomorphisms, separation axioms, product topologies, connectedness, compactness, fundamental groups, and covering space theory. Recommended background: Prior exposure to core analytical concepts and methodological reasoning.",Mathematics,UC Berkeley Academic Guide,Undergraduate
PHYS-688,Quantum Mechanics and Atomic Structure,"Quantum Mechanics and Atomic Structure. Fundamental postulates of quantum mechanics. Wave-particle duality, Schrodinger wave equation, square wells, quantum harmonic oscillator, angular momentum operators, and hydrogen atom quantum states. Recommended background: Prior exposure to core analytical concepts and methodological reasoning.",Physics,Harvard University Course Catalog,Advanced Undergraduate
MECH-822,Classical Applied Thermodynamics,"Classical Applied Thermodynamics. Fundamental thermodynamic principles for engineering systems. First and second laws, closed and control volume energy balance, entropy generation, exergy analysis, vapor power Rankine cycles, and gas turbine Brayton cycles. Prerequisites: Upper-division undergraduate standing and permission of the instructor.",Mechanical,Coursera,Undergraduate
MECH-633,Kinematics and Dynamics of Mechanisms,"Kinematics and Dynamics of Mechanisms. Planar mechanism motion analysis. Four-bar linkages, velocity and acceleration polygon methods, dynamic force balancing, flywheel inertia determination, and balancing of rotating machinery. Targeted towards undergraduate and beginning graduate students in relevant university programs.",Mechanical,Stanford Engineering Catalog,Undergraduate
CIVI-617,Environmental Fluid Mechanics and Contaminant Transport,"Environmental Fluid Mechanics and Contaminant Transport. Fluid dynamics and mass transport in aquatic environments. Advection-diffusion equation, turbulent mixing in natural rivers, groundwater pollutant migration, and hydrologic basin modeling. Targeted towards undergraduate and beginning graduate students in relevant university programs.",Civil,Stanford Engineering Catalog,Advanced Undergraduate
BUSI-604,Investment Analysis and Portfolio Management,"Investment Analysis and Portfolio Management. Modern portfolio theory and capital asset pricing model (CAPM). Efficient market hypothesis, equity valuation models, fixed-income duration and convexity, hedge fund strategies, and risk metrics. Prerequisites: Completion of introductory undergraduate coursework in relevant engineering or scientific disciplines.",Business,Stanford Engineering Catalog,Undergraduate
CIVI-289,Design of Structural Steel Buildings,"Design of Structural Steel Buildings. Design of steel structures according to AISC specifications. Tension members, compact and non-compact compression columns, laterally unsupported beams, bolted moment connections, and braced frames. Prerequisites: Upper-division undergraduate standing and permission of the instructor.",Civil,Coursera,Graduate
HUMA-806,Cognitive Linguistics and Semantic Structures,"Cognitive Linguistics and Semantic Structures. Scientific study of human language and mental grammars. Phonology, morphological derivation, Chomskyan transformational syntax, cognitive semantics, pragmatic context, and sociolinguistics. Prerequisites: Completion of introductory undergraduate coursework in relevant engineering or scientific disciplines.",Humanities,UC Berkeley Academic Guide,Advanced Undergraduate
CIVI-561,Design of Structural Steel Buildings,"Design of Structural Steel Buildings. Design of steel structures according to AISC specifications. Tension members, compact and non-compact compression columns, laterally unsupported beams, bolted moment connections, and braced frames. Targeted towards undergraduate and beginning graduate students in relevant university programs.",Civil,edX,Advanced Undergraduate
MECH-731,Conduction and Convective Heat Transfer,"Conduction and Convective Heat Transfer. Heat transfer mechanisms in mechanical systems. Steady and transient conduction, Fourier's law, forced and natural convection boundary layers, dimensionless Nusselt numbers, and heat exchanger effectiveness (NTU method). Prerequisites: Completion of introductory undergraduate coursework in relevant engineering or scientific disciplines.",Mechanical,Coursera,Undergraduate
ELEC-284,Analog Integrated Circuit Design,"Analog Integrated Circuit Design. Analysis and design of CMOS analog integrated circuits. MOSFET small-signal modeling, single-stage and differential amplifiers, active current mirrors, frequency response, feedback stability margins, and SPICE op-amp simulation. Prerequisites: Completion of introductory undergraduate coursework in relevant engineering or scientific disciplines.",Electronics,edX,Undergraduate
MATH-273,Mathematical Foundations of Quantum Physics,"Mathematical Foundations of Quantum Physics. Rigorous functional analysis applied to quantum mechanics. Hilbert spaces, unbounded self-adjoint linear operators, spectral theorem, and mathematical formulation of observables. Prerequisites: Upper-division undergraduate standing and permission of the instructor.",Mathematics,Harvard University Course Catalog,Graduate
BUSI-188,Organizational Behavior and Leadership,"Organizational Behavior and Leadership. Behavioral dynamics within modern corporations. Team leadership, employee motivation theories, transformational leadership styles, organizational culture, conflict management, and change execution. Recommended background: Prior exposure to core analytical concepts and methodological reasoning.",Business,UC Berkeley Academic Guide,Graduate
BIOT-634,Industrial Microbiology and Downstream Processing,"Industrial Microbiology and Downstream Processing. Production of pharmaceuticals and industrial metabolites using microbes. Secondary metabolite biosynthesis, cell disruption techniques, centrifugation, ultrafiltration, and preparative chromatography. Prerequisites: Upper-division undergraduate standing and permission of the instructor.",Biotechnology,Harvard University Course Catalog,Undergraduate
BUSI-802,Organizational Behavior and Leadership,"Organizational Behavior and Leadership. Behavioral dynamics within modern corporations. Team leadership, employee motivation theories, transformational leadership styles, organizational culture, conflict management, and change execution. Prerequisites: Solid foundational coursework in the discipline and consent of the department.",Business,UC Berkeley Academic Guide,Undergraduate
HUMA-260,World Literature and Comparative Literary Theory,"World Literature and Comparative Literary Theory. Critical analysis of global literary masterpieces across historical epochs. Textual hermeneutics, narrative theory, post-colonial literary critique, modernism, and thematic representations of human identity. Prerequisites: Completion of introductory undergraduate coursework in relevant engineering or scientific disciplines.",Humanities,UC Berkeley Academic Guide,Graduate
ELEC-653,Semiconductor Device Physics,"Semiconductor Device Physics. Quantum mechanical principles of semiconductor transport. Energy band structures, carrier generation and recombination, p-n junction electrostatics, Schottky diodes, and subthreshold MOSFET characteristics. Prerequisites: Completion of introductory undergraduate coursework in relevant engineering or scientific disciplines.",Electronics,Coursera,Undergraduate
BUSI-494,Entrepreneurial Finance and Venture Capital,"Entrepreneurial Finance and Venture Capital. Financing emerging high-growth ventures. Term sheets, convertible notes, venture valuation methods, capitalization tables, angel financing, and startup exit strategies. Prerequisites: Completion of introductory undergraduate coursework in relevant engineering or scientific disciplines.",Business,edX,Undergraduate
CIVI-798,Hydraulic Engineering and Open Channel Flow,"Hydraulic Engineering and Open Channel Flow. Fluid flow in open channels and pipe networks. Manning's uniform flow equation, specific energy, hydraulic jumps, gradually varied flow profile computations, and culvert hydraulic sizing. Prerequisites: Solid foundational coursework in the discipline and consent of the department.",Civil,Stanford Engineering Catalog,Graduate
ELEC-372,Wireless Communications and RF Systems,"Wireless Communications and RF Systems. Physical principles of wireless transmission. Digital modulation formats (QAM, PSK), multipath fading channel modeling, orthogonal frequency division multiplexing (OFDM), and MIMO multi-antenna beamforming. Targeted towards undergraduate and beginning graduate students in relevant university programs.",Electronics,Harvard University Course Catalog,Graduate
MATH-374,Point-Set and Algebraic Topology,"Point-Set and Algebraic Topology. Topological spaces and continuous mappings. Homeomorphisms, separation axioms, product topologies, connectedness, compactness, fundamental groups, and covering space theory. Recommended background: Prior exposure to core analytical concepts and methodological reasoning.",Mathematics,UC Berkeley Academic Guide,Graduate
CIVI-260,Highway Geometric Design and Planning,"Highway Geometric Design and Planning. Principles of highway engineering. Horizontal and vertical alignment curves, sight distance requirements, highway cross-sections, intersection channelization, and AASHTO geometric standards. Prerequisites: Solid foundational coursework in the discipline and consent of the department.",Civil,MIT OpenCourseWare,Undergraduate
HUMA-703,Art History and Visual Cultural Theory,"Art History and Visual Cultural Theory. Evolution of visual art forms and aesthetic theories. Renaissance perspective, Baroque movement, Modernist avant-garde movements, iconography analysis, and museum curatorial practices. Targeted towards undergraduate and beginning graduate students in relevant university programs.",Humanities,Stanford Engineering Catalog,Graduate
ELEC-866,Wireless Communications and RF Systems,"Wireless Communications and RF Systems. Physical principles of wireless transmission. Digital modulation formats (QAM, PSK), multipath fading channel modeling, orthogonal frequency division multiplexing (OFDM), and MIMO multi-antenna beamforming. Recommended background: Prior exposure to core analytical concepts and methodological reasoning.",Electronics,UC Berkeley Academic Guide,Advanced Undergraduate
COMP-688,Computer Networks and Internet Protocols,"Computer Networks and Internet Protocols. Architecture and layered protocols of internet systems. TCP flow and congestion control, BGP routing protocols, packet switching, DNS resolution, transport layer security (TLS), and software-defined networking. Targeted towards undergraduate and beginning graduate students in relevant university programs.",Computer Science,Coursera,Advanced Undergraduate
CIVI-575,Highway Geometric Design and Planning,"Highway Geometric Design and Planning. Principles of highway engineering. Horizontal and vertical alignment curves, sight distance requirements, highway cross-sections, intersection channelization, and AASHTO geometric standards. Prerequisites: Upper-division undergraduate standing and permission of the instructor.",Civil,Harvard University Course Catalog,Undergraduate
CIVI-233,Structural Analysis and Matrix Methods,"Structural Analysis and Matrix Methods. Static analysis of indeterminate structural frames, trusses, and continuous beams. Moment distribution, slope deflection methods, influence lines, virtual work energy principles, and stiffness matrix formulations. Prerequisites: Completion of introductory undergraduate coursework in relevant engineering or scientific disciplines.",Civil,Coursera,Undergraduate
MECH-561,Mechanics of Deformable Solids,"Mechanics of Deformable Solids. Stress and strain tensors in structural elements. Axial loading, torsion of circular shafts, bending and shear stress distributions in beams, Mohr's circle analysis, column Euler buckling, and failure yield criteria. Recommended background: Prior exposure to core analytical concepts and methodological reasoning.",Mechanical,UC Berkeley Academic Guide,Advanced Undergraduate
MATH-361,Point-Set and Algebraic Topology,"Point-Set and Algebraic Topology. Topological spaces and continuous mappings. Homeomorphisms, separation axioms, product topologies, connectedness, compactness, fundamental groups, and covering space theory. Targeted towards undergraduate and beginning graduate students in relevant university programs.",Mathematics,UC Berkeley Academic Guide,Undergraduate
ELEC-733,Microprocessor Hardware and Interfacing,"Microprocessor Hardware and Interfacing. Architecture of 32-bit RISC microcontrollers. Instruction pipelines, memory hierarchies, cache organization, bus protocols, interrupt controllers, timer peripherals, SPI/I2C interfaces, and low-level firmware integration. Prerequisites: Upper-division undergraduate standing and permission of the instructor.",Electronics,Stanford Engineering Catalog,Graduate
BUSI-249,Strategic Marketing and Brand Positioning,"Strategic Marketing and Brand Positioning. Core marketing management frameworks. Market segmentation, targeting, and brand positioning (STP), customer lifetime value, pricing strategies, promotional channels, and brand equity development. Prerequisites: Solid foundational coursework in the discipline and consent of the department.",Business,Coursera,Graduate
PHYS-578,Electrodynamics and Classical Field Theory,"Electrodynamics and Classical Field Theory. Maxwell's equations and relativistic electromagnetic fields. Gauge transformations, electromagnetic radiation from accelerating charges, wave guides, Poynting vector energy flow, and dipole radiation. Targeted towards undergraduate and beginning graduate students in relevant university programs.",Physics,Harvard University Course Catalog,Undergraduate
CIVI-519,Highway Geometric Design and Planning,"Highway Geometric Design and Planning. Principles of highway engineering. Horizontal and vertical alignment curves, sight distance requirements, highway cross-sections, intersection channelization, and AASHTO geometric standards. Prerequisites: Completion of introductory undergraduate coursework in relevant engineering or scientific disciplines.",Civil,edX,Undergraduate
ELEC-266,Microprocessor Hardware and Interfacing,"Microprocessor Hardware and Interfacing. Architecture of 32-bit RISC microcontrollers. Instruction pipelines, memory hierarchies, cache organization, bus protocols, interrupt controllers, timer peripherals, SPI/I2C interfaces, and low-level firmware integration. Prerequisites: Completion of introductory undergraduate coursework in relevant engineering or scientific disciplines.",Electronics,edX,Graduate
CIVI-785,Structural Analysis and Matrix Methods,"Structural Analysis and Matrix Methods. Static analysis of indeterminate structural frames, trusses, and continuous beams. Moment distribution, slope deflection methods, influence lines, virtual work energy principles, and stiffness matrix formulations. Prerequisites: Upper-division undergraduate standing and permission of the instructor.",Civil,Coursera,Graduate
ELEC-393,Semiconductor Device Physics,"Semiconductor Device Physics. Quantum mechanical principles of semiconductor transport. Energy band structures, carrier generation and recombination, p-n junction electrostatics, Schottky diodes, and subthreshold MOSFET characteristics. Prerequisites: Upper-division undergraduate standing and permission of the instructor.",Electronics,edX,Undergraduate
PHYS-140,Quantum Information Theory and Quantum Gates,"Quantum Information Theory and Quantum Gates. Physics of quantum computing architectures. Qubits, superposition states, quantum entanglement, unitary quantum logic gates, decoherence models, and quantum error-correcting codes. Prerequisites: Upper-division undergraduate standing and permission of the instructor.",Physics,UC Berkeley Academic Guide,Advanced Undergraduate
HUMA-583,Modern Political Philosophy and Ethics,"Modern Political Philosophy and Ethics. Foundational theories of justice, rights, and political governance. Classical and modern political thought including Plato, Aristotle, Hobbes, Locke, Rousseau, Kantian deontology, and utilitarianism. Recommended background: Prior exposure to core analytical concepts and methodological reasoning.",Humanities,UC Berkeley Academic Guide,Graduate
BUSI-420,Organizational Behavior and Leadership,"Organizational Behavior and Leadership. Behavioral dynamics within modern corporations. Team leadership, employee motivation theories, transformational leadership styles, organizational culture, conflict management, and change execution. Targeted towards undergraduate and beginning graduate students in relevant university programs.",Business,edX,Undergraduate
ELEC-119,Digital Signal Processing Systems,"Digital Signal Processing Systems. Theory and implementation of discrete-time signals and systems. Z-transforms, discrete Fourier transform (DFT), fast Fourier transform (FFT), FIR and IIR digital filter design, and hardware DSP architectures. Prerequisites: Completion of introductory undergraduate coursework in relevant engineering or scientific disciplines.",Electronics,edX,Advanced Undergraduate
CHEM-792,Transport Phenomena in Chemical Systems,"Transport Phenomena in Chemical Systems. Unified treatment of momentum, heat, and mass transport. Shell balances, Navier-Stokes equations, thermal conduction/convection, Fick's law of molecular diffusion, and mass transfer coefficients in boundary layers. Prerequisites: Solid foundational coursework in the discipline and consent of the department.",Chemical Engineering,UC Berkeley Academic Guide,Undergraduate
BIOT-714,Cellular Biochemistry and Metabolic Pathways,"Cellular Biochemistry and Metabolic Pathways. Structure and function of cellular macromolecules. Enzymatic biocatalysis, metabolic pathways (glycolysis, citric acid cycle, oxidative phosphorylation), bioenergetics, and allosteric enzyme regulation. Prerequisites: Solid foundational coursework in the discipline and consent of the department.",Biotechnology,Harvard University Course Catalog,Undergraduate
MECH-641,Viscous Fluid Dynamics,"Viscous Fluid Dynamics. Continuity, momentum, and energy conservation equations in fluid motion (Navier-Stokes equations). Incompressible viscous laminar flows, boundary layer separation, turbulent pipe flow, Moody friction diagrams, and aerodynamic drag. Prerequisites: Upper-division undergraduate standing and permission of the instructor.",Mechanical,MIT OpenCourseWare,Advanced Undergraduate
BUSI-276,Operations and Global Supply Chain Management,"Operations and Global Supply Chain Management. Design and control of operational supply chains. Process bottleneck analysis, Little's Law, aggregate production planning, economic order quantity (EOQ), safety stock, and lean manufacturing. Targeted towards undergraduate and beginning graduate students in relevant university programs.",Business,MIT OpenCourseWare,Advanced Undergraduate
COMP-304,Relational Database Management Systems,"Relational Database Management Systems. Database management internals, relational data algebra, declarative SQL optimization, B+ tree indexing structures, query execution plans, ACID transaction concurrency, and write-ahead logging protocols. Prerequisites: Solid foundational coursework in the discipline and consent of the department.",Computer Science,Coursera,Undergraduate
CHEM-846,Chemical Engineering Thermodynamics and Phase Equilibria,"Chemical Engineering Thermodynamics and Phase Equilibria. Thermodynamics of multicomponent fluid mixtures. Equations of state (Peng-Robinson), chemical potentials, fugacity coefficients, activity coefficient models (NRTL, UNIQUAC), and vapor-liquid equilibria (VLE). Recommended background: Prior exposure to core analytical concepts and methodological reasoning.",Chemical Engineering,edX,Graduate
COMP-103,Computer Networks and Internet Protocols,"Computer Networks and Internet Protocols. Architecture and layered protocols of internet systems. TCP flow and congestion control, BGP routing protocols, packet switching, DNS resolution, transport layer security (TLS), and software-defined networking. Prerequisites: Upper-division undergraduate standing and permission of the instructor.",Computer Science,edX,Graduate
COMP-780,Computer Networks and Internet Protocols,"Computer Networks and Internet Protocols. Architecture and layered protocols of internet systems. TCP flow and congestion control, BGP routing protocols, packet switching, DNS resolution, transport layer security (TLS), and software-defined networking. Prerequisites: Upper-division undergraduate standing and permission of the instructor.",Computer Science,MIT OpenCourseWare,Undergraduate
PHYS-739,Solid State and Condensed Matter Physics,"Solid State and Condensed Matter Physics. Electronic and crystal structure of solids. Bravais crystal lattices, X-ray Bragg diffraction, phonon vibrations, Bloch's theorem, energy band dispersion, and semiconductor electrical conduction. Prerequisites: Completion of introductory undergraduate coursework in relevant engineering or scientific disciplines.",Physics,UC Berkeley Academic Guide,Graduate
CHEM-339,Process Safety and Plant Design in Chemical Industry,"Process Safety and Plant Design in Chemical Industry. Design and hazard mitigation in chemical production facilities. Process flow diagrams (PFD), piping and instrumentation diagrams (P&ID), HAZOP safety reviews, pressure relief sizing, and capital cost estimation. Targeted towards undergraduate and beginning graduate students in relevant university programs.",Chemical Engineering,Stanford Engineering Catalog,Advanced Undergraduate
COMP-590,Computer Networks and Internet Protocols,"Computer Networks and Internet Protocols. Architecture and layered protocols of internet systems. TCP flow and congestion control, BGP routing protocols, packet switching, DNS resolution, transport layer security (TLS), and software-defined networking. Recommended background: Prior exposure to core analytical concepts and methodological reasoning.",Computer Science,MIT OpenCourseWare,Undergraduate
PHYS-615,Solid State and Condensed Matter Physics,"Solid State and Condensed Matter Physics. Electronic and crystal structure of solids. Bravais crystal lattices, X-ray Bragg diffraction, phonon vibrations, Bloch's theorem, energy band dispersion, and semiconductor electrical conduction. Recommended background: Prior exposure to core analytical concepts and methodological reasoning.",Physics,MIT OpenCourseWare,Graduate
MECH-464,Mechanics of Deformable Solids,"Mechanics of Deformable Solids. Stress and strain tensors in structural elements. Axial loading, torsion of circular shafts, bending and shear stress distributions in beams, Mohr's circle analysis, column Euler buckling, and failure yield criteria. Prerequisites: Upper-division undergraduate standing and permission of the instructor.",Mechanical,Coursera,Graduate
MECH-553,Mechanics of Deformable Solids,"Mechanics of Deformable Solids. Stress and strain tensors in structural elements. Axial loading, torsion of circular shafts, bending and shear stress distributions in beams, Mohr's circle analysis, column Euler buckling, and failure yield criteria. Recommended background: Prior exposure to core analytical concepts and methodological reasoning.",Mechanical,Coursera,Advanced Undergraduate
CIVI-513,Environmental Water Treatment Engineering,"Environmental Water Treatment Engineering. Physical, chemical, and biological unit operations for municipal water purification. Coagulation, flocculation, rapid sand filtration, chlorination disinfection, and activated sludge wastewater treatment. Recommended background: Prior exposure to core analytical concepts and methodological reasoning.",Civil,Coursera,Undergraduate
ELEC-217,Semiconductor Device Physics,"Semiconductor Device Physics. Quantum mechanical principles of semiconductor transport. Energy band structures, carrier generation and recombination, p-n junction electrostatics, Schottky diodes, and subthreshold MOSFET characteristics. Prerequisites: Completion of introductory undergraduate coursework in relevant engineering or scientific disciplines.",Electronics,MIT OpenCourseWare,Graduate
CIVI-852,Environmental Fluid Mechanics and Contaminant Transport,"Environmental Fluid Mechanics and Contaminant Transport. Fluid dynamics and mass transport in aquatic environments. Advection-diffusion equation, turbulent mixing in natural rivers, groundwater pollutant migration, and hydrologic basin modeling. Prerequisites: Solid foundational coursework in the discipline and consent of the department.",Civil,Harvard University Course Catalog,Undergraduate
HUMA-746,Art History and Visual Cultural Theory,"Art History and Visual Cultural Theory. Evolution of visual art forms and aesthetic theories. Renaissance perspective, Baroque movement, Modernist avant-garde movements, iconography analysis, and museum curatorial practices. Prerequisites: Upper-division undergraduate standing and permission of the instructor.",Humanities,Stanford Engineering Catalog,Graduate
CHEM-844,Chemical Process Dynamics and Automated Control,"Chemical Process Dynamics and Automated Control. Mathematical modeling of dynamic chemical processes. Laplace transforms, transfer functions, feedback PID controller tuning, feedback-feedforward control, frequency response analysis, and process stability limits. Prerequisites: Upper-division undergraduate standing and permission of the instructor.",Chemical Engineering,Coursera,Advanced Undergraduate
PHYS-251,Electrodynamics and Classical Field Theory,"Electrodynamics and Classical Field Theory. Maxwell's equations and relativistic electromagnetic fields. Gauge transformations, electromagnetic radiation from accelerating charges, wave guides, Poynting vector energy flow, and dipole radiation. Prerequisites: Solid foundational coursework in the discipline and consent of the department.",Physics,UC Berkeley Academic Guide,Graduate
MATH-608,Complex Analysis and Conformal Mapping,"Complex Analysis and Conformal Mapping. Theory of functions of a complex variable. Cauchy-Riemann equations, Cauchy's integral theorem, Taylor and Laurent series expansions, residue calculus, contour integrals, and conformal mappings. Targeted towards undergraduate and beginning graduate students in relevant university programs.",Mathematics,UC Berkeley Academic Guide,Graduate
CHEM-307,Chemical Process Dynamics and Automated Control,"Chemical Process Dynamics and Automated Control. Mathematical modeling of dynamic chemical processes. Laplace transforms, transfer functions, feedback PID controller tuning, feedback-feedforward control, frequency response analysis, and process stability limits. Recommended background: Prior exposure to core analytical concepts and methodological reasoning.",Chemical Engineering,MIT OpenCourseWare,Undergraduate
BIOT-559,Stem Cell Biology and Tissue Engineering,"Stem Cell Biology and Tissue Engineering. Mechanisms of cellular pluripotency and regenerative medicine. Embryonic and induced pluripotent stem cells, biomaterial scaffolds, cell-matrix interactions, and bioreactor culture of functional engineered tissues. Prerequisites: Upper-division undergraduate standing and permission of the instructor.",Biotechnology,Coursera,Advanced Undergraduate
BUSI-127,"Business Ethics, Corporate Responsibility and Human Values","Business Ethics, Corporate Responsibility and Human Values. Ethical decision-making frameworks for corporate executives. Moral philosophy applied to capitalism, stakeholder rights, environmental sustainability (ESG), and cross-cultural business ethics. Prerequisites: Upper-division undergraduate standing and permission of the instructor.",Business,UC Berkeley Academic Guide,Graduate
CHEM-451,Biochemical Processing and Enzyme Reactors,"Biochemical Processing and Enzyme Reactors. Application of reaction engineering principles to biological catalysts. Michaelis-Menten kinetics in CSTRs, aeration mass transfer in fermenters, and downstream recovery of bio-products. Targeted towards undergraduate and beginning graduate students in relevant university programs.",Chemical Engineering,Coursera,Undergraduate
COMP-509,Computational Biology and Genome Informatics,"Computational Biology and Genome Informatics. Algorithm development for biological big data. Sequence alignment algorithms, phylogenetic tree clustering, genome assembly heuristics, and neural network models for protein folding. Prerequisites: Upper-division undergraduate standing and permission of the instructor.",Computer Science,Harvard University Course Catalog,Graduate
BUSI-174,Operations and Global Supply Chain Management,"Operations and Global Supply Chain Management. Design and control of operational supply chains. Process bottleneck analysis, Little's Law, aggregate production planning, economic order quantity (EOQ), safety stock, and lean manufacturing. Prerequisites: Completion of introductory undergraduate coursework in relevant engineering or scientific disciplines.",Business,MIT OpenCourseWare,Graduate
CIVI-603,Foundation Engineering and Deep Foundations,"Foundation Engineering and Deep Foundations. Geotechnical design of substructures. Ultimate bearing capacity of shallow spread footings, settlement calculations, driven pile foundations, drilled shafts, and retaining wall lateral earth pressures. Prerequisites: Upper-division undergraduate standing and permission of the instructor.",Civil,Coursera,Graduate
MATH-121,Mathematical Foundations of Quantum Physics,"Mathematical Foundations of Quantum Physics. Rigorous functional analysis applied to quantum mechanics. Hilbert spaces, unbounded self-adjoint linear operators, spectral theorem, and mathematical formulation of observables. Prerequisites: Upper-division undergraduate standing and permission of the instructor.",Mathematics,MIT OpenCourseWare,Undergraduate
CHEM-676,Biochemical Processing and Enzyme Reactors,"Biochemical Processing and Enzyme Reactors. Application of reaction engineering principles to biological catalysts. Michaelis-Menten kinetics in CSTRs, aeration mass transfer in fermenters, and downstream recovery of bio-products. Prerequisites: Solid foundational coursework in the discipline and consent of the department.",Chemical Engineering,UC Berkeley Academic Guide,Advanced Undergraduate
CIVI-576,Design of Structural Steel Buildings,"Design of Structural Steel Buildings. Design of steel structures according to AISC specifications. Tension members, compact and non-compact compression columns, laterally unsupported beams, bolted moment connections, and braced frames. Prerequisites: Solid foundational coursework in the discipline and consent of the department.",Civil,UC Berkeley Academic Guide,Graduate
CIVI-672,Design of Structural Steel Buildings,"Design of Structural Steel Buildings. Design of steel structures according to AISC specifications. Tension members, compact and non-compact compression columns, laterally unsupported beams, bolted moment connections, and braced frames. Prerequisites: Solid foundational coursework in the discipline and consent of the department.",Civil,UC Berkeley Academic Guide,Undergraduate
COMP-372,Relational Database Management Systems,"Relational Database Management Systems. Database management internals, relational data algebra, declarative SQL optimization, B+ tree indexing structures, query execution plans, ACID transaction concurrency, and write-ahead logging protocols. Prerequisites: Upper-division undergraduate standing and permission of the instructor.",Computer Science,Stanford Engineering Catalog,Undergraduate
MATH-892,"Abstract Algebra: Groups, Rings and Fields","Abstract Algebra: Groups, Rings and Fields. Axiomatic algebraic structures. Group homomorphisms, normal subgroups, quotient groups, Lagrange's theorem, ring ideals, unique factorization domains (UFD), and field extensions. Targeted towards undergraduate and beginning graduate students in relevant university programs.",Mathematics,edX,Advanced Undergraduate
ELEC-755,Digital VLSI Architecture and Design,"Digital VLSI Architecture and Design. CMOS digital logic design and physical layout. Static and dynamic power consumption, propagation delay calculation, static timing analysis (STA), clock tree synthesis, and Verilog hardware description language. Targeted towards undergraduate and beginning graduate students in relevant university programs.",Electronics,edX,Advanced Undergraduate
PHYS-648,Statistical Mechanics and Thermal Physics,"Statistical Mechanics and Thermal Physics. Microscopic foundations of macroscopic thermodynamic behavior. Microcanonical, canonical, and grand canonical ensembles, Maxwell-Boltzmann statistics, Bose-Einstein condensation, and Fermi-Dirac electron gas. Prerequisites: Solid foundational coursework in the discipline and consent of the department.",Physics,UC Berkeley Academic Guide,Advanced Undergraduate
MECH-750,Mechanical Elements Machine Design,"Mechanical Elements Machine Design. Design principles for mechanical machine components. Fatigue loading life calculation, hydrodynamic journal bearings, spur and helical gear rating, bolted joint preload, compression springs, clutches, and brakes. Recommended background: Prior exposure to core analytical concepts and methodological reasoning.",Mechanical,MIT OpenCourseWare,Undergraduate
BIOT-777,Industrial Microbiology and Downstream Processing,"Industrial Microbiology and Downstream Processing. Production of pharmaceuticals and industrial metabolites using microbes. Secondary metabolite biosynthesis, cell disruption techniques, centrifugation, ultrafiltration, and preparative chromatography. Prerequisites: Upper-division undergraduate standing and permission of the instructor.",Biotechnology,Coursera,Undergraduate
PHYS-458,Statistical Mechanics and Thermal Physics,"Statistical Mechanics and Thermal Physics. Microscopic foundations of macroscopic thermodynamic behavior. Microcanonical, canonical, and grand canonical ensembles, Maxwell-Boltzmann statistics, Bose-Einstein condensation, and Fermi-Dirac electron gas. Recommended background: Prior exposure to core analytical concepts and methodological reasoning.",Physics,Stanford Engineering Catalog,Advanced Undergraduate
COMP-519,Design and Analysis of Algorithms,"Design and Analysis of Algorithms. Fundamental algorithmic design paradigms including divide-and-conquer, greedy optimization, dynamic programming, network flow algorithms, and graph traversals. Worst-case amortized time analysis and NP-completeness reductions are rigorously studied. Targeted towards undergraduate and beginning graduate students in relevant university programs.",Computer Science,Stanford Engineering Catalog,Graduate
ELEC-876,Wireless Communications and RF Systems,"Wireless Communications and RF Systems. Physical principles of wireless transmission. Digital modulation formats (QAM, PSK), multipath fading channel modeling, orthogonal frequency division multiplexing (OFDM), and MIMO multi-antenna beamforming. Prerequisites: Completion of introductory undergraduate coursework in relevant engineering or scientific disciplines.",Electronics,UC Berkeley Academic Guide,Graduate
BIOT-473,Immunology and Monoclonal Antibody Technology,"Immunology and Monoclonal Antibody Technology. Principles of humoral and cell-mediated immunity. Antigen recognition, antibody structure, hybridoma technology, recombinant therapeutic monoclonal antibodies, ELISA assays, and immunotherapy design. Recommended background: Prior exposure to core analytical concepts and methodological reasoning.",Biotechnology,UC Berkeley Academic Guide,Undergraduate
CIVI-470,Highway Geometric Design and Planning,"Highway Geometric Design and Planning. Principles of highway engineering. Horizontal and vertical alignment curves, sight distance requirements, highway cross-sections, intersection channelization, and AASHTO geometric standards. Targeted towards undergraduate and beginning graduate students in relevant university programs.",Civil,edX,Undergraduate
ELEC-762,Digital VLSI Architecture and Design,"Digital VLSI Architecture and Design. CMOS digital logic design and physical layout. Static and dynamic power consumption, propagation delay calculation, static timing analysis (STA), clock tree synthesis, and Verilog hardware description language. Targeted towards undergraduate and beginning graduate students in relevant university programs.",Electronics,Harvard University Course Catalog,Advanced Undergraduate
COMP-842,Computer Networks and Internet Protocols,"Computer Networks and Internet Protocols. Architecture and layered protocols of internet systems. TCP flow and congestion control, BGP routing protocols, packet switching, DNS resolution, transport layer security (TLS), and software-defined networking. Targeted towards undergraduate and beginning graduate students in relevant university programs.",Computer Science,UC Berkeley Academic Guide,Graduate
CIVI-114,Environmental Fluid Mechanics and Contaminant Transport,"Environmental Fluid Mechanics and Contaminant Transport. Fluid dynamics and mass transport in aquatic environments. Advection-diffusion equation, turbulent mixing in natural rivers, groundwater pollutant migration, and hydrologic basin modeling. Prerequisites: Completion of introductory undergraduate coursework in relevant engineering or scientific disciplines.",Civil,Harvard University Course Catalog,Advanced Undergraduate
CIVI-514,Environmental Fluid Mechanics and Contaminant Transport,"Environmental Fluid Mechanics and Contaminant Transport. Fluid dynamics and mass transport in aquatic environments. Advection-diffusion equation, turbulent mixing in natural rivers, groundwater pollutant migration, and hydrologic basin modeling. Targeted towards undergraduate and beginning graduate students in relevant university programs.",Civil,Stanford Engineering Catalog,Undergraduate
PHYS-495,Quantum Mechanics and Atomic Structure,"Quantum Mechanics and Atomic Structure. Fundamental postulates of quantum mechanics. Wave-particle duality, Schrodinger wave equation, square wells, quantum harmonic oscillator, angular momentum operators, and hydrogen atom quantum states. Prerequisites: Completion of introductory undergraduate coursework in relevant engineering or scientific disciplines.",Physics,edX,Graduate
MECH-456,Mechanics of Deformable Solids,"Mechanics of Deformable Solids. Stress and strain tensors in structural elements. Axial loading, torsion of circular shafts, bending and shear stress distributions in beams, Mohr's circle analysis, column Euler buckling, and failure yield criteria. Prerequisites: Solid foundational coursework in the discipline and consent of the department.",Mechanical,edX,Undergraduate
PHYS-135,Solid State and Condensed Matter Physics,"Solid State and Condensed Matter Physics. Electronic and crystal structure of solids. Bravais crystal lattices, X-ray Bragg diffraction, phonon vibrations, Bloch's theorem, energy band dispersion, and semiconductor electrical conduction. Targeted towards undergraduate and beginning graduate students in relevant university programs.",Physics,Harvard University Course Catalog,Graduate
CHEM-270,Transport Phenomena in Chemical Systems,"Transport Phenomena in Chemical Systems. Unified treatment of momentum, heat, and mass transport. Shell balances, Navier-Stokes equations, thermal conduction/convection, Fick's law of molecular diffusion, and mass transfer coefficients in boundary layers. Targeted towards undergraduate and beginning graduate students in relevant university programs.",Chemical Engineering,Harvard University Course Catalog,Undergraduate
BUSI-385,Financial Statement Analysis and Accounting,"Financial Statement Analysis and Accounting. Interpretation and construction of financial statements under GAAP and IFRS. Balance sheets, income statements, cash flow statements, revenue recognition rules, inventory costing, and ratio analysis. Targeted towards undergraduate and beginning graduate students in relevant university programs.",Business,edX,Undergraduate
COMP-166,Relational Database Management Systems,"Relational Database Management Systems. Database management internals, relational data algebra, declarative SQL optimization, B+ tree indexing structures, query execution plans, ACID transaction concurrency, and write-ahead logging protocols. Targeted towards undergraduate and beginning graduate students in relevant university programs.",Computer Science,edX,Undergraduate
HUMA-233,Epistemology and Philosophy of Mind,"Epistemology and Philosophy of Mind. Philosophical inquiry into the nature of knowledge, truth, and mental consciousness. Rationalism vs empiricism, skeptical arguments, dualism, functionalism, intentionality, and cognitive experience. Prerequisites: Solid foundational coursework in the discipline and consent of the department.",Humanities,UC Berkeley Academic Guide,Graduate
CHEM-630,Biochemical Reaction and Bioseparation Engineering,"Biochemical Reaction and Bioseparation Engineering. Engineering analysis of biological reaction systems. Enzyme kinetics (Michaelis-Menten), bioreactor design and oxygen transfer aeration, sterilization protocols, and downstream protein purification chromatography. Prerequisites: Completion of introductory undergraduate coursework in relevant engineering or scientific disciplines.",Chemical Engineering,edX,Graduate
MATH-236,Probability Theory and Mathematical Statistics,"Probability Theory and Mathematical Statistics. Measure-theoretic probability foundations. Random variables, characteristic functions, laws of large numbers, central limit theorem, and maximum likelihood statistical estimation. Targeted towards undergraduate and beginning graduate students in relevant university programs.",Mathematics,MIT OpenCourseWare,Advanced Undergraduate
CHEM-586,Biochemical Reaction and Bioseparation Engineering,"Biochemical Reaction and Bioseparation Engineering. Engineering analysis of biological reaction systems. Enzyme kinetics (Michaelis-Menten), bioreactor design and oxygen transfer aeration, sterilization protocols, and downstream protein purification chromatography. Recommended background: Prior exposure to core analytical concepts and methodological reasoning.",Chemical Engineering,edX,Graduate
MECH-707,Viscous Fluid Dynamics,"Viscous Fluid Dynamics. Continuity, momentum, and energy conservation equations in fluid motion (Navier-Stokes equations). Incompressible viscous laminar flows, boundary layer separation, turbulent pipe flow, Moody friction diagrams, and aerodynamic drag. Recommended background: Prior exposure to core analytical concepts and methodological reasoning.",Mechanical,UC Berkeley Academic Guide,Undergraduate
CHEM-478,Chemical Process Dynamics and Automated Control,"Chemical Process Dynamics and Automated Control. Mathematical modeling of dynamic chemical processes. Laplace transforms, transfer functions, feedback PID controller tuning, feedback-feedforward control, frequency response analysis, and process stability limits. Targeted towards undergraduate and beginning graduate students in relevant university programs.",Chemical Engineering,MIT OpenCourseWare,Graduate
BIOT-107,Immunology and Monoclonal Antibody Technology,"Immunology and Monoclonal Antibody Technology. Principles of humoral and cell-mediated immunity. Antigen recognition, antibody structure, hybridoma technology, recombinant therapeutic monoclonal antibodies, ELISA assays, and immunotherapy design. Prerequisites: Solid foundational coursework in the discipline and consent of the department.",Biotechnology,Coursera,Advanced Undergraduate
ELEC-763,Digital Signal Processing Systems,"Digital Signal Processing Systems. Theory and implementation of discrete-time signals and systems. Z-transforms, discrete Fourier transform (DFT), fast Fourier transform (FFT), FIR and IIR digital filter design, and hardware DSP architectures. Prerequisites: Upper-division undergraduate standing and permission of the instructor.",Electronics,MIT OpenCourseWare,Advanced Undergraduate
CIVI-756,Design of Structural Steel Buildings,"Design of Structural Steel Buildings. Design of steel structures according to AISC specifications. Tension members, compact and non-compact compression columns, laterally unsupported beams, bolted moment connections, and braced frames. Targeted towards undergraduate and beginning graduate students in relevant university programs.",Civil,edX,Advanced Undergraduate
BUSI-256,Competitive Strategy and Industry Analysis,"Competitive Strategy and Industry Analysis. Frameworks for establishing sustainable competitive advantage. Porter's Five Forces, resource-based view of the firm, value chain configuration, corporate diversification, and industry disruption. Prerequisites: Completion of introductory undergraduate coursework in relevant engineering or scientific disciplines.",Business,Coursera,Undergraduate
CIVI-865,Environmental Fluid Mechanics and Contaminant Transport,"Environmental Fluid Mechanics and Contaminant Transport. Fluid dynamics and mass transport in aquatic environments. Advection-diffusion equation, turbulent mixing in natural rivers, groundwater pollutant migration, and hydrologic basin modeling. Recommended background: Prior exposure to core analytical concepts and methodological reasoning.",Civil,Harvard University Course Catalog,Undergraduate
CIVI-503,Design of Reinforced Concrete Structures,"Design of Reinforced Concrete Structures. Behavior and limit state design of reinforced concrete members. Ultimate flexural strength of beams, shear reinforcement detailing, one-way and two-way floor slabs, and axial-flexural interaction of columns. Prerequisites: Completion of introductory undergraduate coursework in relevant engineering or scientific disciplines.",Civil,Coursera,Advanced Undergraduate
BUSI-637,Competitive Strategy and Industry Analysis,"Competitive Strategy and Industry Analysis. Frameworks for establishing sustainable competitive advantage. Porter's Five Forces, resource-based view of the firm, value chain configuration, corporate diversification, and industry disruption. Targeted towards undergraduate and beginning graduate students in relevant university programs.",Business,MIT OpenCourseWare,Advanced Undergraduate
CIVI-193,Geotechnical Soil Mechanics,"Geotechnical Soil Mechanics. Fundamental physical and engineering properties of soils. Soil classification, Darcy's permeability law, 1D Terzaghi consolidation theory, effective stress, and Mohr-Coulomb shear strength criteria. Recommended background: Prior exposure to core analytical concepts and methodological reasoning.",Civil,Coursera,Undergraduate
HUMA-701,World Literature and Comparative Literary Theory,"World Literature and Comparative Literary Theory. Critical analysis of global literary masterpieces across historical epochs. Textual hermeneutics, narrative theory, post-colonial literary critique, modernism, and thematic representations of human identity. Prerequisites: Solid foundational coursework in the discipline and consent of the department.",Humanities,edX,Advanced Undergraduate
CIVI-385,Highway Geometric Design and Planning,"Highway Geometric Design and Planning. Principles of highway engineering. Horizontal and vertical alignment curves, sight distance requirements, highway cross-sections, intersection channelization, and AASHTO geometric standards. Prerequisites: Completion of introductory undergraduate coursework in relevant engineering or scientific disciplines.",Civil,MIT OpenCourseWare,Graduate
CHEM-687,Mass Transfer Operations and Separation Processes,"Mass Transfer Operations and Separation Processes. Equilibrium stage and rate-based separation processes. Multicomponent distillation column design, liquid-liquid extraction, gas absorption columns, membrane separations, and McCabe-Thiele stage calculations. Targeted towards undergraduate and beginning graduate students in relevant university programs.",Chemical Engineering,Coursera,Graduate
HUMA-235,Philosophy of Artificial Intelligence and Mind,"Philosophy of Artificial Intelligence and Mind. Philosophical implications of computational machine intelligence. The Turing Test, Searle's Chinese Room argument, machine consciousness, ethics of autonomous algorithms, and the nature of human cognition. Prerequisites: Solid foundational coursework in the discipline and consent of the department.",Humanities,Coursera,Graduate
BIOT-878,Immunology and Monoclonal Antibody Technology,"Immunology and Monoclonal Antibody Technology. Principles of humoral and cell-mediated immunity. Antigen recognition, antibody structure, hybridoma technology, recombinant therapeutic monoclonal antibodies, ELISA assays, and immunotherapy design. Prerequisites: Upper-division undergraduate standing and permission of the instructor.",Biotechnology,UC Berkeley Academic Guide,Advanced Undergraduate
MATH-338,Probability Theory and Mathematical Statistics,"Probability Theory and Mathematical Statistics. Measure-theoretic probability foundations. Random variables, characteristic functions, laws of large numbers, central limit theorem, and maximum likelihood statistical estimation. Targeted towards undergraduate and beginning graduate students in relevant university programs.",Mathematics,Harvard University Course Catalog,Undergraduate
MECH-675,Mechanical Elements Machine Design,"Mechanical Elements Machine Design. Design principles for mechanical machine components. Fatigue loading life calculation, hydrodynamic journal bearings, spur and helical gear rating, bolted joint preload, compression springs, clutches, and brakes. Targeted towards undergraduate and beginning graduate students in relevant university programs.",Mechanical,Harvard University Course Catalog,Graduate
MATH-460,Point-Set and Algebraic Topology,"Point-Set and Algebraic Topology. Topological spaces and continuous mappings. Homeomorphisms, separation axioms, product topologies, connectedness, compactness, fundamental groups, and covering space theory. Targeted towards undergraduate and beginning graduate students in relevant university programs.",Mathematics,edX,Advanced Undergraduate
HUMA-830,Philosophy of Artificial Intelligence and Mind,"Philosophy of Artificial Intelligence and Mind. Philosophical implications of computational machine intelligence. The Turing Test, Searle's Chinese Room argument, machine consciousness, ethics of autonomous algorithms, and the nature of human cognition. Prerequisites: Upper-division undergraduate standing and permission of the instructor.",Humanities,edX,Undergraduate
BIOT-876,Agricultural Biotechnology and Crop Genetic Engineering,"Agricultural Biotechnology and Crop Genetic Engineering. Application of genetic modification in plant science. Agrobacterium-mediated plant transformation, transgenic crop development, herbicide tolerance traits, pest resistance mechanisms, and biosafety protocols. Recommended background: Prior exposure to core analytical concepts and methodological reasoning.",Biotechnology,edX,Graduate
MATH-533,Advanced Linear Algebra and Vector Spaces,"Advanced Linear Algebra and Vector Spaces. Vector spaces over arbitrary fields. Linear transformations, dual spaces, spectral theorem for normal operators, Jordan canonical forms, minimal polynomials, and inner product geometry. Prerequisites: Completion of introductory undergraduate coursework in relevant engineering or scientific disciplines.",Mathematics,Harvard University Course Catalog,Undergraduate
COMP-754,Distributed Cloud Systems Architecture,"Distributed Cloud Systems Architecture. Architectural principles of fault-tolerant distributed systems. Consensus algorithms (Paxos, Raft), replication consistency models, remote procedure calls (RPC), distributed key-value stores, and cloud microservices. Prerequisites: Upper-division undergraduate standing and permission of the instructor.",Computer Science,edX,Advanced Undergraduate
CIVI-321,Structural Analysis and Matrix Methods,"Structural Analysis and Matrix Methods. Static analysis of indeterminate structural frames, trusses, and continuous beams. Moment distribution, slope deflection methods, influence lines, virtual work energy principles, and stiffness matrix formulations. Prerequisites: Solid foundational coursework in the discipline and consent of the department.",Civil,edX,Advanced Undergraduate
MECH-445,Viscous Fluid Dynamics,"Viscous Fluid Dynamics. Continuity, momentum, and energy conservation equations in fluid motion (Navier-Stokes equations). Incompressible viscous laminar flows, boundary layer separation, turbulent pipe flow, Moody friction diagrams, and aerodynamic drag. Prerequisites: Upper-division undergraduate standing and permission of the instructor.",Mechanical,edX,Graduate
ELEC-532,RF and Microwave Engineering,"RF and Microwave Engineering. High-frequency electromagnetic wave propagation in transmission lines and microstrips. Smith chart impedance matching, S-parameters, microwave filter design, high-frequency power amplifiers, and directional couplers. Prerequisites: Solid foundational coursework in the discipline and consent of the department.",Electronics,edX,Advanced Undergraduate
CHEM-522,Biochemical Reaction and Bioseparation Engineering,"Biochemical Reaction and Bioseparation Engineering. Engineering analysis of biological reaction systems. Enzyme kinetics (Michaelis-Menten), bioreactor design and oxygen transfer aeration, sterilization protocols, and downstream protein purification chromatography. Prerequisites: Upper-division undergraduate standing and permission of the instructor.",Chemical Engineering,UC Berkeley Academic Guide,Undergraduate
BIOT-173,Bioinformatics and Computational Genomics,"Bioinformatics and Computational Genomics. Computational methods for analyzing biological sequence data. Pairwise and multiple sequence alignment (BLAST), hidden Markov models, genome assembly, phylogenetic trees, and protein structural modeling. Prerequisites: Upper-division undergraduate standing and permission of the instructor.",Biotechnology,Harvard University Course Catalog,Graduate
CHEM-806,Biochemical Processing and Enzyme Reactors,"Biochemical Processing and Enzyme Reactors. Application of reaction engineering principles to biological catalysts. Michaelis-Menten kinetics in CSTRs, aeration mass transfer in fermenters, and downstream recovery of bio-products. Recommended background: Prior exposure to core analytical concepts and methodological reasoning.",Chemical Engineering,Stanford Engineering Catalog,Graduate
MECH-852,Mechanics of Deformable Solids,"Mechanics of Deformable Solids. Stress and strain tensors in structural elements. Axial loading, torsion of circular shafts, bending and shear stress distributions in beams, Mohr's circle analysis, column Euler buckling, and failure yield criteria. Targeted towards undergraduate and beginning graduate students in relevant university programs.",Mechanical,MIT OpenCourseWare,Graduate
ELEC-393,Digital Signal Processing Systems,"Digital Signal Processing Systems. Theory and implementation of discrete-time signals and systems. Z-transforms, discrete Fourier transform (DFT), fast Fourier transform (FFT), FIR and IIR digital filter design, and hardware DSP architectures. Prerequisites: Solid foundational coursework in the discipline and consent of the department.",Electronics,Harvard University Course Catalog,Undergraduate
BIOT-582,Immunology and Monoclonal Antibody Technology,"Immunology and Monoclonal Antibody Technology. Principles of humoral and cell-mediated immunity. Antigen recognition, antibody structure, hybridoma technology, recombinant therapeutic monoclonal antibodies, ELISA assays, and immunotherapy design. Prerequisites: Upper-division undergraduate standing and permission of the instructor.",Biotechnology,Stanford Engineering Catalog,Graduate
CIVI-113,Structural Analysis and Matrix Methods,"Structural Analysis and Matrix Methods. Static analysis of indeterminate structural frames, trusses, and continuous beams. Moment distribution, slope deflection methods, influence lines, virtual work energy principles, and stiffness matrix formulations. Recommended background: Prior exposure to core analytical concepts and methodological reasoning.",Civil,Harvard University Course Catalog,Undergraduate
CIVI-594,Design of Reinforced Concrete Structures,"Design of Reinforced Concrete Structures. Behavior and limit state design of reinforced concrete members. Ultimate flexural strength of beams, shear reinforcement detailing, one-way and two-way floor slabs, and axial-flexural interaction of columns. Recommended background: Prior exposure to core analytical concepts and methodological reasoning.",Civil,Harvard University Course Catalog,Advanced Undergraduate
BUSI-871,Entrepreneurial Finance and Venture Capital,"Entrepreneurial Finance and Venture Capital. Financing emerging high-growth ventures. Term sheets, convertible notes, venture valuation methods, capitalization tables, angel financing, and startup exit strategies. Targeted towards undergraduate and beginning graduate students in relevant university programs.",Business,UC Berkeley Academic Guide,Graduate
MECH-756,Mechanical Vibrations and Modal Analysis,"Mechanical Vibrations and Modal Analysis. Vibration analysis of single and multi-degree-of-freedom mechanical systems. Harmonic excitation, resonance response, vibration isolation dampers, continuous beam vibration, and modal extraction. Targeted towards undergraduate and beginning graduate students in relevant university programs.",Mechanical,edX,Graduate
PHYS-370,Laser Physics and Modern Quantum Optics,"Laser Physics and Modern Quantum Optics. Physics of coherent optical radiation. Spontaneous and stimulated emission, population inversion, optical resonators, laser cavity modes, photon quantization, and nonlinear optical effects. Prerequisites: Solid foundational coursework in the discipline and consent of the department.",Physics,Harvard University Course Catalog,Undergraduate
BUSI-630,Entrepreneurial Finance and Venture Capital,"Entrepreneurial Finance and Venture Capital. Financing emerging high-growth ventures. Term sheets, convertible notes, venture valuation methods, capitalization tables, angel financing, and startup exit strategies. Targeted towards undergraduate and beginning graduate students in relevant university programs.",Business,MIT OpenCourseWare,Graduate
ELEC-280,Power Electronics and Energy Conversion,"Power Electronics and Energy Conversion. Analysis of solid-state power electronic converters. Switch-mode DC-DC buck, boost, and flyback converters, inverter topologies, pulse-width modulation (PWM) control, and thermal dissipation management. Targeted towards undergraduate and beginning graduate students in relevant university programs.",Electronics,Coursera,Advanced Undergraduate
CHEM-266,Chemical Process Dynamics and Automated Control,"Chemical Process Dynamics and Automated Control. Mathematical modeling of dynamic chemical processes. Laplace transforms, transfer functions, feedback PID controller tuning, feedback-feedforward control, frequency response analysis, and process stability limits. Targeted towards undergraduate and beginning graduate students in relevant university programs.",Chemical Engineering,Coursera,Undergraduate
COMP-126,Distributed Cloud Systems Architecture,"Distributed Cloud Systems Architecture. Architectural principles of fault-tolerant distributed systems. Consensus algorithms (Paxos, Raft), replication consistency models, remote procedure calls (RPC), distributed key-value stores, and cloud microservices. Prerequisites: Upper-division undergraduate standing and permission of the instructor.",Computer Science,UC Berkeley Academic Guide,Graduate
PHYS-279,Classical Mechanics and Lagrangian Dynamics,"Classical Mechanics and Lagrangian Dynamics. Advanced formulation of classical mechanics. Variational principles, Euler-Lagrange equations of motion, generalized coordinates, conservation laws, central force planetary motion, and Hamiltonian mechanics. Recommended background: Prior exposure to core analytical concepts and methodological reasoning.",Physics,edX,Undergraduate
HUMA-842,Philosophy of Artificial Intelligence and Mind,"Philosophy of Artificial Intelligence and Mind. Philosophical implications of computational machine intelligence. The Turing Test, Searle's Chinese Room argument, machine consciousness, ethics of autonomous algorithms, and the nature of human cognition. Targeted towards undergraduate and beginning graduate students in relevant university programs.",Humanities,Coursera,Undergraduate
MECH-522,Conduction and Convective Heat Transfer,"Conduction and Convective Heat Transfer. Heat transfer mechanisms in mechanical systems. Steady and transient conduction, Fourier's law, forced and natural convection boundary layers, dimensionless Nusselt numbers, and heat exchanger effectiveness (NTU method). Recommended background: Prior exposure to core analytical concepts and methodological reasoning.",Mechanical,UC Berkeley Academic Guide,Graduate
PHYS-311,Statistical Mechanics and Thermal Physics,"Statistical Mechanics and Thermal Physics. Microscopic foundations of macroscopic thermodynamic behavior. Microcanonical, canonical, and grand canonical ensembles, Maxwell-Boltzmann statistics, Bose-Einstein condensation, and Fermi-Dirac electron gas. Recommended background: Prior exposure to core analytical concepts and methodological reasoning.",Physics,Stanford Engineering Catalog,Undergraduate
CHEM-278,Transport Phenomena in Chemical Systems,"Transport Phenomena in Chemical Systems. Unified treatment of momentum, heat, and mass transport. Shell balances, Navier-Stokes equations, thermal conduction/convection, Fick's law of molecular diffusion, and mass transfer coefficients in boundary layers. Prerequisites: Completion of introductory undergraduate coursework in relevant engineering or scientific disciplines.",Chemical Engineering,UC Berkeley Academic Guide,Graduate
CHEM-375,Biochemical Processing and Enzyme Reactors,"Biochemical Processing and Enzyme Reactors. Application of reaction engineering principles to biological catalysts. Michaelis-Menten kinetics in CSTRs, aeration mass transfer in fermenters, and downstream recovery of bio-products. Recommended background: Prior exposure to core analytical concepts and methodological reasoning.",Chemical Engineering,Harvard University Course Catalog,Advanced Undergraduate
COMP-814,Advanced Operating Systems Design,"Advanced Operating Systems Design. Principles of operating system architecture, process scheduling, multithreading primitives, virtual memory management, inter-process communication, file system internals, and kernel concurrency synchronization locks. Targeted towards undergraduate and beginning graduate students in relevant university programs.",Computer Science,edX,Graduate
CHEM-391,Process Safety and Plant Design in Chemical Industry,"Process Safety and Plant Design in Chemical Industry. Design and hazard mitigation in chemical production facilities. Process flow diagrams (PFD), piping and instrumentation diagrams (P&ID), HAZOP safety reviews, pressure relief sizing, and capital cost estimation. Prerequisites: Upper-division undergraduate standing and permission of the instructor.",Chemical Engineering,Coursera,Undergraduate
BUSI-576,Strategic Marketing and Brand Positioning,"Strategic Marketing and Brand Positioning. Core marketing management frameworks. Market segmentation, targeting, and brand positioning (STP), customer lifetime value, pricing strategies, promotional channels, and brand equity development. Prerequisites: Upper-division undergraduate standing and permission of the instructor.",Business,Stanford Engineering Catalog,Advanced Undergraduate
ELEC-646,Wireless Communications and RF Systems,"Wireless Communications and RF Systems. Physical principles of wireless transmission. Digital modulation formats (QAM, PSK), multipath fading channel modeling, orthogonal frequency division multiplexing (OFDM), and MIMO multi-antenna beamforming. Prerequisites: Upper-division undergraduate standing and permission of the instructor.",Electronics,edX,Graduate
HUMA-193,Cultural Anthropology and Ethnographic Inquiry,"Cultural Anthropology and Ethnographic Inquiry. Comparative study of human cultures, kinship systems, and social institutions. Ethnographic fieldwork methodologies, cultural relativism, ritual symbolic systems, and globalization impacts. Prerequisites: Upper-division undergraduate standing and permission of the instructor.",Humanities,UC Berkeley Academic Guide,Undergraduate
HUMA-882,Philosophy of Artificial Intelligence and Mind,"Philosophy of Artificial Intelligence and Mind. Philosophical implications of computational machine intelligence. The Turing Test, Searle's Chinese Room argument, machine consciousness, ethics of autonomous algorithms, and the nature of human cognition. Recommended background: Prior exposure to core analytical concepts and methodological reasoning.",Humanities,UC Berkeley Academic Guide,Undergraduate
PHYS-342,Classical Mechanics and Lagrangian Dynamics,"Classical Mechanics and Lagrangian Dynamics. Advanced formulation of classical mechanics. Variational principles, Euler-Lagrange equations of motion, generalized coordinates, conservation laws, central force planetary motion, and Hamiltonian mechanics. Targeted towards undergraduate and beginning graduate students in relevant university programs.",Physics,Stanford Engineering Catalog,Undergraduate
MECH-849,Mechanics of Deformable Solids,"Mechanics of Deformable Solids. Stress and strain tensors in structural elements. Axial loading, torsion of circular shafts, bending and shear stress distributions in beams, Mohr's circle analysis, column Euler buckling, and failure yield criteria. Prerequisites: Upper-division undergraduate standing and permission of the instructor.",Mechanical,edX,Undergraduate
BIOT-500,Cellular Biochemistry and Metabolic Pathways,"Cellular Biochemistry and Metabolic Pathways. Structure and function of cellular macromolecules. Enzymatic biocatalysis, metabolic pathways (glycolysis, citric acid cycle, oxidative phosphorylation), bioenergetics, and allosteric enzyme regulation. Recommended background: Prior exposure to core analytical concepts and methodological reasoning.",Biotechnology,Stanford Engineering Catalog,Graduate
BIOT-534,Bioinformatics and Computational Genomics,"Bioinformatics and Computational Genomics. Computational methods for analyzing biological sequence data. Pairwise and multiple sequence alignment (BLAST), hidden Markov models, genome assembly, phylogenetic trees, and protein structural modeling. Prerequisites: Upper-division undergraduate standing and permission of the instructor.",Biotechnology,Coursera,Advanced Undergraduate
COMP-140,Computational Biology and Genome Informatics,"Computational Biology and Genome Informatics. Algorithm development for biological big data. Sequence alignment algorithms, phylogenetic tree clustering, genome assembly heuristics, and neural network models for protein folding. Prerequisites: Completion of introductory undergraduate coursework in relevant engineering or scientific disciplines.",Computer Science,Stanford Engineering Catalog,Undergraduate
CHEM-655,Transport Phenomena in Chemical Systems,"Transport Phenomena in Chemical Systems. Unified treatment of momentum, heat, and mass transport. Shell balances, Navier-Stokes equations, thermal conduction/convection, Fick's law of molecular diffusion, and mass transfer coefficients in boundary layers. Prerequisites: Completion of introductory undergraduate coursework in relevant engineering or scientific disciplines.",Chemical Engineering,Coursera,Advanced Undergraduate
BUSI-827,"Business Ethics, Corporate Responsibility and Human Values","Business Ethics, Corporate Responsibility and Human Values. Ethical decision-making frameworks for corporate executives. Moral philosophy applied to capitalism, stakeholder rights, environmental sustainability (ESG), and cross-cultural business ethics. Recommended background: Prior exposure to core analytical concepts and methodological reasoning.",Business,MIT OpenCourseWare,Advanced Undergraduate
ELEC-449,Semiconductor Device Physics,"Semiconductor Device Physics. Quantum mechanical principles of semiconductor transport. Energy band structures, carrier generation and recombination, p-n junction electrostatics, Schottky diodes, and subthreshold MOSFET characteristics. Prerequisites: Upper-division undergraduate standing and permission of the instructor.",Electronics,UC Berkeley Academic Guide,Undergraduate
HUMA-802,Cultural Anthropology and Ethnographic Inquiry,"Cultural Anthropology and Ethnographic Inquiry. Comparative study of human cultures, kinship systems, and social institutions. Ethnographic fieldwork methodologies, cultural relativism, ritual symbolic systems, and globalization impacts. Recommended background: Prior exposure to core analytical concepts and methodological reasoning.",Humanities,MIT OpenCourseWare,Graduate
HUMA-839,Philosophy of Artificial Intelligence and Mind,"Philosophy of Artificial Intelligence and Mind. Philosophical implications of computational machine intelligence. The Turing Test, Searle's Chinese Room argument, machine consciousness, ethics of autonomous algorithms, and the nature of human cognition. Prerequisites: Solid foundational coursework in the discipline and consent of the department.",Humanities,Harvard University Course Catalog,Graduate
PHYS-874,Classical Mechanics and Lagrangian Dynamics,"Classical Mechanics and Lagrangian Dynamics. Advanced formulation of classical mechanics. Variational principles, Euler-Lagrange equations of motion, generalized coordinates, conservation laws, central force planetary motion, and Hamiltonian mechanics. Recommended background: Prior exposure to core analytical concepts and methodological reasoning.",Physics,Stanford Engineering Catalog,Undergraduate
CIVI-657,Design of Structural Steel Buildings,"Design of Structural Steel Buildings. Design of steel structures according to AISC specifications. Tension members, compact and non-compact compression columns, laterally unsupported beams, bolted moment connections, and braced frames. Recommended background: Prior exposure to core analytical concepts and methodological reasoning.",Civil,edX,Advanced Undergraduate
PHYS-699,Nuclear and High-Energy Particle Physics,"Nuclear and High-Energy Particle Physics. Structure and interactions of atomic nuclei and subatomic particles. Radioactive decay kinetics, nuclear fission and fusion reactors, quarks, leptons, gauge bosons, and Standard Model symmetries. Prerequisites: Solid foundational coursework in the discipline and consent of the department.",Physics,UC Berkeley Academic Guide,Advanced Undergraduate
PHYS-754,Laser Physics and Modern Quantum Optics,"Laser Physics and Modern Quantum Optics. Physics of coherent optical radiation. Spontaneous and stimulated emission, population inversion, optical resonators, laser cavity modes, photon quantization, and nonlinear optical effects. Recommended background: Prior exposure to core analytical concepts and methodological reasoning.",Physics,UC Berkeley Academic Guide,Undergraduate
BUSI-286,"Business Ethics, Corporate Responsibility and Human Values","Business Ethics, Corporate Responsibility and Human Values. Ethical decision-making frameworks for corporate executives. Moral philosophy applied to capitalism, stakeholder rights, environmental sustainability (ESG), and cross-cultural business ethics. Prerequisites: Upper-division undergraduate standing and permission of the instructor.",Business,UC Berkeley Academic Guide,Undergraduate
COMP-817,Computer Networks and Internet Protocols,"Computer Networks and Internet Protocols. Architecture and layered protocols of internet systems. TCP flow and congestion control, BGP routing protocols, packet switching, DNS resolution, transport layer security (TLS), and software-defined networking. Recommended background: Prior exposure to core analytical concepts and methodological reasoning.",Computer Science,edX,Undergraduate
BUSI-260,Entrepreneurial Finance and Venture Capital,"Entrepreneurial Finance and Venture Capital. Financing emerging high-growth ventures. Term sheets, convertible notes, venture valuation methods, capitalization tables, angel financing, and startup exit strategies. Targeted towards undergraduate and beginning graduate students in relevant university programs.",Business,Harvard University Course Catalog,Advanced Undergraduate
CIVI-467,Highway Geometric Design and Planning,"Highway Geometric Design and Planning. Principles of highway engineering. Horizontal and vertical alignment curves, sight distance requirements, highway cross-sections, intersection channelization, and AASHTO geometric standards. Prerequisites: Upper-division undergraduate standing and permission of the instructor.",Civil,Stanford Engineering Catalog,Graduate
MECH-746,Mechanics of Deformable Solids,"Mechanics of Deformable Solids. Stress and strain tensors in structural elements. Axial loading, torsion of circular shafts, bending and shear stress distributions in beams, Mohr's circle analysis, column Euler buckling, and failure yield criteria. Recommended background: Prior exposure to core analytical concepts and methodological reasoning.",Mechanical,UC Berkeley Academic Guide,Undergraduate
COMP-865,Computer Networks and Internet Protocols,"Computer Networks and Internet Protocols. Architecture and layered protocols of internet systems. TCP flow and congestion control, BGP routing protocols, packet switching, DNS resolution, transport layer security (TLS), and software-defined networking. Targeted towards undergraduate and beginning graduate students in relevant university programs.",Computer Science,UC Berkeley Academic Guide,Advanced Undergraduate
CIVI-865,Design of Structural Steel Buildings,"Design of Structural Steel Buildings. Design of steel structures according to AISC specifications. Tension members, compact and non-compact compression columns, laterally unsupported beams, bolted moment connections, and braced frames. Prerequisites: Upper-division undergraduate standing and permission of the instructor.",Civil,Stanford Engineering Catalog,Graduate
BUSI-124,Competitive Strategy and Industry Analysis,"Competitive Strategy and Industry Analysis. Frameworks for establishing sustainable competitive advantage. Porter's Five Forces, resource-based view of the firm, value chain configuration, corporate diversification, and industry disruption. Prerequisites: Completion of introductory undergraduate coursework in relevant engineering or scientific disciplines.",Business,UC Berkeley Academic Guide,Advanced Undergraduate
MATH-410,Advanced Linear Algebra and Vector Spaces,"Advanced Linear Algebra and Vector Spaces. Vector spaces over arbitrary fields. Linear transformations, dual spaces, spectral theorem for normal operators, Jordan canonical forms, minimal polynomials, and inner product geometry. Prerequisites: Upper-division undergraduate standing and permission of the instructor.",Mathematics,Stanford Engineering Catalog,Graduate
ELEC-826,Wireless Communications and RF Systems,"Wireless Communications and RF Systems. Physical principles of wireless transmission. Digital modulation formats (QAM, PSK), multipath fading channel modeling, orthogonal frequency division multiplexing (OFDM), and MIMO multi-antenna beamforming. Recommended background: Prior exposure to core analytical concepts and methodological reasoning.",Electronics,UC Berkeley Academic Guide,Advanced Undergraduate
CIVI-825,Design of Reinforced Concrete Structures,"Design of Reinforced Concrete Structures. Behavior and limit state design of reinforced concrete members. Ultimate flexural strength of beams, shear reinforcement detailing, one-way and two-way floor slabs, and axial-flexural interaction of columns. Prerequisites: Completion of introductory undergraduate coursework in relevant engineering or scientific disciplines.",Civil,edX,Graduate
BUSI-197,Strategic Marketing and Brand Positioning,"Strategic Marketing and Brand Positioning. Core marketing management frameworks. Market segmentation, targeting, and brand positioning (STP), customer lifetime value, pricing strategies, promotional channels, and brand equity development. Prerequisites: Upper-division undergraduate standing and permission of the instructor.",Business,MIT OpenCourseWare,Advanced Undergraduate
MATH-539,"Abstract Algebra: Groups, Rings and Fields","Abstract Algebra: Groups, Rings and Fields. Axiomatic algebraic structures. Group homomorphisms, normal subgroups, quotient groups, Lagrange's theorem, ring ideals, unique factorization domains (UFD), and field extensions. Recommended background: Prior exposure to core analytical concepts and methodological reasoning.",Mathematics,edX,Advanced Undergraduate
BIOT-844,Industrial Microbiology and Downstream Processing,"Industrial Microbiology and Downstream Processing. Production of pharmaceuticals and industrial metabolites using microbes. Secondary metabolite biosynthesis, cell disruption techniques, centrifugation, ultrafiltration, and preparative chromatography. Prerequisites: Solid foundational coursework in the discipline and consent of the department.",Biotechnology,edX,Undergraduate
ELEC-865,Digital VLSI Architecture and Design,"Digital VLSI Architecture and Design. CMOS digital logic design and physical layout. Static and dynamic power consumption, propagation delay calculation, static timing analysis (STA), clock tree synthesis, and Verilog hardware description language. Recommended background: Prior exposure to core analytical concepts and methodological reasoning.",Electronics,UC Berkeley Academic Guide,Undergraduate
MECH-329,Mechanical Elements Machine Design,"Mechanical Elements Machine Design. Design principles for mechanical machine components. Fatigue loading life calculation, hydrodynamic journal bearings, spur and helical gear rating, bolted joint preload, compression springs, clutches, and brakes. Prerequisites: Completion of introductory undergraduate coursework in relevant engineering or scientific disciplines.",Mechanical,Harvard University Course Catalog,Graduate
MECH-706,Micro-Electro-Mechanical Systems (MEMS) Actuators,"Micro-Electro-Mechanical Systems (MEMS) Actuators. Multiphysics design of silicon micro-actuators. Electrostatic comb drives, piezoelectric micro-beams, cleanroom photolithography fabrication, and coupled thermal-fluid simulation. Targeted towards undergraduate and beginning graduate students in relevant university programs.",Mechanical,Stanford Engineering Catalog,Undergraduate
CIVI-368,Design of Reinforced Concrete Structures,"Design of Reinforced Concrete Structures. Behavior and limit state design of reinforced concrete members. Ultimate flexural strength of beams, shear reinforcement detailing, one-way and two-way floor slabs, and axial-flexural interaction of columns. Prerequisites: Solid foundational coursework in the discipline and consent of the department.",Civil,Harvard University Course Catalog,Advanced Undergraduate
COMP-340,Principles of Cybersecurity and Cryptography,"Principles of Cybersecurity and Cryptography. Foundations of computer systems security. Cryptographic primitives, symmetric and asymmetric ciphers, public-key infrastructure, memory exploit defenses, buffer overflows, and zero-trust security architectures. Prerequisites: Upper-division undergraduate standing and permission of the instructor.",Computer Science,Stanford Engineering Catalog,Undergraduate
ELEC-791,Analog Integrated Circuit Design,"Analog Integrated Circuit Design. Analysis and design of CMOS analog integrated circuits. MOSFET small-signal modeling, single-stage and differential amplifiers, active current mirrors, frequency response, feedback stability margins, and SPICE op-amp simulation. Recommended background: Prior exposure to core analytical concepts and methodological reasoning.",Electronics,MIT OpenCourseWare,Advanced Undergraduate
COMP-506,Distributed Cloud Systems Architecture,"Distributed Cloud Systems Architecture. Architectural principles of fault-tolerant distributed systems. Consensus algorithms (Paxos, Raft), replication consistency models, remote procedure calls (RPC), distributed key-value stores, and cloud microservices. Prerequisites: Completion of introductory undergraduate coursework in relevant engineering or scientific disciplines.",Computer Science,Harvard University Course Catalog,Advanced Undergraduate
CIVI-870,Structural Analysis and Matrix Methods,"Structural Analysis and Matrix Methods. Static analysis of indeterminate structural frames, trusses, and continuous beams. Moment distribution, slope deflection methods, influence lines, virtual work energy principles, and stiffness matrix formulations. Targeted towards undergraduate and beginning graduate students in relevant university programs.",Civil,UC Berkeley Academic Guide,Advanced Undergraduate
MECH-339,Classical Applied Thermodynamics,"Classical Applied Thermodynamics. Fundamental thermodynamic principles for engineering systems. First and second laws, closed and control volume energy balance, entropy generation, exergy analysis, vapor power Rankine cycles, and gas turbine Brayton cycles. Prerequisites: Solid foundational coursework in the discipline and consent of the department.",Mechanical,UC Berkeley Academic Guide,Undergraduate
MECH-534,Mechanical Vibrations and Modal Analysis,"Mechanical Vibrations and Modal Analysis. Vibration analysis of single and multi-degree-of-freedom mechanical systems. Harmonic excitation, resonance response, vibration isolation dampers, continuous beam vibration, and modal extraction. Targeted towards undergraduate and beginning graduate students in relevant university programs.",Mechanical,Coursera,Advanced Undergraduate
MECH-637,Kinematics and Dynamics of Mechanisms,"Kinematics and Dynamics of Mechanisms. Planar mechanism motion analysis. Four-bar linkages, velocity and acceleration polygon methods, dynamic force balancing, flywheel inertia determination, and balancing of rotating machinery. Targeted towards undergraduate and beginning graduate students in relevant university programs.",Mechanical,MIT OpenCourseWare,Advanced Undergraduate
HUMA-193,World Literature and Comparative Literary Theory,"World Literature and Comparative Literary Theory. Critical analysis of global literary masterpieces across historical epochs. Textual hermeneutics, narrative theory, post-colonial literary critique, modernism, and thematic representations of human identity. Prerequisites: Upper-division undergraduate standing and permission of the instructor.",Humanities,edX,Undergraduate
COMP-253,Distributed Cloud Systems Architecture,"Distributed Cloud Systems Architecture. Architectural principles of fault-tolerant distributed systems. Consensus algorithms (Paxos, Raft), replication consistency models, remote procedure calls (RPC), distributed key-value stores, and cloud microservices. Recommended background: Prior exposure to core analytical concepts and methodological reasoning.",Computer Science,Stanford Engineering Catalog,Graduate
CIVI-280,Foundation Engineering and Deep Foundations,"Foundation Engineering and Deep Foundations. Geotechnical design of substructures. Ultimate bearing capacity of shallow spread footings, settlement calculations, driven pile foundations, drilled shafts, and retaining wall lateral earth pressures. Prerequisites: Solid foundational coursework in the discipline and consent of the department.",Civil,Stanford Engineering Catalog,Graduate
MATH-835,Point-Set and Algebraic Topology,"Point-Set and Algebraic Topology. Topological spaces and continuous mappings. Homeomorphisms, separation axioms, product topologies, connectedness, compactness, fundamental groups, and covering space theory. Prerequisites: Completion of introductory undergraduate coursework in relevant engineering or scientific disciplines.",Mathematics,Stanford Engineering Catalog,Undergraduate
COMP-854,Distributed Cloud Systems Architecture,"Distributed Cloud Systems Architecture. Architectural principles of fault-tolerant distributed systems. Consensus algorithms (Paxos, Raft), replication consistency models, remote procedure calls (RPC), distributed key-value stores, and cloud microservices. Prerequisites: Solid foundational coursework in the discipline and consent of the department.",Computer Science,Coursera,Graduate
CIVI-675,Hydraulic Engineering and Open Channel Flow,"Hydraulic Engineering and Open Channel Flow. Fluid flow in open channels and pipe networks. Manning's uniform flow equation, specific energy, hydraulic jumps, gradually varied flow profile computations, and culvert hydraulic sizing. Prerequisites: Solid foundational coursework in the discipline and consent of the department.",Civil,Harvard University Course Catalog,Undergraduate
ELEC-133,Digital VLSI Architecture and Design,"Digital VLSI Architecture and Design. CMOS digital logic design and physical layout. Static and dynamic power consumption, propagation delay calculation, static timing analysis (STA), clock tree synthesis, and Verilog hardware description language. Targeted towards undergraduate and beginning graduate students in relevant university programs.",Electronics,Harvard University Course Catalog,Advanced Undergraduate
ELEC-770,RF and Microwave Engineering,"RF and Microwave Engineering. High-frequency electromagnetic wave propagation in transmission lines and microstrips. Smith chart impedance matching, S-parameters, microwave filter design, high-frequency power amplifiers, and directional couplers. Prerequisites: Completion of introductory undergraduate coursework in relevant engineering or scientific disciplines.",Electronics,edX,Graduate
MATH-417,Advanced Linear Algebra and Vector Spaces,"Advanced Linear Algebra and Vector Spaces. Vector spaces over arbitrary fields. Linear transformations, dual spaces, spectral theorem for normal operators, Jordan canonical forms, minimal polynomials, and inner product geometry. Prerequisites: Upper-division undergraduate standing and permission of the instructor.",Mathematics,Harvard University Course Catalog,Graduate
COMP-577,Distributed Cloud Systems Architecture,"Distributed Cloud Systems Architecture. Architectural principles of fault-tolerant distributed systems. Consensus algorithms (Paxos, Raft), replication consistency models, remote procedure calls (RPC), distributed key-value stores, and cloud microservices. Targeted towards undergraduate and beginning graduate students in relevant university programs.",Computer Science,Stanford Engineering Catalog,Graduate
CIVI-621,Geotechnical Soil Mechanics,"Geotechnical Soil Mechanics. Fundamental physical and engineering properties of soils. Soil classification, Darcy's permeability law, 1D Terzaghi consolidation theory, effective stress, and Mohr-Coulomb shear strength criteria. Targeted towards undergraduate and beginning graduate students in relevant university programs.",Civil,Stanford Engineering Catalog,Advanced Undergraduate
MATH-115,"Abstract Algebra: Groups, Rings and Fields","Abstract Algebra: Groups, Rings and Fields. Axiomatic algebraic structures. Group homomorphisms, normal subgroups, quotient groups, Lagrange's theorem, ring ideals, unique factorization domains (UFD), and field extensions. Recommended background: Prior exposure to core analytical concepts and methodological reasoning.",Mathematics,Harvard University Course Catalog,Graduate
BUSI-491,Investment Analysis and Portfolio Management,"Investment Analysis and Portfolio Management. Modern portfolio theory and capital asset pricing model (CAPM). Efficient market hypothesis, equity valuation models, fixed-income duration and convexity, hedge fund strategies, and risk metrics. Prerequisites: Completion of introductory undergraduate coursework in relevant engineering or scientific disciplines.",Business,Stanford Engineering Catalog,Graduate
BUSI-163,Competitive Strategy and Industry Analysis,"Competitive Strategy and Industry Analysis. Frameworks for establishing sustainable competitive advantage. Porter's Five Forces, resource-based view of the firm, value chain configuration, corporate diversification, and industry disruption. Targeted towards undergraduate and beginning graduate students in relevant university programs.",Business,Harvard University Course Catalog,Advanced Undergraduate
CIVI-342,Foundation Engineering and Deep Foundations,"Foundation Engineering and Deep Foundations. Geotechnical design of substructures. Ultimate bearing capacity of shallow spread footings, settlement calculations, driven pile foundations, drilled shafts, and retaining wall lateral earth pressures. Recommended background: Prior exposure to core analytical concepts and methodological reasoning.",Civil,UC Berkeley Academic Guide,Advanced Undergraduate
HUMA-791,Critical Media Studies and Cultural Communication,"Critical Media Studies and Cultural Communication. Critical analysis of mass media institutions, digital communication networks, and popular culture. Semiotic media decoding, ideological framing, digital disinformation, and algorithmic culture. Prerequisites: Solid foundational coursework in the discipline and consent of the department.",Humanities,MIT OpenCourseWare,Undergraduate
PHYS-580,Laser Physics and Modern Quantum Optics,"Laser Physics and Modern Quantum Optics. Physics of coherent optical radiation. Spontaneous and stimulated emission, population inversion, optical resonators, laser cavity modes, photon quantization, and nonlinear optical effects. Recommended background: Prior exposure to core analytical concepts and methodological reasoning.",Physics,Harvard University Course Catalog,Graduate
BIOT-505,Agricultural Biotechnology and Crop Genetic Engineering,"Agricultural Biotechnology and Crop Genetic Engineering. Application of genetic modification in plant science. Agrobacterium-mediated plant transformation, transgenic crop development, herbicide tolerance traits, pest resistance mechanisms, and biosafety protocols. Prerequisites: Upper-division undergraduate standing and permission of the instructor.",Biotechnology,edX,Advanced Undergraduate
PHYS-841,Quantum Mechanics and Atomic Structure,"Quantum Mechanics and Atomic Structure. Fundamental postulates of quantum mechanics. Wave-particle duality, Schrodinger wave equation, square wells, quantum harmonic oscillator, angular momentum operators, and hydrogen atom quantum states. Targeted towards undergraduate and beginning graduate students in relevant university programs.",Physics,Harvard University Course Catalog,Graduate
ELEC-793,Digital Signal Processing Systems,"Digital Signal Processing Systems. Theory and implementation of discrete-time signals and systems. Z-transforms, discrete Fourier transform (DFT), fast Fourier transform (FFT), FIR and IIR digital filter design, and hardware DSP architectures. Recommended background: Prior exposure to core analytical concepts and methodological reasoning.",Electronics,Harvard University Course Catalog,Undergraduate
MATH-479,Ordinary Differential Equations and Dynamical Systems,"Ordinary Differential Equations and Dynamical Systems. Linear and nonlinear ordinary differential equations. Existence and uniqueness theorems (Picard-Lindelof), phase portrait analysis, Lyapunov stability theory, and bifurcation behavior. Recommended background: Prior exposure to core analytical concepts and methodological reasoning.",Mathematics,UC Berkeley Academic Guide,Graduate
CIVI-775,Design of Reinforced Concrete Structures,"Design of Reinforced Concrete Structures. Behavior and limit state design of reinforced concrete members. Ultimate flexural strength of beams, shear reinforcement detailing, one-way and two-way floor slabs, and axial-flexural interaction of columns. Prerequisites: Completion of introductory undergraduate coursework in relevant engineering or scientific disciplines.",Civil,UC Berkeley Academic Guide,Advanced Undergraduate
COMP-356,Distributed Cloud Systems Architecture,"Distributed Cloud Systems Architecture. Architectural principles of fault-tolerant distributed systems. Consensus algorithms (Paxos, Raft), replication consistency models, remote procedure calls (RPC), distributed key-value stores, and cloud microservices. Targeted towards undergraduate and beginning graduate students in relevant university programs.",Computer Science,MIT OpenCourseWare,Advanced Undergraduate
MECH-802,Mechanical Vibrations and Modal Analysis,"Mechanical Vibrations and Modal Analysis. Vibration analysis of single and multi-degree-of-freedom mechanical systems. Harmonic excitation, resonance response, vibration isolation dampers, continuous beam vibration, and modal extraction. Recommended background: Prior exposure to core analytical concepts and methodological reasoning.",Mechanical,Stanford Engineering Catalog,Advanced Undergraduate
CIVI-238,Design of Structural Steel Buildings,"Design of Structural Steel Buildings. Design of steel structures according to AISC specifications. Tension members, compact and non-compact compression columns, laterally unsupported beams, bolted moment connections, and braced frames. Prerequisites: Solid foundational coursework in the discipline and consent of the department.",Civil,Harvard University Course Catalog,Graduate
PHYS-334,Solid State and Condensed Matter Physics,"Solid State and Condensed Matter Physics. Electronic and crystal structure of solids. Bravais crystal lattices, X-ray Bragg diffraction, phonon vibrations, Bloch's theorem, energy band dispersion, and semiconductor electrical conduction. Prerequisites: Solid foundational coursework in the discipline and consent of the department.",Physics,MIT OpenCourseWare,Undergraduate
ELEC-621,Digital Signal Processing Systems,"Digital Signal Processing Systems. Theory and implementation of discrete-time signals and systems. Z-transforms, discrete Fourier transform (DFT), fast Fourier transform (FFT), FIR and IIR digital filter design, and hardware DSP architectures. Prerequisites: Completion of introductory undergraduate coursework in relevant engineering or scientific disciplines.",Electronics,Coursera,Undergraduate
BIOT-703,Immunology and Monoclonal Antibody Technology,"Immunology and Monoclonal Antibody Technology. Principles of humoral and cell-mediated immunity. Antigen recognition, antibody structure, hybridoma technology, recombinant therapeutic monoclonal antibodies, ELISA assays, and immunotherapy design. Targeted towards undergraduate and beginning graduate students in relevant university programs.",Biotechnology,Stanford Engineering Catalog,Undergraduate
MECH-146,Manufacturing Processes and Machining,"Manufacturing Processes and Machining. Engineering materials processing. Metal casting, bulk deformation, sheet metal forming, chip formation mechanics in turning and milling, tool wear mechanisms, and CNC machining operations. Recommended background: Prior exposure to core analytical concepts and methodological reasoning.",Mechanical,edX,Advanced Undergraduate
PHYS-122,Quantum Mechanics and Atomic Structure,"Quantum Mechanics and Atomic Structure. Fundamental postulates of quantum mechanics. Wave-particle duality, Schrodinger wave equation, square wells, quantum harmonic oscillator, angular momentum operators, and hydrogen atom quantum states. Prerequisites: Upper-division undergraduate standing and permission of the instructor.",Physics,Stanford Engineering Catalog,Undergraduate
COMP-755,Computational Biology and Genome Informatics,"Computational Biology and Genome Informatics. Algorithm development for biological big data. Sequence alignment algorithms, phylogenetic tree clustering, genome assembly heuristics, and neural network models for protein folding. Prerequisites: Completion of introductory undergraduate coursework in relevant engineering or scientific disciplines.",Computer Science,UC Berkeley Academic Guide,Graduate
MECH-260,Mechanics of Deformable Solids,"Mechanics of Deformable Solids. Stress and strain tensors in structural elements. Axial loading, torsion of circular shafts, bending and shear stress distributions in beams, Mohr's circle analysis, column Euler buckling, and failure yield criteria. Recommended background: Prior exposure to core analytical concepts and methodological reasoning.",Mechanical,UC Berkeley Academic Guide,Advanced Undergraduate
BIOT-718,Industrial Microbiology and Downstream Processing,"Industrial Microbiology and Downstream Processing. Production of pharmaceuticals and industrial metabolites using microbes. Secondary metabolite biosynthesis, cell disruption techniques, centrifugation, ultrafiltration, and preparative chromatography. Recommended background: Prior exposure to core analytical concepts and methodological reasoning.",Biotechnology,UC Berkeley Academic Guide,Advanced Undergraduate
BIOT-194,Bioinformatics and Computational Genomics,"Bioinformatics and Computational Genomics. Computational methods for analyzing biological sequence data. Pairwise and multiple sequence alignment (BLAST), hidden Markov models, genome assembly, phylogenetic trees, and protein structural modeling. Recommended background: Prior exposure to core analytical concepts and methodological reasoning.",Biotechnology,MIT OpenCourseWare,Advanced Undergraduate
MECH-282,Conduction and Convective Heat Transfer,"Conduction and Convective Heat Transfer. Heat transfer mechanisms in mechanical systems. Steady and transient conduction, Fourier's law, forced and natural convection boundary layers, dimensionless Nusselt numbers, and heat exchanger effectiveness (NTU method). Targeted towards undergraduate and beginning graduate students in relevant university programs.",Mechanical,Harvard University Course Catalog,Undergraduate
BIOT-766,Bioinformatics Pipeline Engineering and Transcriptomics,"Bioinformatics Pipeline Engineering and Transcriptomics. High-throughput computational pipeline design for next-generation RNA sequencing data. Statistical differential expression, variant calling algorithms, and cloud genomic workflows. Recommended background: Prior exposure to core analytical concepts and methodological reasoning.",Biotechnology,Coursera,Advanced Undergraduate
PHYS-487,Quantum Information Theory and Quantum Gates,"Quantum Information Theory and Quantum Gates. Physics of quantum computing architectures. Qubits, superposition states, quantum entanglement, unitary quantum logic gates, decoherence models, and quantum error-correcting codes. Prerequisites: Upper-division undergraduate standing and permission of the instructor.",Physics,Harvard University Course Catalog,Undergraduate
ELEC-731,Power Electronics and Energy Conversion,"Power Electronics and Energy Conversion. Analysis of solid-state power electronic converters. Switch-mode DC-DC buck, boost, and flyback converters, inverter topologies, pulse-width modulation (PWM) control, and thermal dissipation management. Prerequisites: Completion of introductory undergraduate coursework in relevant engineering or scientific disciplines.",Electronics,Stanford Engineering Catalog,Undergraduate
CIVI-894,Hydraulic Engineering and Open Channel Flow,"Hydraulic Engineering and Open Channel Flow. Fluid flow in open channels and pipe networks. Manning's uniform flow equation, specific energy, hydraulic jumps, gradually varied flow profile computations, and culvert hydraulic sizing. Prerequisites: Solid foundational coursework in the discipline and consent of the department.",Civil,Harvard University Course Catalog,Advanced Undergraduate
PHYS-631,Classical Mechanics and Lagrangian Dynamics,"Classical Mechanics and Lagrangian Dynamics. Advanced formulation of classical mechanics. Variational principles, Euler-Lagrange equations of motion, generalized coordinates, conservation laws, central force planetary motion, and Hamiltonian mechanics. Prerequisites: Completion of introductory undergraduate coursework in relevant engineering or scientific disciplines.",Physics,UC Berkeley Academic Guide,Undergraduate
BUSI-865,Entrepreneurial Finance and Venture Capital,"Entrepreneurial Finance and Venture Capital. Financing emerging high-growth ventures. Term sheets, convertible notes, venture valuation methods, capitalization tables, angel financing, and startup exit strategies. Recommended background: Prior exposure to core analytical concepts and methodological reasoning.",Business,UC Berkeley Academic Guide,Undergraduate
CHEM-353,Biochemical Processing and Enzyme Reactors,"Biochemical Processing and Enzyme Reactors. Application of reaction engineering principles to biological catalysts. Michaelis-Menten kinetics in CSTRs, aeration mass transfer in fermenters, and downstream recovery of bio-products. Prerequisites: Completion of introductory undergraduate coursework in relevant engineering or scientific disciplines.",Chemical Engineering,UC Berkeley Academic Guide,Graduate
BIOT-344,Stem Cell Biology and Tissue Engineering,"Stem Cell Biology and Tissue Engineering. Mechanisms of cellular pluripotency and regenerative medicine. Embryonic and induced pluripotent stem cells, biomaterial scaffolds, cell-matrix interactions, and bioreactor culture of functional engineered tissues. Prerequisites: Completion of introductory undergraduate coursework in relevant engineering or scientific disciplines.",Biotechnology,Harvard University Course Catalog,Advanced Undergraduate
HUMA-106,Epistemology and Philosophy of Mind,"Epistemology and Philosophy of Mind. Philosophical inquiry into the nature of knowledge, truth, and mental consciousness. Rationalism vs empiricism, skeptical arguments, dualism, functionalism, intentionality, and cognitive experience. Prerequisites: Upper-division undergraduate standing and permission of the instructor.",Humanities,Stanford Engineering Catalog,Undergraduate
ELEC-648,Semiconductor Device Physics,"Semiconductor Device Physics. Quantum mechanical principles of semiconductor transport. Energy band structures, carrier generation and recombination, p-n junction electrostatics, Schottky diodes, and subthreshold MOSFET characteristics. Prerequisites: Solid foundational coursework in the discipline and consent of the department.",Electronics,Harvard University Course Catalog,Graduate
ELEC-644,Digital VLSI Architecture and Design,"Digital VLSI Architecture and Design. CMOS digital logic design and physical layout. Static and dynamic power consumption, propagation delay calculation, static timing analysis (STA), clock tree synthesis, and Verilog hardware description language. Prerequisites: Upper-division undergraduate standing and permission of the instructor.",Electronics,UC Berkeley Academic Guide,Undergraduate
MATH-156,Partial Differential Equations in Mathematical Physics,"Partial Differential Equations in Mathematical Physics. Boundary value problems for linear partial differential equations. Heat equation, wave equation, Laplace equation, separation of variables, Fourier transform methods, and Green's functions. Prerequisites: Upper-division undergraduate standing and permission of the instructor.",Mathematics,MIT OpenCourseWare,Advanced Undergraduate
PHYS-775,Solid State and Condensed Matter Physics,"Solid State and Condensed Matter Physics. Electronic and crystal structure of solids. Bravais crystal lattices, X-ray Bragg diffraction, phonon vibrations, Bloch's theorem, energy band dispersion, and semiconductor electrical conduction. Recommended background: Prior exposure to core analytical concepts and methodological reasoning.",Physics,edX,Advanced Undergraduate
CHEM-279,Chemical Process Dynamics and Automated Control,"Chemical Process Dynamics and Automated Control. Mathematical modeling of dynamic chemical processes. Laplace transforms, transfer functions, feedback PID controller tuning, feedback-feedforward control, frequency response analysis, and process stability limits. Prerequisites: Completion of introductory undergraduate coursework in relevant engineering or scientific disciplines.",Chemical Engineering,Coursera,Advanced Undergraduate
COMP-387,Modern Compiler Construction,"Modern Compiler Construction. Theory and design of programming language compilers. Lexical analysis, context-free grammars, LL/LR parsing, intermediate representations (SSA form), data-flow optimization, and machine code generation. Prerequisites: Upper-division undergraduate standing and permission of the instructor.",Computer Science,UC Berkeley Academic Guide,Graduate
HUMA-484,World Literature and Comparative Literary Theory,"World Literature and Comparative Literary Theory. Critical analysis of global literary masterpieces across historical epochs. Textual hermeneutics, narrative theory, post-colonial literary critique, modernism, and thematic representations of human identity. Prerequisites: Completion of introductory undergraduate coursework in relevant engineering or scientific disciplines.",Humanities,UC Berkeley Academic Guide,Advanced Undergraduate
COMP-463,Advanced Operating Systems Design,"Advanced Operating Systems Design. Principles of operating system architecture, process scheduling, multithreading primitives, virtual memory management, inter-process communication, file system internals, and kernel concurrency synchronization locks. Targeted towards undergraduate and beginning graduate students in relevant university programs.",Computer Science,UC Berkeley Academic Guide,Advanced Undergraduate
HUMA-451,Cognitive Linguistics and Semantic Structures,"Cognitive Linguistics and Semantic Structures. Scientific study of human language and mental grammars. Phonology, morphological derivation, Chomskyan transformational syntax, cognitive semantics, pragmatic context, and sociolinguistics. Targeted towards undergraduate and beginning graduate students in relevant university programs.",Humanities,Harvard University Course Catalog,Graduate
CHEM-149,Mass Transfer Operations and Separation Processes,"Mass Transfer Operations and Separation Processes. Equilibrium stage and rate-based separation processes. Multicomponent distillation column design, liquid-liquid extraction, gas absorption columns, membrane separations, and McCabe-Thiele stage calculations. Targeted towards undergraduate and beginning graduate students in relevant university programs.",Chemical Engineering,edX,Advanced Undergraduate
PHYS-207,General Relativity and Gravitational Physics,"General Relativity and Gravitational Physics. Geometric theory of gravitation. Tensor calculus on Riemannian manifolds, Einstein field equations, geodesic motion in curved spacetime, Schwarzschild black holes, and gravitational waves. Targeted towards undergraduate and beginning graduate students in relevant university programs.",Physics,Stanford Engineering Catalog,Graduate
MECH-687,Viscous Fluid Dynamics,"Viscous Fluid Dynamics. Continuity, momentum, and energy conservation equations in fluid motion (Navier-Stokes equations). Incompressible viscous laminar flows, boundary layer separation, turbulent pipe flow, Moody friction diagrams, and aerodynamic drag. Targeted towards undergraduate and beginning graduate students in relevant university programs.",Mechanical,MIT OpenCourseWare,Advanced Undergraduate
MECH-558,Mechanical Elements Machine Design,"Mechanical Elements Machine Design. Design principles for mechanical machine components. Fatigue loading life calculation, hydrodynamic journal bearings, spur and helical gear rating, bolted joint preload, compression springs, clutches, and brakes. Prerequisites: Completion of introductory undergraduate coursework in relevant engineering or scientific disciplines.",Mechanical,MIT OpenCourseWare,Advanced Undergraduate
MATH-581,Real Analysis and Measure Theory,"Real Analysis and Measure Theory. Rigorous mathematical analysis of Euclidean spaces. Metric topologies, compactness, sequences, Cauchy convergence, Riemann-Stieltjes integration, Lebesgue measure, and dominated convergence theorem. Prerequisites: Solid foundational coursework in the discipline and consent of the department.",Mathematics,MIT OpenCourseWare,Advanced Undergraduate
COMP-279,Computer Networks and Internet Protocols,"Computer Networks and Internet Protocols. Architecture and layered protocols of internet systems. TCP flow and congestion control, BGP routing protocols, packet switching, DNS resolution, transport layer security (TLS), and software-defined networking. Prerequisites: Solid foundational coursework in the discipline and consent of the department.",Computer Science,MIT OpenCourseWare,Graduate
CHEM-108,Mass Transfer Operations and Separation Processes,"Mass Transfer Operations and Separation Processes. Equilibrium stage and rate-based separation processes. Multicomponent distillation column design, liquid-liquid extraction, gas absorption columns, membrane separations, and McCabe-Thiele stage calculations. Recommended background: Prior exposure to core analytical concepts and methodological reasoning.",Chemical Engineering,Coursera,Graduate
MECH-240,Mechanical Elements Machine Design,"Mechanical Elements Machine Design. Design principles for mechanical machine components. Fatigue loading life calculation, hydrodynamic journal bearings, spur and helical gear rating, bolted joint preload, compression springs, clutches, and brakes. Recommended background: Prior exposure to core analytical concepts and methodological reasoning.",Mechanical,Coursera,Graduate
COMP-410,Distributed Cloud Systems Architecture,"Distributed Cloud Systems Architecture. Architectural principles of fault-tolerant distributed systems. Consensus algorithms (Paxos, Raft), replication consistency models, remote procedure calls (RPC), distributed key-value stores, and cloud microservices. Recommended background: Prior exposure to core analytical concepts and methodological reasoning.",Computer Science,Coursera,Advanced Undergraduate
ELEC-498,Microprocessor Hardware and Interfacing,"Microprocessor Hardware and Interfacing. Architecture of 32-bit RISC microcontrollers. Instruction pipelines, memory hierarchies, cache organization, bus protocols, interrupt controllers, timer peripherals, SPI/I2C interfaces, and low-level firmware integration. Prerequisites: Completion of introductory undergraduate coursework in relevant engineering or scientific disciplines.",Electronics,Coursera,Advanced Undergraduate
PHYS-381,Solid State and Condensed Matter Physics,"Solid State and Condensed Matter Physics. Electronic and crystal structure of solids. Bravais crystal lattices, X-ray Bragg diffraction, phonon vibrations, Bloch's theorem, energy band dispersion, and semiconductor electrical conduction. Prerequisites: Solid foundational coursework in the discipline and consent of the department.",Physics,Stanford Engineering Catalog,Undergraduate
ELEC-222,Digital Signal Processing Systems,"Digital Signal Processing Systems. Theory and implementation of discrete-time signals and systems. Z-transforms, discrete Fourier transform (DFT), fast Fourier transform (FFT), FIR and IIR digital filter design, and hardware DSP architectures. Recommended background: Prior exposure to core analytical concepts and methodological reasoning.",Electronics,Coursera,Graduate
MATH-144,Probability Theory and Mathematical Statistics,"Probability Theory and Mathematical Statistics. Measure-theoretic probability foundations. Random variables, characteristic functions, laws of large numbers, central limit theorem, and maximum likelihood statistical estimation. Prerequisites: Upper-division undergraduate standing and permission of the instructor.",Mathematics,edX,Graduate
CIVI-729,Environmental Water Treatment Engineering,"Environmental Water Treatment Engineering. Physical, chemical, and biological unit operations for municipal water purification. Coagulation, flocculation, rapid sand filtration, chlorination disinfection, and activated sludge wastewater treatment. Prerequisites: Upper-division undergraduate standing and permission of the instructor.",Civil,Harvard University Course Catalog,Graduate
HUMA-180,Critical Media Studies and Cultural Communication,"Critical Media Studies and Cultural Communication. Critical analysis of mass media institutions, digital communication networks, and popular culture. Semiotic media decoding, ideological framing, digital disinformation, and algorithmic culture. Prerequisites: Completion of introductory undergraduate coursework in relevant engineering or scientific disciplines.",Humanities,Harvard University Course Catalog,Undergraduate
HUMA-533,Critical Media Studies and Cultural Communication,"Critical Media Studies and Cultural Communication. Critical analysis of mass media institutions, digital communication networks, and popular culture. Semiotic media decoding, ideological framing, digital disinformation, and algorithmic culture. Recommended background: Prior exposure to core analytical concepts and methodological reasoning.",Humanities,MIT OpenCourseWare,Advanced Undergraduate
MECH-692,Viscous Fluid Dynamics,"Viscous Fluid Dynamics. Continuity, momentum, and energy conservation equations in fluid motion (Navier-Stokes equations). Incompressible viscous laminar flows, boundary layer separation, turbulent pipe flow, Moody friction diagrams, and aerodynamic drag. Prerequisites: Completion of introductory undergraduate coursework in relevant engineering or scientific disciplines.",Mechanical,MIT OpenCourseWare,Graduate
CHEM-297,Polymer Reaction Engineering and Processing,"Polymer Reaction Engineering and Processing. Polymerization kinetics and processing techniques. Step-growth and chain-growth polymerization, molecular weight distribution modeling, rheology of non-Newtonian polymer melts, and extrusion molding. Prerequisites: Solid foundational coursework in the discipline and consent of the department.",Chemical Engineering,Harvard University Course Catalog,Graduate
BUSI-777,Strategic Marketing and Brand Positioning,"Strategic Marketing and Brand Positioning. Core marketing management frameworks. Market segmentation, targeting, and brand positioning (STP), customer lifetime value, pricing strategies, promotional channels, and brand equity development. Targeted towards undergraduate and beginning graduate students in relevant university programs.",Business,Coursera,Advanced Undergraduate
MATH-698,Ordinary Differential Equations and Dynamical Systems,"Ordinary Differential Equations and Dynamical Systems. Linear and nonlinear ordinary differential equations. Existence and uniqueness theorems (Picard-Lindelof), phase portrait analysis, Lyapunov stability theory, and bifurcation behavior. Prerequisites: Upper-division undergraduate standing and permission of the instructor.",Mathematics,UC Berkeley Academic Guide,Undergraduate
ELEC-697,RF and Microwave Engineering,"RF and Microwave Engineering. High-frequency electromagnetic wave propagation in transmission lines and microstrips. Smith chart impedance matching, S-parameters, microwave filter design, high-frequency power amplifiers, and directional couplers. Prerequisites: Solid foundational coursework in the discipline and consent of the department.",Electronics,Harvard University Course Catalog,Graduate
BIOT-580,Stem Cell Biology and Tissue Engineering,"Stem Cell Biology and Tissue Engineering. Mechanisms of cellular pluripotency and regenerative medicine. Embryonic and induced pluripotent stem cells, biomaterial scaffolds, cell-matrix interactions, and bioreactor culture of functional engineered tissues. Prerequisites: Upper-division undergraduate standing and permission of the instructor.",Biotechnology,UC Berkeley Academic Guide,Advanced Undergraduate
HUMA-679,Cognitive Linguistics and Semantic Structures,"Cognitive Linguistics and Semantic Structures. Scientific study of human language and mental grammars. Phonology, morphological derivation, Chomskyan transformational syntax, cognitive semantics, pragmatic context, and sociolinguistics. Targeted towards undergraduate and beginning graduate students in relevant university programs.",Humanities,UC Berkeley Academic Guide,Graduate
BIOT-446,Industrial Microbiology and Downstream Processing,"Industrial Microbiology and Downstream Processing. Production of pharmaceuticals and industrial metabolites using microbes. Secondary metabolite biosynthesis, cell disruption techniques, centrifugation, ultrafiltration, and preparative chromatography. Recommended background: Prior exposure to core analytical concepts and methodological reasoning.",Biotechnology,Stanford Engineering Catalog,Graduate
PHYS-111,General Relativity and Gravitational Physics,"General Relativity and Gravitational Physics. Geometric theory of gravitation. Tensor calculus on Riemannian manifolds, Einstein field equations, geodesic motion in curved spacetime, Schwarzschild black holes, and gravitational waves. Prerequisites: Completion of introductory undergraduate coursework in relevant engineering or scientific disciplines.",Physics,UC Berkeley Academic Guide,Graduate
BIOT-398,Bioprocess Engineering and Microbial Fermentation,"Bioprocess Engineering and Microbial Fermentation. Engineering principles of microbial cell cultivation. Stoichiometry of cell growth, batch and fed-batch fermentation kinetics, oxygen mass transfer rate (kLa), bioreactor scale-up, and continuous bioprocessing. Prerequisites: Upper-division undergraduate standing and permission of the instructor.",Biotechnology,edX,Advanced Undergraduate
MATH-374,Advanced Linear Algebra and Vector Spaces,"Advanced Linear Algebra and Vector Spaces. Vector spaces over arbitrary fields. Linear transformations, dual spaces, spectral theorem for normal operators, Jordan canonical forms, minimal polynomials, and inner product geometry. Prerequisites: Completion of introductory undergraduate coursework in relevant engineering or scientific disciplines.",Mathematics,edX,Graduate
COMP-675,Design and Analysis of Algorithms,"Design and Analysis of Algorithms. Fundamental algorithmic design paradigms including divide-and-conquer, greedy optimization, dynamic programming, network flow algorithms, and graph traversals. Worst-case amortized time analysis and NP-completeness reductions are rigorously studied. Targeted towards undergraduate and beginning graduate students in relevant university programs.",Computer Science,Coursera,Graduate
COMP-246,Computer Networks and Internet Protocols,"Computer Networks and Internet Protocols. Architecture and layered protocols of internet systems. TCP flow and congestion control, BGP routing protocols, packet switching, DNS resolution, transport layer security (TLS), and software-defined networking. Prerequisites: Completion of introductory undergraduate coursework in relevant engineering or scientific disciplines.",Computer Science,MIT OpenCourseWare,Undergraduate
MECH-136,Conduction and Convective Heat Transfer,"Conduction and Convective Heat Transfer. Heat transfer mechanisms in mechanical systems. Steady and transient conduction, Fourier's law, forced and natural convection boundary layers, dimensionless Nusselt numbers, and heat exchanger effectiveness (NTU method). Targeted towards undergraduate and beginning graduate students in relevant university programs.",Mechanical,UC Berkeley Academic Guide,Graduate
ELEC-171,Analog Integrated Circuit Design,"Analog Integrated Circuit Design. Analysis and design of CMOS analog integrated circuits. MOSFET small-signal modeling, single-stage and differential amplifiers, active current mirrors, frequency response, feedback stability margins, and SPICE op-amp simulation. Prerequisites: Upper-division undergraduate standing and permission of the instructor.",Electronics,Stanford Engineering Catalog,Undergraduate
MECH-324,Kinematics and Dynamics of Mechanisms,"Kinematics and Dynamics of Mechanisms. Planar mechanism motion analysis. Four-bar linkages, velocity and acceleration polygon methods, dynamic force balancing, flywheel inertia determination, and balancing of rotating machinery. Targeted towards undergraduate and beginning graduate students in relevant university programs.",Mechanical,Stanford Engineering Catalog,Advanced Undergraduate
PHYS-574,Classical Mechanics and Lagrangian Dynamics,"Classical Mechanics and Lagrangian Dynamics. Advanced formulation of classical mechanics. Variational principles, Euler-Lagrange equations of motion, generalized coordinates, conservation laws, central force planetary motion, and Hamiltonian mechanics. Prerequisites: Solid foundational coursework in the discipline and consent of the department.",Physics,UC Berkeley Academic Guide,Advanced Undergraduate
CHEM-794,Polymer Reaction Engineering and Processing,"Polymer Reaction Engineering and Processing. Polymerization kinetics and processing techniques. Step-growth and chain-growth polymerization, molecular weight distribution modeling, rheology of non-Newtonian polymer melts, and extrusion molding. Targeted towards undergraduate and beginning graduate students in relevant university programs.",Chemical Engineering,UC Berkeley Academic Guide,Advanced Undergraduate
PHYS-185,Solid State and Condensed Matter Physics,"Solid State and Condensed Matter Physics. Electronic and crystal structure of solids. Bravais crystal lattices, X-ray Bragg diffraction, phonon vibrations, Bloch's theorem, energy band dispersion, and semiconductor electrical conduction. Prerequisites: Solid foundational coursework in the discipline and consent of the department.",Physics,Coursera,Graduate
CHEM-129,Chemical Reaction Engineering and Reactor Kinetics,"Chemical Reaction Engineering and Reactor Kinetics. Kinetics of homogeneous and heterogeneous chemical reactions. Ideal batch, continuous stirred-tank (CSTR), and plug flow reactors (PFR). Catalytic kinetics, non-isothermal reactor operation, and thermal runaway prevention. Prerequisites: Upper-division undergraduate standing and permission of the instructor.",Chemical Engineering,UC Berkeley Academic Guide,Graduate
CIVI-508,Structural Analysis and Matrix Methods,"Structural Analysis and Matrix Methods. Static analysis of indeterminate structural frames, trusses, and continuous beams. Moment distribution, slope deflection methods, influence lines, virtual work energy principles, and stiffness matrix formulations. Prerequisites: Completion of introductory undergraduate coursework in relevant engineering or scientific disciplines.",Civil,MIT OpenCourseWare,Graduate
HUMA-263,World Literature and Comparative Literary Theory,"World Literature and Comparative Literary Theory. Critical analysis of global literary masterpieces across historical epochs. Textual hermeneutics, narrative theory, post-colonial literary critique, modernism, and thematic representations of human identity. Prerequisites: Upper-division undergraduate standing and permission of the instructor.",Humanities,Stanford Engineering Catalog,Advanced Undergraduate
MECH-378,Mechanical Elements Machine Design,"Mechanical Elements Machine Design. Design principles for mechanical machine components. Fatigue loading life calculation, hydrodynamic journal bearings, spur and helical gear rating, bolted joint preload, compression springs, clutches, and brakes. Prerequisites: Upper-division undergraduate standing and permission of the instructor.",Mechanical,MIT OpenCourseWare,Graduate
PHYS-830,Solid State and Condensed Matter Physics,"Solid State and Condensed Matter Physics. Electronic and crystal structure of solids. Bravais crystal lattices, X-ray Bragg diffraction, phonon vibrations, Bloch's theorem, energy band dispersion, and semiconductor electrical conduction. Targeted towards undergraduate and beginning graduate students in relevant university programs.",Physics,Stanford Engineering Catalog,Advanced Undergraduate
ELEC-128,Digital Signal Processing Systems,"Digital Signal Processing Systems. Theory and implementation of discrete-time signals and systems. Z-transforms, discrete Fourier transform (DFT), fast Fourier transform (FFT), FIR and IIR digital filter design, and hardware DSP architectures. Recommended background: Prior exposure to core analytical concepts and methodological reasoning.",Electronics,Stanford Engineering Catalog,Undergraduate
HUMA-714,Modern Political Philosophy and Ethics,"Modern Political Philosophy and Ethics. Foundational theories of justice, rights, and political governance. Classical and modern political thought including Plato, Aristotle, Hobbes, Locke, Rousseau, Kantian deontology, and utilitarianism. Recommended background: Prior exposure to core analytical concepts and methodological reasoning.",Humanities,UC Berkeley Academic Guide,Graduate
BUSI-141,"Business Ethics, Corporate Responsibility and Human Values","Business Ethics, Corporate Responsibility and Human Values. Ethical decision-making frameworks for corporate executives. Moral philosophy applied to capitalism, stakeholder rights, environmental sustainability (ESG), and cross-cultural business ethics. Prerequisites: Upper-division undergraduate standing and permission of the instructor.",Business,Coursera,Graduate
ELEC-838,Microprocessor Hardware and Interfacing,"Microprocessor Hardware and Interfacing. Architecture of 32-bit RISC microcontrollers. Instruction pipelines, memory hierarchies, cache organization, bus protocols, interrupt controllers, timer peripherals, SPI/I2C interfaces, and low-level firmware integration. Prerequisites: Completion of introductory undergraduate coursework in relevant engineering or scientific disciplines.",Electronics,UC Berkeley Academic Guide,Advanced Undergraduate
BIOT-247,Molecular Biology and Recombinant DNA Technology,"Molecular Biology and Recombinant DNA Technology. Molecular mechanisms of gene expression and genetic engineering. DNA replication, transcription, translation, restriction endonucleases, plasmid cloning vectors, CRISPR-Cas9 gene editing, and PCR amplification. Prerequisites: Solid foundational coursework in the discipline and consent of the department.",Biotechnology,edX,Graduate
BUSI-574,Organizational Behavior and Leadership,"Organizational Behavior and Leadership. Behavioral dynamics within modern corporations. Team leadership, employee motivation theories, transformational leadership styles, organizational culture, conflict management, and change execution. Prerequisites: Solid foundational coursework in the discipline and consent of the department.",Business,Stanford Engineering Catalog,Graduate
PHYS-156,Quantum Mechanics and Atomic Structure,"Quantum Mechanics and Atomic Structure. Fundamental postulates of quantum mechanics. Wave-particle duality, Schrodinger wave equation, square wells, quantum harmonic oscillator, angular momentum operators, and hydrogen atom quantum states. Targeted towards undergraduate and beginning graduate students in relevant university programs.",Physics,edX,Advanced Undergraduate
COMP-872,Advanced Operating Systems Design,"Advanced Operating Systems Design. Principles of operating system architecture, process scheduling, multithreading primitives, virtual memory management, inter-process communication, file system internals, and kernel concurrency synchronization locks. Recommended background: Prior exposure to core analytical concepts and methodological reasoning.",Computer Science,Coursera,Undergraduate
PHYS-621,General Relativity and Gravitational Physics,"General Relativity and Gravitational Physics. Geometric theory of gravitation. Tensor calculus on Riemannian manifolds, Einstein field equations, geodesic motion in curved spacetime, Schwarzschild black holes, and gravitational waves. Recommended background: Prior exposure to core analytical concepts and methodological reasoning.",Physics,edX,Undergraduate
HUMA-111,Philosophy of Artificial Intelligence and Mind,"Philosophy of Artificial Intelligence and Mind. Philosophical implications of computational machine intelligence. The Turing Test, Searle's Chinese Room argument, machine consciousness, ethics of autonomous algorithms, and the nature of human cognition. Prerequisites: Upper-division undergraduate standing and permission of the instructor.",Humanities,Coursera,Graduate
BUSI-612,Competitive Strategy and Industry Analysis,"Competitive Strategy and Industry Analysis. Frameworks for establishing sustainable competitive advantage. Porter's Five Forces, resource-based view of the firm, value chain configuration, corporate diversification, and industry disruption. Prerequisites: Solid foundational coursework in the discipline and consent of the department.",Business,UC Berkeley Academic Guide,Advanced Undergraduate
ELEC-797,Semiconductor Device Physics,"Semiconductor Device Physics. Quantum mechanical principles of semiconductor transport. Energy band structures, carrier generation and recombination, p-n junction electrostatics, Schottky diodes, and subthreshold MOSFET characteristics. Targeted towards undergraduate and beginning graduate students in relevant university programs.",Electronics,UC Berkeley Academic Guide,Undergraduate
CHEM-569,Process Safety and Plant Design in Chemical Industry,"Process Safety and Plant Design in Chemical Industry. Design and hazard mitigation in chemical production facilities. Process flow diagrams (PFD), piping and instrumentation diagrams (P&ID), HAZOP safety reviews, pressure relief sizing, and capital cost estimation. Prerequisites: Completion of introductory undergraduate coursework in relevant engineering or scientific disciplines.",Chemical Engineering,Stanford Engineering Catalog,Graduate
MECH-882,Manufacturing Processes and Machining,"Manufacturing Processes and Machining. Engineering materials processing. Metal casting, bulk deformation, sheet metal forming, chip formation mechanics in turning and milling, tool wear mechanisms, and CNC machining operations. Targeted towards undergraduate and beginning graduate students in relevant university programs.",Mechanical,MIT OpenCourseWare,Undergraduate
HUMA-565,Global Economic and Civilizational History,"Global Economic and Civilizational History. Historical evolution of human societies and global trade networks. Rise and fall of ancient empires, the Enlightenment, Industrial Revolution, imperialism, and social transformations in the modern world. Prerequisites: Solid foundational coursework in the discipline and consent of the department.",Humanities,edX,Undergraduate
MATH-609,Ordinary Differential Equations and Dynamical Systems,"Ordinary Differential Equations and Dynamical Systems. Linear and nonlinear ordinary differential equations. Existence and uniqueness theorems (Picard-Lindelof), phase portrait analysis, Lyapunov stability theory, and bifurcation behavior. Targeted towards undergraduate and beginning graduate students in relevant university programs.",Mathematics,Harvard University Course Catalog,Undergraduate
BIOT-195,Immunology and Monoclonal Antibody Technology,"Immunology and Monoclonal Antibody Technology. Principles of humoral and cell-mediated immunity. Antigen recognition, antibody structure, hybridoma technology, recombinant therapeutic monoclonal antibodies, ELISA assays, and immunotherapy design. Prerequisites: Completion of introductory undergraduate coursework in relevant engineering or scientific disciplines.",Biotechnology,UC Berkeley Academic Guide,Advanced Undergraduate
CIVI-637,Environmental Fluid Mechanics and Contaminant Transport,"Environmental Fluid Mechanics and Contaminant Transport. Fluid dynamics and mass transport in aquatic environments. Advection-diffusion equation, turbulent mixing in natural rivers, groundwater pollutant migration, and hydrologic basin modeling. Targeted towards undergraduate and beginning graduate students in relevant university programs.",Civil,Harvard University Course Catalog,Graduate
HUMA-731,Cultural Anthropology and Ethnographic Inquiry,"Cultural Anthropology and Ethnographic Inquiry. Comparative study of human cultures, kinship systems, and social institutions. Ethnographic fieldwork methodologies, cultural relativism, ritual symbolic systems, and globalization impacts. Prerequisites: Completion of introductory undergraduate coursework in relevant engineering or scientific disciplines.",Humanities,UC Berkeley Academic Guide,Graduate
MECH-255,Mechanics of Deformable Solids,"Mechanics of Deformable Solids. Stress and strain tensors in structural elements. Axial loading, torsion of circular shafts, bending and shear stress distributions in beams, Mohr's circle analysis, column Euler buckling, and failure yield criteria. Prerequisites: Solid foundational coursework in the discipline and consent of the department.",Mechanical,MIT OpenCourseWare,Advanced Undergraduate
HUMA-629,Epistemology and Philosophy of Mind,"Epistemology and Philosophy of Mind. Philosophical inquiry into the nature of knowledge, truth, and mental consciousness. Rationalism vs empiricism, skeptical arguments, dualism, functionalism, intentionality, and cognitive experience. Recommended background: Prior exposure to core analytical concepts and methodological reasoning.",Humanities,MIT OpenCourseWare,Graduate
ELEC-417,Semiconductor Device Physics,"Semiconductor Device Physics. Quantum mechanical principles of semiconductor transport. Energy band structures, carrier generation and recombination, p-n junction electrostatics, Schottky diodes, and subthreshold MOSFET characteristics. Prerequisites: Upper-division undergraduate standing and permission of the instructor.",Electronics,Stanford Engineering Catalog,Undergraduate
CIVI-220,Hydraulic Engineering and Open Channel Flow,"Hydraulic Engineering and Open Channel Flow. Fluid flow in open channels and pipe networks. Manning's uniform flow equation, specific energy, hydraulic jumps, gradually varied flow profile computations, and culvert hydraulic sizing. Recommended background: Prior exposure to core analytical concepts and methodological reasoning.",Civil,edX,Undergraduate
ELEC-368,RF and Microwave Engineering,"RF and Microwave Engineering. High-frequency electromagnetic wave propagation in transmission lines and microstrips. Smith chart impedance matching, S-parameters, microwave filter design, high-frequency power amplifiers, and directional couplers. Recommended background: Prior exposure to core analytical concepts and methodological reasoning.",Electronics,edX,Graduate
MATH-574,Mathematical Foundations of Quantum Physics,"Mathematical Foundations of Quantum Physics. Rigorous functional analysis applied to quantum mechanics. Hilbert spaces, unbounded self-adjoint linear operators, spectral theorem, and mathematical formulation of observables. Recommended background: Prior exposure to core analytical concepts and methodological reasoning.",Mathematics,edX,Undergraduate
MECH-858,Kinematics and Dynamics of Mechanisms,"Kinematics and Dynamics of Mechanisms. Planar mechanism motion analysis. Four-bar linkages, velocity and acceleration polygon methods, dynamic force balancing, flywheel inertia determination, and balancing of rotating machinery. Recommended background: Prior exposure to core analytical concepts and methodological reasoning.",Mechanical,UC Berkeley Academic Guide,Undergraduate
ELEC-613,Semiconductor Device Physics,"Semiconductor Device Physics. Quantum mechanical principles of semiconductor transport. Energy band structures, carrier generation and recombination, p-n junction electrostatics, Schottky diodes, and subthreshold MOSFET characteristics. Prerequisites: Upper-division undergraduate standing and permission of the instructor.",Electronics,UC Berkeley Academic Guide,Graduate
BUSI-210,Investment Analysis and Portfolio Management,"Investment Analysis and Portfolio Management. Modern portfolio theory and capital asset pricing model (CAPM). Efficient market hypothesis, equity valuation models, fixed-income duration and convexity, hedge fund strategies, and risk metrics. Prerequisites: Upper-division undergraduate standing and permission of the instructor.",Business,Harvard University Course Catalog,Graduate
PHYS-709,Electrodynamics and Classical Field Theory,"Electrodynamics and Classical Field Theory. Maxwell's equations and relativistic electromagnetic fields. Gauge transformations, electromagnetic radiation from accelerating charges, wave guides, Poynting vector energy flow, and dipole radiation. Targeted towards undergraduate and beginning graduate students in relevant university programs.",Physics,edX,Graduate
CIVI-869,Design of Reinforced Concrete Structures,"Design of Reinforced Concrete Structures. Behavior and limit state design of reinforced concrete members. Ultimate flexural strength of beams, shear reinforcement detailing, one-way and two-way floor slabs, and axial-flexural interaction of columns. Prerequisites: Upper-division undergraduate standing and permission of the instructor.",Civil,Coursera,Undergraduate
BUSI-843,Financial Statement Analysis and Accounting,"Financial Statement Analysis and Accounting. Interpretation and construction of financial statements under GAAP and IFRS. Balance sheets, income statements, cash flow statements, revenue recognition rules, inventory costing, and ratio analysis. Recommended background: Prior exposure to core analytical concepts and methodological reasoning.",Business,Coursera,Graduate
CIVI-550,Highway Geometric Design and Planning,"Highway Geometric Design and Planning. Principles of highway engineering. Horizontal and vertical alignment curves, sight distance requirements, highway cross-sections, intersection channelization, and AASHTO geometric standards. Prerequisites: Solid foundational coursework in the discipline and consent of the department.",Civil,Harvard University Course Catalog,Undergraduate
BUSI-342,Competitive Strategy and Industry Analysis,"Competitive Strategy and Industry Analysis. Frameworks for establishing sustainable competitive advantage. Porter's Five Forces, resource-based view of the firm, value chain configuration, corporate diversification, and industry disruption. Prerequisites: Solid foundational coursework in the discipline and consent of the department.",Business,UC Berkeley Academic Guide,Advanced Undergraduate
MECH-167,Conduction and Convective Heat Transfer,"Conduction and Convective Heat Transfer. Heat transfer mechanisms in mechanical systems. Steady and transient conduction, Fourier's law, forced and natural convection boundary layers, dimensionless Nusselt numbers, and heat exchanger effectiveness (NTU method). Prerequisites: Upper-division undergraduate standing and permission of the instructor.",Mechanical,MIT OpenCourseWare,Advanced Undergraduate
ELEC-626,Digital Signal Processing Systems,"Digital Signal Processing Systems. Theory and implementation of discrete-time signals and systems. Z-transforms, discrete Fourier transform (DFT), fast Fourier transform (FFT), FIR and IIR digital filter design, and hardware DSP architectures. Prerequisites: Completion of introductory undergraduate coursework in relevant engineering or scientific disciplines.",Electronics,Harvard University Course Catalog,Graduate
CHEM-713,Chemical Reaction Engineering and Reactor Kinetics,"Chemical Reaction Engineering and Reactor Kinetics. Kinetics of homogeneous and heterogeneous chemical reactions. Ideal batch, continuous stirred-tank (CSTR), and plug flow reactors (PFR). Catalytic kinetics, non-isothermal reactor operation, and thermal runaway prevention. Recommended background: Prior exposure to core analytical concepts and methodological reasoning.",Chemical Engineering,MIT OpenCourseWare,Undergraduate
MATH-166,Partial Differential Equations in Mathematical Physics,"Partial Differential Equations in Mathematical Physics. Boundary value problems for linear partial differential equations. Heat equation, wave equation, Laplace equation, separation of variables, Fourier transform methods, and Green's functions. Prerequisites: Solid foundational coursework in the discipline and consent of the department.",Mathematics,Stanford Engineering Catalog,Advanced Undergraduate
PHYS-660,Statistical Mechanics and Thermal Physics,"Statistical Mechanics and Thermal Physics. Microscopic foundations of macroscopic thermodynamic behavior. Microcanonical, canonical, and grand canonical ensembles, Maxwell-Boltzmann statistics, Bose-Einstein condensation, and Fermi-Dirac electron gas. Recommended background: Prior exposure to core analytical concepts and methodological reasoning.",Physics,edX,Graduate
BIOT-665,Cellular Biochemistry and Metabolic Pathways,"Cellular Biochemistry and Metabolic Pathways. Structure and function of cellular macromolecules. Enzymatic biocatalysis, metabolic pathways (glycolysis, citric acid cycle, oxidative phosphorylation), bioenergetics, and allosteric enzyme regulation. Prerequisites: Completion of introductory undergraduate coursework in relevant engineering or scientific disciplines.",Biotechnology,Stanford Engineering Catalog,Undergraduate
ELEC-155,Digital Signal Processing Systems,"Digital Signal Processing Systems. Theory and implementation of discrete-time signals and systems. Z-transforms, discrete Fourier transform (DFT), fast Fourier transform (FFT), FIR and IIR digital filter design, and hardware DSP architectures. Prerequisites: Completion of introductory undergraduate coursework in relevant engineering or scientific disciplines.",Electronics,MIT OpenCourseWare,Advanced Undergraduate
HUMA-382,Critical Media Studies and Cultural Communication,"Critical Media Studies and Cultural Communication. Critical analysis of mass media institutions, digital communication networks, and popular culture. Semiotic media decoding, ideological framing, digital disinformation, and algorithmic culture. Prerequisites: Completion of introductory undergraduate coursework in relevant engineering or scientific disciplines.",Humanities,Harvard University Course Catalog,Graduate
ELEC-489,Semiconductor Device Physics,"Semiconductor Device Physics. Quantum mechanical principles of semiconductor transport. Energy band structures, carrier generation and recombination, p-n junction electrostatics, Schottky diodes, and subthreshold MOSFET characteristics. Recommended background: Prior exposure to core analytical concepts and methodological reasoning.",Electronics,UC Berkeley Academic Guide,Undergraduate
BUSI-679,Competitive Strategy and Industry Analysis,"Competitive Strategy and Industry Analysis. Frameworks for establishing sustainable competitive advantage. Porter's Five Forces, resource-based view of the firm, value chain configuration, corporate diversification, and industry disruption. Prerequisites: Upper-division undergraduate standing and permission of the instructor.",Business,Harvard University Course Catalog,Graduate
MECH-212,Viscous Fluid Dynamics,"Viscous Fluid Dynamics. Continuity, momentum, and energy conservation equations in fluid motion (Navier-Stokes equations). Incompressible viscous laminar flows, boundary layer separation, turbulent pipe flow, Moody friction diagrams, and aerodynamic drag. Prerequisites: Upper-division undergraduate standing and permission of the instructor.",Mechanical,Coursera,Graduate
MATH-124,Real Analysis and Measure Theory,"Real Analysis and Measure Theory. Rigorous mathematical analysis of Euclidean spaces. Metric topologies, compactness, sequences, Cauchy convergence, Riemann-Stieltjes integration, Lebesgue measure, and dominated convergence theorem. Targeted towards undergraduate and beginning graduate students in relevant university programs.",Mathematics,UC Berkeley Academic Guide,Graduate
PHYS-683,Quantum Mechanics and Atomic Structure,"Quantum Mechanics and Atomic Structure. Fundamental postulates of quantum mechanics. Wave-particle duality, Schrodinger wave equation, square wells, quantum harmonic oscillator, angular momentum operators, and hydrogen atom quantum states. Targeted towards undergraduate and beginning graduate students in relevant university programs.",Physics,MIT OpenCourseWare,Undergraduate
CHEM-286,Biochemical Processing and Enzyme Reactors,"Biochemical Processing and Enzyme Reactors. Application of reaction engineering principles to biological catalysts. Michaelis-Menten kinetics in CSTRs, aeration mass transfer in fermenters, and downstream recovery of bio-products. Prerequisites: Solid foundational coursework in the discipline and consent of the department.",Chemical Engineering,MIT OpenCourseWare,Graduate
COMP-530,Principles of Cybersecurity and Cryptography,"Principles of Cybersecurity and Cryptography. Foundations of computer systems security. Cryptographic primitives, symmetric and asymmetric ciphers, public-key infrastructure, memory exploit defenses, buffer overflows, and zero-trust security architectures. Targeted towards undergraduate and beginning graduate students in relevant university programs.",Computer Science,UC Berkeley Academic Guide,Graduate
HUMA-859,Cultural Anthropology and Ethnographic Inquiry,"Cultural Anthropology and Ethnographic Inquiry. Comparative study of human cultures, kinship systems, and social institutions. Ethnographic fieldwork methodologies, cultural relativism, ritual symbolic systems, and globalization impacts. Prerequisites: Solid foundational coursework in the discipline and consent of the department.",Humanities,edX,Undergraduate
HUMA-834,Critical Media Studies and Cultural Communication,"Critical Media Studies and Cultural Communication. Critical analysis of mass media institutions, digital communication networks, and popular culture. Semiotic media decoding, ideological framing, digital disinformation, and algorithmic culture. Recommended background: Prior exposure to core analytical concepts and methodological reasoning.",Humanities,UC Berkeley Academic Guide,Graduate
PHYS-427,Solid State and Condensed Matter Physics,"Solid State and Condensed Matter Physics. Electronic and crystal structure of solids. Bravais crystal lattices, X-ray Bragg diffraction, phonon vibrations, Bloch's theorem, energy band dispersion, and semiconductor electrical conduction. Targeted towards undergraduate and beginning graduate students in relevant university programs.",Physics,Harvard University Course Catalog,Graduate
PHYS-130,Quantum Mechanics and Atomic Structure,"Quantum Mechanics and Atomic Structure. Fundamental postulates of quantum mechanics. Wave-particle duality, Schrodinger wave equation, square wells, quantum harmonic oscillator, angular momentum operators, and hydrogen atom quantum states. Prerequisites: Solid foundational coursework in the discipline and consent of the department.",Physics,Coursera,Undergraduate
MECH-268,Classical Applied Thermodynamics,"Classical Applied Thermodynamics. Fundamental thermodynamic principles for engineering systems. First and second laws, closed and control volume energy balance, entropy generation, exergy analysis, vapor power Rankine cycles, and gas turbine Brayton cycles. Targeted towards undergraduate and beginning graduate students in relevant university programs.",Mechanical,Stanford Engineering Catalog,Advanced Undergraduate
PHYS-275,Statistical Mechanics and Thermal Physics,"Statistical Mechanics and Thermal Physics. Microscopic foundations of macroscopic thermodynamic behavior. Microcanonical, canonical, and grand canonical ensembles, Maxwell-Boltzmann statistics, Bose-Einstein condensation, and Fermi-Dirac electron gas. Prerequisites: Upper-division undergraduate standing and permission of the instructor.",Physics,MIT OpenCourseWare,Undergraduate
HUMA-355,Philosophy of Artificial Intelligence and Mind,"Philosophy of Artificial Intelligence and Mind. Philosophical implications of computational machine intelligence. The Turing Test, Searle's Chinese Room argument, machine consciousness, ethics of autonomous algorithms, and the nature of human cognition. Targeted towards undergraduate and beginning graduate students in relevant university programs.",Humanities,Coursera,Undergraduate
CHEM-184,Polymer Reaction Engineering and Processing,"Polymer Reaction Engineering and Processing. Polymerization kinetics and processing techniques. Step-growth and chain-growth polymerization, molecular weight distribution modeling, rheology of non-Newtonian polymer melts, and extrusion molding. Prerequisites: Completion of introductory undergraduate coursework in relevant engineering or scientific disciplines.",Chemical Engineering,UC Berkeley Academic Guide,Undergraduate
BIOT-494,Industrial Microbiology and Downstream Processing,"Industrial Microbiology and Downstream Processing. Production of pharmaceuticals and industrial metabolites using microbes. Secondary metabolite biosynthesis, cell disruption techniques, centrifugation, ultrafiltration, and preparative chromatography. Prerequisites: Solid foundational coursework in the discipline and consent of the department.",Biotechnology,MIT OpenCourseWare,Undergraduate
HUMA-286,Critical Media Studies and Cultural Communication,"Critical Media Studies and Cultural Communication. Critical analysis of mass media institutions, digital communication networks, and popular culture. Semiotic media decoding, ideological framing, digital disinformation, and algorithmic culture. Prerequisites: Upper-division undergraduate standing and permission of the instructor.",Humanities,Harvard University Course Catalog,Advanced Undergraduate
HUMA-492,Cognitive Linguistics and Semantic Structures,"Cognitive Linguistics and Semantic Structures. Scientific study of human language and mental grammars. Phonology, morphological derivation, Chomskyan transformational syntax, cognitive semantics, pragmatic context, and sociolinguistics. Recommended background: Prior exposure to core analytical concepts and methodological reasoning.",Humanities,MIT OpenCourseWare,Advanced Undergraduate
HUMA-283,Epistemology and Philosophy of Mind,"Epistemology and Philosophy of Mind. Philosophical inquiry into the nature of knowledge, truth, and mental consciousness. Rationalism vs empiricism, skeptical arguments, dualism, functionalism, intentionality, and cognitive experience. Recommended background: Prior exposure to core analytical concepts and methodological reasoning.",Humanities,MIT OpenCourseWare,Advanced Undergraduate
MATH-598,Probability Theory and Mathematical Statistics,"Probability Theory and Mathematical Statistics. Measure-theoretic probability foundations. Random variables, characteristic functions, laws of large numbers, central limit theorem, and maximum likelihood statistical estimation. Prerequisites: Solid foundational coursework in the discipline and consent of the department.",Mathematics,UC Berkeley Academic Guide,Graduate
MATH-390,Advanced Linear Algebra and Vector Spaces,"Advanced Linear Algebra and Vector Spaces. Vector spaces over arbitrary fields. Linear transformations, dual spaces, spectral theorem for normal operators, Jordan canonical forms, minimal polynomials, and inner product geometry. Prerequisites: Upper-division undergraduate standing and permission of the instructor.",Mathematics,edX,Graduate
BIOT-766,Bioinformatics Pipeline Engineering and Transcriptomics,"Bioinformatics Pipeline Engineering and Transcriptomics. High-throughput computational pipeline design for next-generation RNA sequencing data. Statistical differential expression, variant calling algorithms, and cloud genomic workflows. Recommended background: Prior exposure to core analytical concepts and methodological reasoning.",Biotechnology,Stanford Engineering Catalog,Advanced Undergraduate
ELEC-871,RF and Microwave Engineering,"RF and Microwave Engineering. High-frequency electromagnetic wave propagation in transmission lines and microstrips. Smith chart impedance matching, S-parameters, microwave filter design, high-frequency power amplifiers, and directional couplers. Prerequisites: Completion of introductory undergraduate coursework in relevant engineering or scientific disciplines.",Electronics,Harvard University Course Catalog,Advanced Undergraduate
CHEM-321,Chemical Process Dynamics and Automated Control,"Chemical Process Dynamics and Automated Control. Mathematical modeling of dynamic chemical processes. Laplace transforms, transfer functions, feedback PID controller tuning, feedback-feedforward control, frequency response analysis, and process stability limits. Recommended background: Prior exposure to core analytical concepts and methodological reasoning.",Chemical Engineering,Coursera,Graduate
BIOT-752,Bioprocess Engineering and Microbial Fermentation,"Bioprocess Engineering and Microbial Fermentation. Engineering principles of microbial cell cultivation. Stoichiometry of cell growth, batch and fed-batch fermentation kinetics, oxygen mass transfer rate (kLa), bioreactor scale-up, and continuous bioprocessing. Prerequisites: Completion of introductory undergraduate coursework in relevant engineering or scientific disciplines.",Biotechnology,UC Berkeley Academic Guide,Advanced Undergraduate
BIOT-143,Bioprocess Engineering and Microbial Fermentation,"Bioprocess Engineering and Microbial Fermentation. Engineering principles of microbial cell cultivation. Stoichiometry of cell growth, batch and fed-batch fermentation kinetics, oxygen mass transfer rate (kLa), bioreactor scale-up, and continuous bioprocessing. Prerequisites: Completion of introductory undergraduate coursework in relevant engineering or scientific disciplines.",Biotechnology,UC Berkeley Academic Guide,Graduate
PHYS-640,Laser Physics and Modern Quantum Optics,"Laser Physics and Modern Quantum Optics. Physics of coherent optical radiation. Spontaneous and stimulated emission, population inversion, optical resonators, laser cavity modes, photon quantization, and nonlinear optical effects. Prerequisites: Upper-division undergraduate standing and permission of the instructor.",Physics,Coursera,Advanced Undergraduate
CHEM-175,Mass Transfer Operations and Separation Processes,"Mass Transfer Operations and Separation Processes. Equilibrium stage and rate-based separation processes. Multicomponent distillation column design, liquid-liquid extraction, gas absorption columns, membrane separations, and McCabe-Thiele stage calculations. Recommended background: Prior exposure to core analytical concepts and methodological reasoning.",Chemical Engineering,UC Berkeley Academic Guide,Graduate
CIVI-835,Hydraulic Engineering and Open Channel Flow,"Hydraulic Engineering and Open Channel Flow. Fluid flow in open channels and pipe networks. Manning's uniform flow equation, specific energy, hydraulic jumps, gradually varied flow profile computations, and culvert hydraulic sizing. Prerequisites: Solid foundational coursework in the discipline and consent of the department.",Civil,edX,Undergraduate
MATH-294,Mathematical Foundations of Quantum Physics,"Mathematical Foundations of Quantum Physics. Rigorous functional analysis applied to quantum mechanics. Hilbert spaces, unbounded self-adjoint linear operators, spectral theorem, and mathematical formulation of observables. Prerequisites: Completion of introductory undergraduate coursework in relevant engineering or scientific disciplines.",Mathematics,MIT OpenCourseWare,Undergraduate
CHEM-238,Polymer Reaction Engineering and Processing,"Polymer Reaction Engineering and Processing. Polymerization kinetics and processing techniques. Step-growth and chain-growth polymerization, molecular weight distribution modeling, rheology of non-Newtonian polymer melts, and extrusion molding. Prerequisites: Solid foundational coursework in the discipline and consent of the department.",Chemical Engineering,edX,Advanced Undergraduate
BUSI-848,Strategic Marketing and Brand Positioning,"Strategic Marketing and Brand Positioning. Core marketing management frameworks. Market segmentation, targeting, and brand positioning (STP), customer lifetime value, pricing strategies, promotional channels, and brand equity development. Prerequisites: Upper-division undergraduate standing and permission of the instructor.",Business,Harvard University Course Catalog,Graduate
CHEM-581,Chemical Engineering Thermodynamics and Phase Equilibria,"Chemical Engineering Thermodynamics and Phase Equilibria. Thermodynamics of multicomponent fluid mixtures. Equations of state (Peng-Robinson), chemical potentials, fugacity coefficients, activity coefficient models (NRTL, UNIQUAC), and vapor-liquid equilibria (VLE). Prerequisites: Upper-division undergraduate standing and permission of the instructor.",Chemical Engineering,edX,Graduate
ELEC-742,Microprocessor Hardware and Interfacing,"Microprocessor Hardware and Interfacing. Architecture of 32-bit RISC microcontrollers. Instruction pipelines, memory hierarchies, cache organization, bus protocols, interrupt controllers, timer peripherals, SPI/I2C interfaces, and low-level firmware integration. Targeted towards undergraduate and beginning graduate students in relevant university programs.",Electronics,Harvard University Course Catalog,Advanced Undergraduate
BIOT-172,Bioinformatics Pipeline Engineering and Transcriptomics,"Bioinformatics Pipeline Engineering and Transcriptomics. High-throughput computational pipeline design for next-generation RNA sequencing data. Statistical differential expression, variant calling algorithms, and cloud genomic workflows. Recommended background: Prior exposure to core analytical concepts and methodological reasoning.",Biotechnology,Coursera,Undergraduate
MATH-251,Partial Differential Equations in Mathematical Physics,"Partial Differential Equations in Mathematical Physics. Boundary value problems for linear partial differential equations. Heat equation, wave equation, Laplace equation, separation of variables, Fourier transform methods, and Green's functions. Prerequisites: Solid foundational coursework in the discipline and consent of the department.",Mathematics,Stanford Engineering Catalog,Undergraduate
PHYS-301,Quantum Mechanics and Atomic Structure,"Quantum Mechanics and Atomic Structure. Fundamental postulates of quantum mechanics. Wave-particle duality, Schrodinger wave equation, square wells, quantum harmonic oscillator, angular momentum operators, and hydrogen atom quantum states. Prerequisites: Upper-division undergraduate standing and permission of the instructor.",Physics,Stanford Engineering Catalog,Undergraduate
BUSI-568,Financial Statement Analysis and Accounting,"Financial Statement Analysis and Accounting. Interpretation and construction of financial statements under GAAP and IFRS. Balance sheets, income statements, cash flow statements, revenue recognition rules, inventory costing, and ratio analysis. Targeted towards undergraduate and beginning graduate students in relevant university programs.",Business,UC Berkeley Academic Guide,Undergraduate
MECH-497,Conduction and Convective Heat Transfer,"Conduction and Convective Heat Transfer. Heat transfer mechanisms in mechanical systems. Steady and transient conduction, Fourier's law, forced and natural convection boundary layers, dimensionless Nusselt numbers, and heat exchanger effectiveness (NTU method). Prerequisites: Upper-division undergraduate standing and permission of the instructor.",Mechanical,UC Berkeley Academic Guide,Advanced Undergraduate
MECH-208,Mechanical Vibrations and Modal Analysis,"Mechanical Vibrations and Modal Analysis. Vibration analysis of single and multi-degree-of-freedom mechanical systems. Harmonic excitation, resonance response, vibration isolation dampers, continuous beam vibration, and modal extraction. Targeted towards undergraduate and beginning graduate students in relevant university programs.",Mechanical,UC Berkeley Academic Guide,Graduate
PHYS-769,Statistical Mechanics and Thermal Physics,"Statistical Mechanics and Thermal Physics. Microscopic foundations of macroscopic thermodynamic behavior. Microcanonical, canonical, and grand canonical ensembles, Maxwell-Boltzmann statistics, Bose-Einstein condensation, and Fermi-Dirac electron gas. Prerequisites: Completion of introductory undergraduate coursework in relevant engineering or scientific disciplines.",Physics,Coursera,Advanced Undergraduate
CIVI-657,Environmental Water Treatment Engineering,"Environmental Water Treatment Engineering. Physical, chemical, and biological unit operations for municipal water purification. Coagulation, flocculation, rapid sand filtration, chlorination disinfection, and activated sludge wastewater treatment. Prerequisites: Solid foundational coursework in the discipline and consent of the department.",Civil,UC Berkeley Academic Guide,Advanced Undergraduate
MECH-390,Viscous Fluid Dynamics,"Viscous Fluid Dynamics. Continuity, momentum, and energy conservation equations in fluid motion (Navier-Stokes equations). Incompressible viscous laminar flows, boundary layer separation, turbulent pipe flow, Moody friction diagrams, and aerodynamic drag. Recommended background: Prior exposure to core analytical concepts and methodological reasoning.",Mechanical,MIT OpenCourseWare,Undergraduate
MECH-381,Mechanics of Deformable Solids,"Mechanics of Deformable Solids. Stress and strain tensors in structural elements. Axial loading, torsion of circular shafts, bending and shear stress distributions in beams, Mohr's circle analysis, column Euler buckling, and failure yield criteria. Targeted towards undergraduate and beginning graduate students in relevant university programs.",Mechanical,edX,Advanced Undergraduate
COMP-218,Principles of Cybersecurity and Cryptography,"Principles of Cybersecurity and Cryptography. Foundations of computer systems security. Cryptographic primitives, symmetric and asymmetric ciphers, public-key infrastructure, memory exploit defenses, buffer overflows, and zero-trust security architectures. Prerequisites: Completion of introductory undergraduate coursework in relevant engineering or scientific disciplines.",Computer Science,UC Berkeley Academic Guide,Undergraduate
CHEM-477,Process Safety and Plant Design in Chemical Industry,"Process Safety and Plant Design in Chemical Industry. Design and hazard mitigation in chemical production facilities. Process flow diagrams (PFD), piping and instrumentation diagrams (P&ID), HAZOP safety reviews, pressure relief sizing, and capital cost estimation. Prerequisites: Upper-division undergraduate standing and permission of the instructor.",Chemical Engineering,Stanford Engineering Catalog,Advanced Undergraduate
MATH-369,Partial Differential Equations in Mathematical Physics,"Partial Differential Equations in Mathematical Physics. Boundary value problems for linear partial differential equations. Heat equation, wave equation, Laplace equation, separation of variables, Fourier transform methods, and Green's functions. Recommended background: Prior exposure to core analytical concepts and methodological reasoning.",Mathematics,Coursera,Graduate
BUSI-137,"Business Ethics, Corporate Responsibility and Human Values","Business Ethics, Corporate Responsibility and Human Values. Ethical decision-making frameworks for corporate executives. Moral philosophy applied to capitalism, stakeholder rights, environmental sustainability (ESG), and cross-cultural business ethics. Prerequisites: Upper-division undergraduate standing and permission of the instructor.",Business,Harvard University Course Catalog,Graduate
CIVI-165,Geotechnical Soil Mechanics,"Geotechnical Soil Mechanics. Fundamental physical and engineering properties of soils. Soil classification, Darcy's permeability law, 1D Terzaghi consolidation theory, effective stress, and Mohr-Coulomb shear strength criteria. Prerequisites: Completion of introductory undergraduate coursework in relevant engineering or scientific disciplines.",Civil,edX,Advanced Undergraduate
PHYS-805,Classical Mechanics and Lagrangian Dynamics,"Classical Mechanics and Lagrangian Dynamics. Advanced formulation of classical mechanics. Variational principles, Euler-Lagrange equations of motion, generalized coordinates, conservation laws, central force planetary motion, and Hamiltonian mechanics. Prerequisites: Solid foundational coursework in the discipline and consent of the department.",Physics,MIT OpenCourseWare,Advanced Undergraduate
BUSI-449,Financial Statement Analysis and Accounting,"Financial Statement Analysis and Accounting. Interpretation and construction of financial statements under GAAP and IFRS. Balance sheets, income statements, cash flow statements, revenue recognition rules, inventory costing, and ratio analysis. Targeted towards undergraduate and beginning graduate students in relevant university programs.",Business,Coursera,Graduate
BUSI-888,Competitive Strategy and Industry Analysis,"Competitive Strategy and Industry Analysis. Frameworks for establishing sustainable competitive advantage. Porter's Five Forces, resource-based view of the firm, value chain configuration, corporate diversification, and industry disruption. Prerequisites: Upper-division undergraduate standing and permission of the instructor.",Business,Stanford Engineering Catalog,Graduate
BUSI-159,Financial Statement Analysis and Accounting,"Financial Statement Analysis and Accounting. Interpretation and construction of financial statements under GAAP and IFRS. Balance sheets, income statements, cash flow statements, revenue recognition rules, inventory costing, and ratio analysis. Prerequisites: Completion of introductory undergraduate coursework in relevant engineering or scientific disciplines.",Business,UC Berkeley Academic Guide,Graduate
PHYS-482,Quantum Information Theory and Quantum Gates,"Quantum Information Theory and Quantum Gates. Physics of quantum computing architectures. Qubits, superposition states, quantum entanglement, unitary quantum logic gates, decoherence models, and quantum error-correcting codes. Prerequisites: Solid foundational coursework in the discipline and consent of the department.",Physics,Harvard University Course Catalog,Undergraduate
CIVI-462,Environmental Water Treatment Engineering,"Environmental Water Treatment Engineering. Physical, chemical, and biological unit operations for municipal water purification. Coagulation, flocculation, rapid sand filtration, chlorination disinfection, and activated sludge wastewater treatment. Prerequisites: Solid foundational coursework in the discipline and consent of the department.",Civil,UC Berkeley Academic Guide,Graduate
PHYS-298,General Relativity and Gravitational Physics,"General Relativity and Gravitational Physics. Geometric theory of gravitation. Tensor calculus on Riemannian manifolds, Einstein field equations, geodesic motion in curved spacetime, Schwarzschild black holes, and gravitational waves. Prerequisites: Completion of introductory undergraduate coursework in relevant engineering or scientific disciplines.",Physics,edX,Undergraduate
MATH-783,Probability Theory and Mathematical Statistics,"Probability Theory and Mathematical Statistics. Measure-theoretic probability foundations. Random variables, characteristic functions, laws of large numbers, central limit theorem, and maximum likelihood statistical estimation. Recommended background: Prior exposure to core analytical concepts and methodological reasoning.",Mathematics,UC Berkeley Academic Guide,Advanced Undergraduate
BUSI-283,Investment Analysis and Portfolio Management,"Investment Analysis and Portfolio Management. Modern portfolio theory and capital asset pricing model (CAPM). Efficient market hypothesis, equity valuation models, fixed-income duration and convexity, hedge fund strategies, and risk metrics. Prerequisites: Upper-division undergraduate standing and permission of the instructor.",Business,Coursera,Graduate
PHYS-386,Quantum Information Theory and Quantum Gates,"Quantum Information Theory and Quantum Gates. Physics of quantum computing architectures. Qubits, superposition states, quantum entanglement, unitary quantum logic gates, decoherence models, and quantum error-correcting codes. Targeted towards undergraduate and beginning graduate students in relevant university programs.",Physics,Stanford Engineering Catalog,Undergraduate
ELEC-706,RF and Microwave Engineering,"RF and Microwave Engineering. High-frequency electromagnetic wave propagation in transmission lines and microstrips. Smith chart impedance matching, S-parameters, microwave filter design, high-frequency power amplifiers, and directional couplers. Targeted towards undergraduate and beginning graduate students in relevant university programs.",Electronics,MIT OpenCourseWare,Advanced Undergraduate
MATH-583,Ordinary Differential Equations and Dynamical Systems,"Ordinary Differential Equations and Dynamical Systems. Linear and nonlinear ordinary differential equations. Existence and uniqueness theorems (Picard-Lindelof), phase portrait analysis, Lyapunov stability theory, and bifurcation behavior. Targeted towards undergraduate and beginning graduate students in relevant university programs.",Mathematics,edX,Graduate
MECH-102,Mechanical Elements Machine Design,"Mechanical Elements Machine Design. Design principles for mechanical machine components. Fatigue loading life calculation, hydrodynamic journal bearings, spur and helical gear rating, bolted joint preload, compression springs, clutches, and brakes. Prerequisites: Upper-division undergraduate standing and permission of the instructor.",Mechanical,Harvard University Course Catalog,Advanced Undergraduate
ELEC-807,Microprocessor Hardware and Interfacing,"Microprocessor Hardware and Interfacing. Architecture of 32-bit RISC microcontrollers. Instruction pipelines, memory hierarchies, cache organization, bus protocols, interrupt controllers, timer peripherals, SPI/I2C interfaces, and low-level firmware integration. Recommended background: Prior exposure to core analytical concepts and methodological reasoning.",Electronics,Stanford Engineering Catalog,Advanced Undergraduate
HUMA-452,World Literature and Comparative Literary Theory,"World Literature and Comparative Literary Theory. Critical analysis of global literary masterpieces across historical epochs. Textual hermeneutics, narrative theory, post-colonial literary critique, modernism, and thematic representations of human identity. Prerequisites: Upper-division undergraduate standing and permission of the instructor.",Humanities,edX,Advanced Undergraduate
COMP-845,Design and Analysis of Algorithms,"Design and Analysis of Algorithms. Fundamental algorithmic design paradigms including divide-and-conquer, greedy optimization, dynamic programming, network flow algorithms, and graph traversals. Worst-case amortized time analysis and NP-completeness reductions are rigorously studied. Prerequisites: Upper-division undergraduate standing and permission of the instructor.",Computer Science,Harvard University Course Catalog,Graduate
PHYS-224,Laser Physics and Modern Quantum Optics,"Laser Physics and Modern Quantum Optics. Physics of coherent optical radiation. Spontaneous and stimulated emission, population inversion, optical resonators, laser cavity modes, photon quantization, and nonlinear optical effects. Prerequisites: Solid foundational coursework in the discipline and consent of the department.",Physics,UC Berkeley Academic Guide,Advanced Undergraduate
BIOT-250,Immunology and Monoclonal Antibody Technology,"Immunology and Monoclonal Antibody Technology. Principles of humoral and cell-mediated immunity. Antigen recognition, antibody structure, hybridoma technology, recombinant therapeutic monoclonal antibodies, ELISA assays, and immunotherapy design. Prerequisites: Solid foundational coursework in the discipline and consent of the department.",Biotechnology,Harvard University Course Catalog,Graduate
HUMA-730,Epistemology and Philosophy of Mind,"Epistemology and Philosophy of Mind. Philosophical inquiry into the nature of knowledge, truth, and mental consciousness. Rationalism vs empiricism, skeptical arguments, dualism, functionalism, intentionality, and cognitive experience. Prerequisites: Completion of introductory undergraduate coursework in relevant engineering or scientific disciplines.",Humanities,edX,Graduate
BIOT-743,Cellular Biochemistry and Metabolic Pathways,"Cellular Biochemistry and Metabolic Pathways. Structure and function of cellular macromolecules. Enzymatic biocatalysis, metabolic pathways (glycolysis, citric acid cycle, oxidative phosphorylation), bioenergetics, and allosteric enzyme regulation. Prerequisites: Solid foundational coursework in the discipline and consent of the department.",Biotechnology,UC Berkeley Academic Guide,Undergraduate
COMP-405,Distributed Cloud Systems Architecture,"Distributed Cloud Systems Architecture. Architectural principles of fault-tolerant distributed systems. Consensus algorithms (Paxos, Raft), replication consistency models, remote procedure calls (RPC), distributed key-value stores, and cloud microservices. Prerequisites: Upper-division undergraduate standing and permission of the instructor.",Computer Science,UC Berkeley Academic Guide,Advanced Undergraduate
BIOT-304,Industrial Microbiology and Downstream Processing,"Industrial Microbiology and Downstream Processing. Production of pharmaceuticals and industrial metabolites using microbes. Secondary metabolite biosynthesis, cell disruption techniques, centrifugation, ultrafiltration, and preparative chromatography. Prerequisites: Solid foundational coursework in the discipline and consent of the department.",Biotechnology,Stanford Engineering Catalog,Graduate
CIVI-687,Hydraulic Engineering and Open Channel Flow,"Hydraulic Engineering and Open Channel Flow. Fluid flow in open channels and pipe networks. Manning's uniform flow equation, specific energy, hydraulic jumps, gradually varied flow profile computations, and culvert hydraulic sizing. Recommended background: Prior exposure to core analytical concepts and methodological reasoning.",Civil,Stanford Engineering Catalog,Undergraduate
PHYS-101,Quantum Mechanics and Atomic Structure,"Quantum Mechanics and Atomic Structure. Fundamental postulates of quantum mechanics. Wave-particle duality, Schrodinger wave equation, square wells, quantum harmonic oscillator, angular momentum operators, and hydrogen atom quantum states. Prerequisites: Solid foundational coursework in the discipline and consent of the department.",Physics,Coursera,Graduate
MECH-446,Classical Applied Thermodynamics,"Classical Applied Thermodynamics. Fundamental thermodynamic principles for engineering systems. First and second laws, closed and control volume energy balance, entropy generation, exergy analysis, vapor power Rankine cycles, and gas turbine Brayton cycles. Prerequisites: Upper-division undergraduate standing and permission of the instructor.",Mechanical,edX,Advanced Undergraduate
HUMA-434,Cognitive Linguistics and Semantic Structures,"Cognitive Linguistics and Semantic Structures. Scientific study of human language and mental grammars. Phonology, morphological derivation, Chomskyan transformational syntax, cognitive semantics, pragmatic context, and sociolinguistics. Recommended background: Prior exposure to core analytical concepts and methodological reasoning.",Humanities,UC Berkeley Academic Guide,Advanced Undergraduate
CHEM-319,Mass Transfer Operations and Separation Processes,"Mass Transfer Operations and Separation Processes. Equilibrium stage and rate-based separation processes. Multicomponent distillation column design, liquid-liquid extraction, gas absorption columns, membrane separations, and McCabe-Thiele stage calculations. Prerequisites: Upper-division undergraduate standing and permission of the instructor.",Chemical Engineering,MIT OpenCourseWare,Advanced Undergraduate
COMP-549,Computer Networks and Internet Protocols,"Computer Networks and Internet Protocols. Architecture and layered protocols of internet systems. TCP flow and congestion control, BGP routing protocols, packet switching, DNS resolution, transport layer security (TLS), and software-defined networking. Prerequisites: Solid foundational coursework in the discipline and consent of the department.",Computer Science,Harvard University Course Catalog,Advanced Undergraduate
ELEC-730,RF and Microwave Engineering,"RF and Microwave Engineering. High-frequency electromagnetic wave propagation in transmission lines and microstrips. Smith chart impedance matching, S-parameters, microwave filter design, high-frequency power amplifiers, and directional couplers. Targeted towards undergraduate and beginning graduate students in relevant university programs.",Electronics,UC Berkeley Academic Guide,Undergraduate
PHYS-480,Classical Mechanics and Lagrangian Dynamics,"Classical Mechanics and Lagrangian Dynamics. Advanced formulation of classical mechanics. Variational principles, Euler-Lagrange equations of motion, generalized coordinates, conservation laws, central force planetary motion, and Hamiltonian mechanics. Prerequisites: Upper-division undergraduate standing and permission of the instructor.",Physics,edX,Undergraduate
PHYS-366,Quantum Information Theory and Quantum Gates,"Quantum Information Theory and Quantum Gates. Physics of quantum computing architectures. Qubits, superposition states, quantum entanglement, unitary quantum logic gates, decoherence models, and quantum error-correcting codes. Prerequisites: Completion of introductory undergraduate coursework in relevant engineering or scientific disciplines.",Physics,Stanford Engineering Catalog,Undergraduate
CHEM-199,Mass Transfer Operations and Separation Processes,"Mass Transfer Operations and Separation Processes. Equilibrium stage and rate-based separation processes. Multicomponent distillation column design, liquid-liquid extraction, gas absorption columns, membrane separations, and McCabe-Thiele stage calculations. Prerequisites: Completion of introductory undergraduate coursework in relevant engineering or scientific disciplines.",Chemical Engineering,Harvard University Course Catalog,Undergraduate
PHYS-744,Solid State and Condensed Matter Physics,"Solid State and Condensed Matter Physics. Electronic and crystal structure of solids. Bravais crystal lattices, X-ray Bragg diffraction, phonon vibrations, Bloch's theorem, energy band dispersion, and semiconductor electrical conduction. Prerequisites: Solid foundational coursework in the discipline and consent of the department.",Physics,edX,Graduate
MATH-520,Real Analysis and Measure Theory,"Real Analysis and Measure Theory. Rigorous mathematical analysis of Euclidean spaces. Metric topologies, compactness, sequences, Cauchy convergence, Riemann-Stieltjes integration, Lebesgue measure, and dominated convergence theorem. Recommended background: Prior exposure to core analytical concepts and methodological reasoning.",Mathematics,Harvard University Course Catalog,Advanced Undergraduate
ELEC-822,RF and Microwave Engineering,"RF and Microwave Engineering. High-frequency electromagnetic wave propagation in transmission lines and microstrips. Smith chart impedance matching, S-parameters, microwave filter design, high-frequency power amplifiers, and directional couplers. Recommended background: Prior exposure to core analytical concepts and methodological reasoning.",Electronics,Coursera,Graduate
BUSI-262,Strategic Marketing and Brand Positioning,"Strategic Marketing and Brand Positioning. Core marketing management frameworks. Market segmentation, targeting, and brand positioning (STP), customer lifetime value, pricing strategies, promotional channels, and brand equity development. Targeted towards undergraduate and beginning graduate students in relevant university programs.",Business,MIT OpenCourseWare,Advanced Undergraduate
COMP-510,Computational Biology and Genome Informatics,"Computational Biology and Genome Informatics. Algorithm development for biological big data. Sequence alignment algorithms, phylogenetic tree clustering, genome assembly heuristics, and neural network models for protein folding. Prerequisites: Solid foundational coursework in the discipline and consent of the department.",Computer Science,Coursera,Undergraduate
CHEM-553,Mass Transfer Operations and Separation Processes,"Mass Transfer Operations and Separation Processes. Equilibrium stage and rate-based separation processes. Multicomponent distillation column design, liquid-liquid extraction, gas absorption columns, membrane separations, and McCabe-Thiele stage calculations. Targeted towards undergraduate and beginning graduate students in relevant university programs.",Chemical Engineering,Harvard University Course Catalog,Undergraduate
CHEM-566,Transport Phenomena in Chemical Systems,"Transport Phenomena in Chemical Systems. Unified treatment of momentum, heat, and mass transport. Shell balances, Navier-Stokes equations, thermal conduction/convection, Fick's law of molecular diffusion, and mass transfer coefficients in boundary layers. Targeted towards undergraduate and beginning graduate students in relevant university programs.",Chemical Engineering,MIT OpenCourseWare,Advanced Undergraduate
HUMA-882,Epistemology and Philosophy of Mind,"Epistemology and Philosophy of Mind. Philosophical inquiry into the nature of knowledge, truth, and mental consciousness. Rationalism vs empiricism, skeptical arguments, dualism, functionalism, intentionality, and cognitive experience. Prerequisites: Solid foundational coursework in the discipline and consent of the department.",Humanities,UC Berkeley Academic Guide,Graduate
COMP-694,Design and Analysis of Algorithms,"Design and Analysis of Algorithms. Fundamental algorithmic design paradigms including divide-and-conquer, greedy optimization, dynamic programming, network flow algorithms, and graph traversals. Worst-case amortized time analysis and NP-completeness reductions are rigorously studied. Prerequisites: Solid foundational coursework in the discipline and consent of the department.",Computer Science,Harvard University Course Catalog,Graduate
MECH-330,Mechanical Vibrations and Modal Analysis,"Mechanical Vibrations and Modal Analysis. Vibration analysis of single and multi-degree-of-freedom mechanical systems. Harmonic excitation, resonance response, vibration isolation dampers, continuous beam vibration, and modal extraction. Recommended background: Prior exposure to core analytical concepts and methodological reasoning.",Mechanical,edX,Undergraduate
MATH-875,Partial Differential Equations in Mathematical Physics,"Partial Differential Equations in Mathematical Physics. Boundary value problems for linear partial differential equations. Heat equation, wave equation, Laplace equation, separation of variables, Fourier transform methods, and Green's functions. Prerequisites: Upper-division undergraduate standing and permission of the instructor.",Mathematics,Harvard University Course Catalog,Advanced Undergraduate
BUSI-830,Operations and Global Supply Chain Management,"Operations and Global Supply Chain Management. Design and control of operational supply chains. Process bottleneck analysis, Little's Law, aggregate production planning, economic order quantity (EOQ), safety stock, and lean manufacturing. Recommended background: Prior exposure to core analytical concepts and methodological reasoning.",Business,UC Berkeley Academic Guide,Advanced Undergraduate
BIOT-863,Bioinformatics and Computational Genomics,"Bioinformatics and Computational Genomics. Computational methods for analyzing biological sequence data. Pairwise and multiple sequence alignment (BLAST), hidden Markov models, genome assembly, phylogenetic trees, and protein structural modeling. Prerequisites: Upper-division undergraduate standing and permission of the instructor.",Biotechnology,MIT OpenCourseWare,Graduate
COMP-691,Computer Networks and Internet Protocols,"Computer Networks and Internet Protocols. Architecture and layered protocols of internet systems. TCP flow and congestion control, BGP routing protocols, packet switching, DNS resolution, transport layer security (TLS), and software-defined networking. Recommended background: Prior exposure to core analytical concepts and methodological reasoning.",Computer Science,MIT OpenCourseWare,Undergraduate
CHEM-214,Chemical Engineering Thermodynamics and Phase Equilibria,"Chemical Engineering Thermodynamics and Phase Equilibria. Thermodynamics of multicomponent fluid mixtures. Equations of state (Peng-Robinson), chemical potentials, fugacity coefficients, activity coefficient models (NRTL, UNIQUAC), and vapor-liquid equilibria (VLE). Recommended background: Prior exposure to core analytical concepts and methodological reasoning.",Chemical Engineering,Coursera,Graduate
COMP-509,Distributed Cloud Systems Architecture,"Distributed Cloud Systems Architecture. Architectural principles of fault-tolerant distributed systems. Consensus algorithms (Paxos, Raft), replication consistency models, remote procedure calls (RPC), distributed key-value stores, and cloud microservices. Prerequisites: Solid foundational coursework in the discipline and consent of the department.",Computer Science,Stanford Engineering Catalog,Graduate
MECH-420,Mechanical Elements Machine Design,"Mechanical Elements Machine Design. Design principles for mechanical machine components. Fatigue loading life calculation, hydrodynamic journal bearings, spur and helical gear rating, bolted joint preload, compression springs, clutches, and brakes. Prerequisites: Completion of introductory undergraduate coursework in relevant engineering or scientific disciplines.",Mechanical,edX,Advanced Undergraduate
CIVI-431,Foundation Engineering and Deep Foundations,"Foundation Engineering and Deep Foundations. Geotechnical design of substructures. Ultimate bearing capacity of shallow spread footings, settlement calculations, driven pile foundations, drilled shafts, and retaining wall lateral earth pressures. Prerequisites: Upper-division undergraduate standing and permission of the instructor.",Civil,Stanford Engineering Catalog,Graduate
PHYS-632,Quantum Information Theory and Quantum Gates,"Quantum Information Theory and Quantum Gates. Physics of quantum computing architectures. Qubits, superposition states, quantum entanglement, unitary quantum logic gates, decoherence models, and quantum error-correcting codes. Prerequisites: Solid foundational coursework in the discipline and consent of the department.",Physics,Stanford Engineering Catalog,Undergraduate
CHEM-797,Chemical Process Dynamics and Automated Control,"Chemical Process Dynamics and Automated Control. Mathematical modeling of dynamic chemical processes. Laplace transforms, transfer functions, feedback PID controller tuning, feedback-feedforward control, frequency response analysis, and process stability limits. Prerequisites: Completion of introductory undergraduate coursework in relevant engineering or scientific disciplines.",Chemical Engineering,Stanford Engineering Catalog,Advanced Undergraduate
COMP-691,Computational Biology and Genome Informatics,"Computational Biology and Genome Informatics. Algorithm development for biological big data. Sequence alignment algorithms, phylogenetic tree clustering, genome assembly heuristics, and neural network models for protein folding. Prerequisites: Solid foundational coursework in the discipline and consent of the department.",Computer Science,Coursera,Advanced Undergraduate
PHYS-441,Electrodynamics and Classical Field Theory,"Electrodynamics and Classical Field Theory. Maxwell's equations and relativistic electromagnetic fields. Gauge transformations, electromagnetic radiation from accelerating charges, wave guides, Poynting vector energy flow, and dipole radiation. Prerequisites: Solid foundational coursework in the discipline and consent of the department.",Physics,Stanford Engineering Catalog,Undergraduate
BIOT-690,Bioinformatics Pipeline Engineering and Transcriptomics,"Bioinformatics Pipeline Engineering and Transcriptomics. High-throughput computational pipeline design for next-generation RNA sequencing data. Statistical differential expression, variant calling algorithms, and cloud genomic workflows. Prerequisites: Upper-division undergraduate standing and permission of the instructor.",Biotechnology,MIT OpenCourseWare,Undergraduate
CHEM-503,Transport Phenomena in Chemical Systems,"Transport Phenomena in Chemical Systems. Unified treatment of momentum, heat, and mass transport. Shell balances, Navier-Stokes equations, thermal conduction/convection, Fick's law of molecular diffusion, and mass transfer coefficients in boundary layers. Prerequisites: Completion of introductory undergraduate coursework in relevant engineering or scientific disciplines.",Chemical Engineering,Harvard University Course Catalog,Undergraduate
BUSI-278,Operations and Global Supply Chain Management,"Operations and Global Supply Chain Management. Design and control of operational supply chains. Process bottleneck analysis, Little's Law, aggregate production planning, economic order quantity (EOQ), safety stock, and lean manufacturing. Prerequisites: Solid foundational coursework in the discipline and consent of the department.",Business,Harvard University Course Catalog,Graduate
BIOT-257,Stem Cell Biology and Tissue Engineering,"Stem Cell Biology and Tissue Engineering. Mechanisms of cellular pluripotency and regenerative medicine. Embryonic and induced pluripotent stem cells, biomaterial scaffolds, cell-matrix interactions, and bioreactor culture of functional engineered tissues. Prerequisites: Completion of introductory undergraduate coursework in relevant engineering or scientific disciplines.",Biotechnology,Harvard University Course Catalog,Undergraduate
COMP-613,Computer Networks and Internet Protocols,"Computer Networks and Internet Protocols. Architecture and layered protocols of internet systems. TCP flow and congestion control, BGP routing protocols, packet switching, DNS resolution, transport layer security (TLS), and software-defined networking. Prerequisites: Solid foundational coursework in the discipline and consent of the department.",Computer Science,Coursera,Graduate
MATH-103,Real Analysis and Measure Theory,"Real Analysis and Measure Theory. Rigorous mathematical analysis of Euclidean spaces. Metric topologies, compactness, sequences, Cauchy convergence, Riemann-Stieltjes integration, Lebesgue measure, and dominated convergence theorem. Prerequisites: Upper-division undergraduate standing and permission of the instructor.",Mathematics,Coursera,Advanced Undergraduate
ELEC-617,Power Electronics and Energy Conversion,"Power Electronics and Energy Conversion. Analysis of solid-state power electronic converters. Switch-mode DC-DC buck, boost, and flyback converters, inverter topologies, pulse-width modulation (PWM) control, and thermal dissipation management. Prerequisites: Upper-division undergraduate standing and permission of the instructor.",Electronics,Stanford Engineering Catalog,Graduate
ELEC-673,Analog Integrated Circuit Design,"Analog Integrated Circuit Design. Analysis and design of CMOS analog integrated circuits. MOSFET small-signal modeling, single-stage and differential amplifiers, active current mirrors, frequency response, feedback stability margins, and SPICE op-amp simulation. Prerequisites: Upper-division undergraduate standing and permission of the instructor.",Electronics,Stanford Engineering Catalog,Graduate
CHEM-104,Mass Transfer Operations and Separation Processes,"Mass Transfer Operations and Separation Processes. Equilibrium stage and rate-based separation processes. Multicomponent distillation column design, liquid-liquid extraction, gas absorption columns, membrane separations, and McCabe-Thiele stage calculations. Prerequisites: Completion of introductory undergraduate coursework in relevant engineering or scientific disciplines.",Chemical Engineering,Harvard University Course Catalog,Undergraduate
ELEC-496,Wireless Communications and RF Systems,"Wireless Communications and RF Systems. Physical principles of wireless transmission. Digital modulation formats (QAM, PSK), multipath fading channel modeling, orthogonal frequency division multiplexing (OFDM), and MIMO multi-antenna beamforming. Recommended background: Prior exposure to core analytical concepts and methodological reasoning.",Electronics,edX,Undergraduate
BUSI-795,"Business Ethics, Corporate Responsibility and Human Values","Business Ethics, Corporate Responsibility and Human Values. Ethical decision-making frameworks for corporate executives. Moral philosophy applied to capitalism, stakeholder rights, environmental sustainability (ESG), and cross-cultural business ethics. Targeted towards undergraduate and beginning graduate students in relevant university programs.",Business,UC Berkeley Academic Guide,Undergraduate
ELEC-506,Analog Integrated Circuit Design,"Analog Integrated Circuit Design. Analysis and design of CMOS analog integrated circuits. MOSFET small-signal modeling, single-stage and differential amplifiers, active current mirrors, frequency response, feedback stability margins, and SPICE op-amp simulation. Recommended background: Prior exposure to core analytical concepts and methodological reasoning.",Electronics,edX,Graduate
BUSI-436,Investment Analysis and Portfolio Management,"Investment Analysis and Portfolio Management. Modern portfolio theory and capital asset pricing model (CAPM). Efficient market hypothesis, equity valuation models, fixed-income duration and convexity, hedge fund strategies, and risk metrics. Prerequisites: Solid foundational coursework in the discipline and consent of the department.",Business,Stanford Engineering Catalog,Graduate
HUMA-140,Epistemology and Philosophy of Mind,"Epistemology and Philosophy of Mind. Philosophical inquiry into the nature of knowledge, truth, and mental consciousness. Rationalism vs empiricism, skeptical arguments, dualism, functionalism, intentionality, and cognitive experience. Targeted towards undergraduate and beginning graduate students in relevant university programs.",Humanities,Stanford Engineering Catalog,Undergraduate
MATH-476,Complex Analysis and Conformal Mapping,"Complex Analysis and Conformal Mapping. Theory of functions of a complex variable. Cauchy-Riemann equations, Cauchy's integral theorem, Taylor and Laurent series expansions, residue calculus, contour integrals, and conformal mappings. Targeted towards undergraduate and beginning graduate students in relevant university programs.",Mathematics,edX,Graduate
HUMA-375,World Literature and Comparative Literary Theory,"World Literature and Comparative Literary Theory. Critical analysis of global literary masterpieces across historical epochs. Textual hermeneutics, narrative theory, post-colonial literary critique, modernism, and thematic representations of human identity. Targeted towards undergraduate and beginning graduate students in relevant university programs.",Humanities,Harvard University Course Catalog,Undergraduate
CHEM-116,Chemical Engineering Thermodynamics and Phase Equilibria,"Chemical Engineering Thermodynamics and Phase Equilibria. Thermodynamics of multicomponent fluid mixtures. Equations of state (Peng-Robinson), chemical potentials, fugacity coefficients, activity coefficient models (NRTL, UNIQUAC), and vapor-liquid equilibria (VLE). Prerequisites: Upper-division undergraduate standing and permission of the instructor.",Chemical Engineering,Stanford Engineering Catalog,Graduate
ELEC-347,Wireless Communications and RF Systems,"Wireless Communications and RF Systems. Physical principles of wireless transmission. Digital modulation formats (QAM, PSK), multipath fading channel modeling, orthogonal frequency division multiplexing (OFDM), and MIMO multi-antenna beamforming. Prerequisites: Upper-division undergraduate standing and permission of the instructor.",Electronics,Coursera,Graduate
MECH-899,Conduction and Convective Heat Transfer,"Conduction and Convective Heat Transfer. Heat transfer mechanisms in mechanical systems. Steady and transient conduction, Fourier's law, forced and natural convection boundary layers, dimensionless Nusselt numbers, and heat exchanger effectiveness (NTU method). Prerequisites: Completion of introductory undergraduate coursework in relevant engineering or scientific disciplines.",Mechanical,UC Berkeley Academic Guide,Undergraduate
BIOT-827,Molecular Biology and Recombinant DNA Technology,"Molecular Biology and Recombinant DNA Technology. Molecular mechanisms of gene expression and genetic engineering. DNA replication, transcription, translation, restriction endonucleases, plasmid cloning vectors, CRISPR-Cas9 gene editing, and PCR amplification. Prerequisites: Completion of introductory undergraduate coursework in relevant engineering or scientific disciplines.",Biotechnology,edX,Advanced Undergraduate
MATH-396,Complex Analysis and Conformal Mapping,"Complex Analysis and Conformal Mapping. Theory of functions of a complex variable. Cauchy-Riemann equations, Cauchy's integral theorem, Taylor and Laurent series expansions, residue calculus, contour integrals, and conformal mappings. Prerequisites: Completion of introductory undergraduate coursework in relevant engineering or scientific disciplines.",Mathematics,MIT OpenCourseWare,Undergraduate
CHEM-489,Chemical Engineering Thermodynamics and Phase Equilibria,"Chemical Engineering Thermodynamics and Phase Equilibria. Thermodynamics of multicomponent fluid mixtures. Equations of state (Peng-Robinson), chemical potentials, fugacity coefficients, activity coefficient models (NRTL, UNIQUAC), and vapor-liquid equilibria (VLE). Prerequisites: Upper-division undergraduate standing and permission of the instructor.",Chemical Engineering,Harvard University Course Catalog,Undergraduate
MATH-163,Point-Set and Algebraic Topology,"Point-Set and Algebraic Topology. Topological spaces and continuous mappings. Homeomorphisms, separation axioms, product topologies, connectedness, compactness, fundamental groups, and covering space theory. Prerequisites: Solid foundational coursework in the discipline and consent of the department.",Mathematics,MIT OpenCourseWare,Graduate
BUSI-826,Financial Statement Analysis and Accounting,"Financial Statement Analysis and Accounting. Interpretation and construction of financial statements under GAAP and IFRS. Balance sheets, income statements, cash flow statements, revenue recognition rules, inventory costing, and ratio analysis. Targeted towards undergraduate and beginning graduate students in relevant university programs.",Business,MIT OpenCourseWare,Undergraduate
COMP-653,Relational Database Management Systems,"Relational Database Management Systems. Database management internals, relational data algebra, declarative SQL optimization, B+ tree indexing structures, query execution plans, ACID transaction concurrency, and write-ahead logging protocols. Targeted towards undergraduate and beginning graduate students in relevant university programs.",Computer Science,Coursera,Graduate
MATH-332,Advanced Linear Algebra and Vector Spaces,"Advanced Linear Algebra and Vector Spaces. Vector spaces over arbitrary fields. Linear transformations, dual spaces, spectral theorem for normal operators, Jordan canonical forms, minimal polynomials, and inner product geometry. Prerequisites: Solid foundational coursework in the discipline and consent of the department.",Mathematics,UC Berkeley Academic Guide,Graduate
CHEM-770,Biochemical Reaction and Bioseparation Engineering,"Biochemical Reaction and Bioseparation Engineering. Engineering analysis of biological reaction systems. Enzyme kinetics (Michaelis-Menten), bioreactor design and oxygen transfer aeration, sterilization protocols, and downstream protein purification chromatography. Recommended background: Prior exposure to core analytical concepts and methodological reasoning.",Chemical Engineering,UC Berkeley Academic Guide,Undergraduate
MECH-828,Mechanical Elements Machine Design,"Mechanical Elements Machine Design. Design principles for mechanical machine components. Fatigue loading life calculation, hydrodynamic journal bearings, spur and helical gear rating, bolted joint preload, compression springs, clutches, and brakes. Recommended background: Prior exposure to core analytical concepts and methodological reasoning.",Mechanical,UC Berkeley Academic Guide,Graduate
CIVI-156,Design of Reinforced Concrete Structures,"Design of Reinforced Concrete Structures. Behavior and limit state design of reinforced concrete members. Ultimate flexural strength of beams, shear reinforcement detailing, one-way and two-way floor slabs, and axial-flexural interaction of columns. Targeted towards undergraduate and beginning graduate students in relevant university programs.",Civil,Coursera,Advanced Undergraduate
CHEM-731,Polymer Reaction Engineering and Processing,"Polymer Reaction Engineering and Processing. Polymerization kinetics and processing techniques. Step-growth and chain-growth polymerization, molecular weight distribution modeling, rheology of non-Newtonian polymer melts, and extrusion molding. Prerequisites: Upper-division undergraduate standing and permission of the instructor.",Chemical Engineering,edX,Advanced Undergraduate
CHEM-565,Chemical Reaction Engineering and Reactor Kinetics,"Chemical Reaction Engineering and Reactor Kinetics. Kinetics of homogeneous and heterogeneous chemical reactions. Ideal batch, continuous stirred-tank (CSTR), and plug flow reactors (PFR). Catalytic kinetics, non-isothermal reactor operation, and thermal runaway prevention. Recommended background: Prior exposure to core analytical concepts and methodological reasoning.",Chemical Engineering,Stanford Engineering Catalog,Advanced Undergraduate
MATH-683,"Abstract Algebra: Groups, Rings and Fields","Abstract Algebra: Groups, Rings and Fields. Axiomatic algebraic structures. Group homomorphisms, normal subgroups, quotient groups, Lagrange's theorem, ring ideals, unique factorization domains (UFD), and field extensions. Targeted towards undergraduate and beginning graduate students in relevant university programs.",Mathematics,Harvard University Course Catalog,Advanced Undergraduate
HUMA-602,Modern Political Philosophy and Ethics,"Modern Political Philosophy and Ethics. Foundational theories of justice, rights, and political governance. Classical and modern political thought including Plato, Aristotle, Hobbes, Locke, Rousseau, Kantian deontology, and utilitarianism. Prerequisites: Upper-division undergraduate standing and permission of the instructor.",Humanities,edX,Graduate
CHEM-605,Mass Transfer Operations and Separation Processes,"Mass Transfer Operations and Separation Processes. Equilibrium stage and rate-based separation processes. Multicomponent distillation column design, liquid-liquid extraction, gas absorption columns, membrane separations, and McCabe-Thiele stage calculations. Recommended background: Prior exposure to core analytical concepts and methodological reasoning.",Chemical Engineering,UC Berkeley Academic Guide,Graduate
CHEM-419,Polymer Reaction Engineering and Processing,"Polymer Reaction Engineering and Processing. Polymerization kinetics and processing techniques. Step-growth and chain-growth polymerization, molecular weight distribution modeling, rheology of non-Newtonian polymer melts, and extrusion molding. Prerequisites: Solid foundational coursework in the discipline and consent of the department.",Chemical Engineering,MIT OpenCourseWare,Graduate
HUMA-891,Philosophy of Artificial Intelligence and Mind,"Philosophy of Artificial Intelligence and Mind. Philosophical implications of computational machine intelligence. The Turing Test, Searle's Chinese Room argument, machine consciousness, ethics of autonomous algorithms, and the nature of human cognition. Recommended background: Prior exposure to core analytical concepts and methodological reasoning.",Humanities,Harvard University Course Catalog,Graduate
CHEM-832,Chemical Engineering Thermodynamics and Phase Equilibria,"Chemical Engineering Thermodynamics and Phase Equilibria. Thermodynamics of multicomponent fluid mixtures. Equations of state (Peng-Robinson), chemical potentials, fugacity coefficients, activity coefficient models (NRTL, UNIQUAC), and vapor-liquid equilibria (VLE). Prerequisites: Completion of introductory undergraduate coursework in relevant engineering or scientific disciplines.",Chemical Engineering,Stanford Engineering Catalog,Graduate
PHYS-887,General Relativity and Gravitational Physics,"General Relativity and Gravitational Physics. Geometric theory of gravitation. Tensor calculus on Riemannian manifolds, Einstein field equations, geodesic motion in curved spacetime, Schwarzschild black holes, and gravitational waves. Recommended background: Prior exposure to core analytical concepts and methodological reasoning.",Physics,Stanford Engineering Catalog,Undergraduate
BUSI-839,Strategic Marketing and Brand Positioning,"Strategic Marketing and Brand Positioning. Core marketing management frameworks. Market segmentation, targeting, and brand positioning (STP), customer lifetime value, pricing strategies, promotional channels, and brand equity development. Recommended background: Prior exposure to core analytical concepts and methodological reasoning.",Business,Stanford Engineering Catalog,Graduate
BIOT-816,Agricultural Biotechnology and Crop Genetic Engineering,"Agricultural Biotechnology and Crop Genetic Engineering. Application of genetic modification in plant science. Agrobacterium-mediated plant transformation, transgenic crop development, herbicide tolerance traits, pest resistance mechanisms, and biosafety protocols. Prerequisites: Completion of introductory undergraduate coursework in relevant engineering or scientific disciplines.",Biotechnology,Stanford Engineering Catalog,Graduate
ELEC-505,Power Electronics and Energy Conversion,"Power Electronics and Energy Conversion. Analysis of solid-state power electronic converters. Switch-mode DC-DC buck, boost, and flyback converters, inverter topologies, pulse-width modulation (PWM) control, and thermal dissipation management. Prerequisites: Upper-division undergraduate standing and permission of the instructor.",Electronics,edX,Undergraduate
CIVI-456,Foundation Engineering and Deep Foundations,"Foundation Engineering and Deep Foundations. Geotechnical design of substructures. Ultimate bearing capacity of shallow spread footings, settlement calculations, driven pile foundations, drilled shafts, and retaining wall lateral earth pressures. Prerequisites: Completion of introductory undergraduate coursework in relevant engineering or scientific disciplines.",Civil,Stanford Engineering Catalog,Graduate
MECH-139,Manufacturing Processes and Machining,"Manufacturing Processes and Machining. Engineering materials processing. Metal casting, bulk deformation, sheet metal forming, chip formation mechanics in turning and milling, tool wear mechanisms, and CNC machining operations. Recommended background: Prior exposure to core analytical concepts and methodological reasoning.",Mechanical,Coursera,Advanced Undergraduate
CHEM-774,Transport Phenomena in Chemical Systems,"Transport Phenomena in Chemical Systems. Unified treatment of momentum, heat, and mass transport. Shell balances, Navier-Stokes equations, thermal conduction/convection, Fick's law of molecular diffusion, and mass transfer coefficients in boundary layers. Targeted towards undergraduate and beginning graduate students in relevant university programs.",Chemical Engineering,edX,Graduate
MECH-574,Viscous Fluid Dynamics,"Viscous Fluid Dynamics. Continuity, momentum, and energy conservation equations in fluid motion (Navier-Stokes equations). Incompressible viscous laminar flows, boundary layer separation, turbulent pipe flow, Moody friction diagrams, and aerodynamic drag. Prerequisites: Solid foundational coursework in the discipline and consent of the department.",Mechanical,MIT OpenCourseWare,Undergraduate
MATH-551,Complex Analysis and Conformal Mapping,"Complex Analysis and Conformal Mapping. Theory of functions of a complex variable. Cauchy-Riemann equations, Cauchy's integral theorem, Taylor and Laurent series expansions, residue calculus, contour integrals, and conformal mappings. Prerequisites: Completion of introductory undergraduate coursework in relevant engineering or scientific disciplines.",Mathematics,Harvard University Course Catalog,Undergraduate
PHYS-750,General Relativity and Gravitational Physics,"General Relativity and Gravitational Physics. Geometric theory of gravitation. Tensor calculus on Riemannian manifolds, Einstein field equations, geodesic motion in curved spacetime, Schwarzschild black holes, and gravitational waves. Targeted towards undergraduate and beginning graduate students in relevant university programs.",Physics,edX,Graduate
PHYS-617,Electrodynamics and Classical Field Theory,"Electrodynamics and Classical Field Theory. Maxwell's equations and relativistic electromagnetic fields. Gauge transformations, electromagnetic radiation from accelerating charges, wave guides, Poynting vector energy flow, and dipole radiation. Prerequisites: Completion of introductory undergraduate coursework in relevant engineering or scientific disciplines.",Physics,MIT OpenCourseWare,Undergraduate
MECH-669,Conduction and Convective Heat Transfer,"Conduction and Convective Heat Transfer. Heat transfer mechanisms in mechanical systems. Steady and transient conduction, Fourier's law, forced and natural convection boundary layers, dimensionless Nusselt numbers, and heat exchanger effectiveness (NTU method). Prerequisites: Upper-division undergraduate standing and permission of the instructor.",Mechanical,Coursera,Advanced Undergraduate
HUMA-161,Cognitive Linguistics and Semantic Structures,"Cognitive Linguistics and Semantic Structures. Scientific study of human language and mental grammars. Phonology, morphological derivation, Chomskyan transformational syntax, cognitive semantics, pragmatic context, and sociolinguistics. Recommended background: Prior exposure to core analytical concepts and methodological reasoning.",Humanities,Stanford Engineering Catalog,Advanced Undergraduate
COMP-719,Modern Compiler Construction,"Modern Compiler Construction. Theory and design of programming language compilers. Lexical analysis, context-free grammars, LL/LR parsing, intermediate representations (SSA form), data-flow optimization, and machine code generation. Recommended background: Prior exposure to core analytical concepts and methodological reasoning.",Computer Science,edX,Undergraduate
ELEC-267,RF and Microwave Engineering,"RF and Microwave Engineering. High-frequency electromagnetic wave propagation in transmission lines and microstrips. Smith chart impedance matching, S-parameters, microwave filter design, high-frequency power amplifiers, and directional couplers. Targeted towards undergraduate and beginning graduate students in relevant university programs.",Electronics,UC Berkeley Academic Guide,Undergraduate
PHYS-539,Laser Physics and Modern Quantum Optics,"Laser Physics and Modern Quantum Optics. Physics of coherent optical radiation. Spontaneous and stimulated emission, population inversion, optical resonators, laser cavity modes, photon quantization, and nonlinear optical effects. Targeted towards undergraduate and beginning graduate students in relevant university programs.",Physics,edX,Undergraduate
BIOT-787,Agricultural Biotechnology and Crop Genetic Engineering,"Agricultural Biotechnology and Crop Genetic Engineering. Application of genetic modification in plant science. Agrobacterium-mediated plant transformation, transgenic crop development, herbicide tolerance traits, pest resistance mechanisms, and biosafety protocols. Prerequisites: Completion of introductory undergraduate coursework in relevant engineering or scientific disciplines.",Biotechnology,MIT OpenCourseWare,Graduate
CHEM-861,Mass Transfer Operations and Separation Processes,"Mass Transfer Operations and Separation Processes. Equilibrium stage and rate-based separation processes. Multicomponent distillation column design, liquid-liquid extraction, gas absorption columns, membrane separations, and McCabe-Thiele stage calculations. Prerequisites: Upper-division undergraduate standing and permission of the instructor.",Chemical Engineering,MIT OpenCourseWare,Advanced Undergraduate
ELEC-548,Microprocessor Hardware and Interfacing,"Microprocessor Hardware and Interfacing. Architecture of 32-bit RISC microcontrollers. Instruction pipelines, memory hierarchies, cache organization, bus protocols, interrupt controllers, timer peripherals, SPI/I2C interfaces, and low-level firmware integration. Recommended background: Prior exposure to core analytical concepts and methodological reasoning.",Electronics,MIT OpenCourseWare,Undergraduate
MATH-106,Mathematical Foundations of Quantum Physics,"Mathematical Foundations of Quantum Physics. Rigorous functional analysis applied to quantum mechanics. Hilbert spaces, unbounded self-adjoint linear operators, spectral theorem, and mathematical formulation of observables. Targeted towards undergraduate and beginning graduate students in relevant university programs.",Mathematics,edX,Graduate
CIVI-765,Foundation Engineering and Deep Foundations,"Foundation Engineering and Deep Foundations. Geotechnical design of substructures. Ultimate bearing capacity of shallow spread footings, settlement calculations, driven pile foundations, drilled shafts, and retaining wall lateral earth pressures. Prerequisites: Upper-division undergraduate standing and permission of the instructor.",Civil,Harvard University Course Catalog,Graduate
PHYS-549,Quantum Information Theory and Quantum Gates,"Quantum Information Theory and Quantum Gates. Physics of quantum computing architectures. Qubits, superposition states, quantum entanglement, unitary quantum logic gates, decoherence models, and quantum error-correcting codes. Prerequisites: Upper-division undergraduate standing and permission of the instructor.",Physics,MIT OpenCourseWare,Graduate
PHYS-449,Quantum Mechanics and Atomic Structure,"Quantum Mechanics and Atomic Structure. Fundamental postulates of quantum mechanics. Wave-particle duality, Schrodinger wave equation, square wells, quantum harmonic oscillator, angular momentum operators, and hydrogen atom quantum states. Targeted towards undergraduate and beginning graduate students in relevant university programs.",Physics,Coursera,Graduate
COMP-546,Computer Networks and Internet Protocols,"Computer Networks and Internet Protocols. Architecture and layered protocols of internet systems. TCP flow and congestion control, BGP routing protocols, packet switching, DNS resolution, transport layer security (TLS), and software-defined networking. Prerequisites: Solid foundational coursework in the discipline and consent of the department.",Computer Science,Coursera,Advanced Undergraduate
ELEC-825,Digital VLSI Architecture and Design,"Digital VLSI Architecture and Design. CMOS digital logic design and physical layout. Static and dynamic power consumption, propagation delay calculation, static timing analysis (STA), clock tree synthesis, and Verilog hardware description language. Prerequisites: Completion of introductory undergraduate coursework in relevant engineering or scientific disciplines.",Electronics,Coursera,Undergraduate
BIOT-354,Immunology and Monoclonal Antibody Technology,"Immunology and Monoclonal Antibody Technology. Principles of humoral and cell-mediated immunity. Antigen recognition, antibody structure, hybridoma technology, recombinant therapeutic monoclonal antibodies, ELISA assays, and immunotherapy design. Prerequisites: Completion of introductory undergraduate coursework in relevant engineering or scientific disciplines.",Biotechnology,UC Berkeley Academic Guide,Graduate
ELEC-164,Digital VLSI Architecture and Design,"Digital VLSI Architecture and Design. CMOS digital logic design and physical layout. Static and dynamic power consumption, propagation delay calculation, static timing analysis (STA), clock tree synthesis, and Verilog hardware description language. Prerequisites: Completion of introductory undergraduate coursework in relevant engineering or scientific disciplines.",Electronics,UC Berkeley Academic Guide,Graduate
BUSI-274,"Business Ethics, Corporate Responsibility and Human Values","Business Ethics, Corporate Responsibility and Human Values. Ethical decision-making frameworks for corporate executives. Moral philosophy applied to capitalism, stakeholder rights, environmental sustainability (ESG), and cross-cultural business ethics. Recommended background: Prior exposure to core analytical concepts and methodological reasoning.",Business,edX,Graduate
COMP-522,Modern Compiler Construction,"Modern Compiler Construction. Theory and design of programming language compilers. Lexical analysis, context-free grammars, LL/LR parsing, intermediate representations (SSA form), data-flow optimization, and machine code generation. Prerequisites: Upper-division undergraduate standing and permission of the instructor.",Computer Science,Harvard University Course Catalog,Advanced Undergraduate
COMP-871,Computer Networks and Internet Protocols,"Computer Networks and Internet Protocols. Architecture and layered protocols of internet systems. TCP flow and congestion control, BGP routing protocols, packet switching, DNS resolution, transport layer security (TLS), and software-defined networking. Prerequisites: Solid foundational coursework in the discipline and consent of the department.",Computer Science,Stanford Engineering Catalog,Advanced Undergraduate
COMP-815,Computer Networks and Internet Protocols,"Computer Networks and Internet Protocols. Architecture and layered protocols of internet systems. TCP flow and congestion control, BGP routing protocols, packet switching, DNS resolution, transport layer security (TLS), and software-defined networking. Recommended background: Prior exposure to core analytical concepts and methodological reasoning.",Computer Science,Coursera,Graduate
COMP-234,Modern Compiler Construction,"Modern Compiler Construction. Theory and design of programming language compilers. Lexical analysis, context-free grammars, LL/LR parsing, intermediate representations (SSA form), data-flow optimization, and machine code generation. Targeted towards undergraduate and beginning graduate students in relevant university programs.",Computer Science,UC Berkeley Academic Guide,Undergraduate
CIVI-218,Geotechnical Soil Mechanics,"Geotechnical Soil Mechanics. Fundamental physical and engineering properties of soils. Soil classification, Darcy's permeability law, 1D Terzaghi consolidation theory, effective stress, and Mohr-Coulomb shear strength criteria. Targeted towards undergraduate and beginning graduate students in relevant university programs.",Civil,Coursera,Graduate
MATH-536,"Abstract Algebra: Groups, Rings and Fields","Abstract Algebra: Groups, Rings and Fields. Axiomatic algebraic structures. Group homomorphisms, normal subgroups, quotient groups, Lagrange's theorem, ring ideals, unique factorization domains (UFD), and field extensions. Prerequisites: Solid foundational coursework in the discipline and consent of the department.",Mathematics,Harvard University Course Catalog,Undergraduate
COMP-489,Distributed Cloud Systems Architecture,"Distributed Cloud Systems Architecture. Architectural principles of fault-tolerant distributed systems. Consensus algorithms (Paxos, Raft), replication consistency models, remote procedure calls (RPC), distributed key-value stores, and cloud microservices. Targeted towards undergraduate and beginning graduate students in relevant university programs.",Computer Science,edX,Graduate
BUSI-586,Investment Analysis and Portfolio Management,"Investment Analysis and Portfolio Management. Modern portfolio theory and capital asset pricing model (CAPM). Efficient market hypothesis, equity valuation models, fixed-income duration and convexity, hedge fund strategies, and risk metrics. Targeted towards undergraduate and beginning graduate students in relevant university programs.",Business,edX,Undergraduate
PHYS-267,Solid State and Condensed Matter Physics,"Solid State and Condensed Matter Physics. Electronic and crystal structure of solids. Bravais crystal lattices, X-ray Bragg diffraction, phonon vibrations, Bloch's theorem, energy band dispersion, and semiconductor electrical conduction. Prerequisites: Completion of introductory undergraduate coursework in relevant engineering or scientific disciplines.",Physics,Stanford Engineering Catalog,Advanced Undergraduate
ELEC-878,Microprocessor Hardware and Interfacing,"Microprocessor Hardware and Interfacing. Architecture of 32-bit RISC microcontrollers. Instruction pipelines, memory hierarchies, cache organization, bus protocols, interrupt controllers, timer peripherals, SPI/I2C interfaces, and low-level firmware integration. Recommended background: Prior exposure to core analytical concepts and methodological reasoning.",Electronics,Harvard University Course Catalog,Advanced Undergraduate
HUMA-585,Philosophy of Artificial Intelligence and Mind,"Philosophy of Artificial Intelligence and Mind. Philosophical implications of computational machine intelligence. The Turing Test, Searle's Chinese Room argument, machine consciousness, ethics of autonomous algorithms, and the nature of human cognition. Targeted towards undergraduate and beginning graduate students in relevant university programs.",Humanities,Harvard University Course Catalog,Graduate
BIOT-158,Bioinformatics and Computational Genomics,"Bioinformatics and Computational Genomics. Computational methods for analyzing biological sequence data. Pairwise and multiple sequence alignment (BLAST), hidden Markov models, genome assembly, phylogenetic trees, and protein structural modeling. Prerequisites: Solid foundational coursework in the discipline and consent of the department.",Biotechnology,Harvard University Course Catalog,Undergraduate
MECH-330,Classical Applied Thermodynamics,"Classical Applied Thermodynamics. Fundamental thermodynamic principles for engineering systems. First and second laws, closed and control volume energy balance, entropy generation, exergy analysis, vapor power Rankine cycles, and gas turbine Brayton cycles. Prerequisites: Upper-division undergraduate standing and permission of the instructor.",Mechanical,edX,Graduate
CIVI-729,Hydraulic Engineering and Open Channel Flow,"Hydraulic Engineering and Open Channel Flow. Fluid flow in open channels and pipe networks. Manning's uniform flow equation, specific energy, hydraulic jumps, gradually varied flow profile computations, and culvert hydraulic sizing. Prerequisites: Solid foundational coursework in the discipline and consent of the department.",Civil,MIT OpenCourseWare,Graduate
PHYS-322,General Relativity and Gravitational Physics,"General Relativity and Gravitational Physics. Geometric theory of gravitation. Tensor calculus on Riemannian manifolds, Einstein field equations, geodesic motion in curved spacetime, Schwarzschild black holes, and gravitational waves. Prerequisites: Completion of introductory undergraduate coursework in relevant engineering or scientific disciplines.",Physics,edX,Undergraduate
BIOT-613,Immunology and Monoclonal Antibody Technology,"Immunology and Monoclonal Antibody Technology. Principles of humoral and cell-mediated immunity. Antigen recognition, antibody structure, hybridoma technology, recombinant therapeutic monoclonal antibodies, ELISA assays, and immunotherapy design. Recommended background: Prior exposure to core analytical concepts and methodological reasoning.",Biotechnology,UC Berkeley Academic Guide,Graduate
CHEM-382,Biochemical Processing and Enzyme Reactors,"Biochemical Processing and Enzyme Reactors. Application of reaction engineering principles to biological catalysts. Michaelis-Menten kinetics in CSTRs, aeration mass transfer in fermenters, and downstream recovery of bio-products. Targeted towards undergraduate and beginning graduate students in relevant university programs.",Chemical Engineering,Coursera,Undergraduate
CHEM-340,Biochemical Reaction and Bioseparation Engineering,"Biochemical Reaction and Bioseparation Engineering. Engineering analysis of biological reaction systems. Enzyme kinetics (Michaelis-Menten), bioreactor design and oxygen transfer aeration, sterilization protocols, and downstream protein purification chromatography. Targeted towards undergraduate and beginning graduate students in relevant university programs.",Chemical Engineering,UC Berkeley Academic Guide,Graduate
HUMA-459,Cognitive Linguistics and Semantic Structures,"Cognitive Linguistics and Semantic Structures. Scientific study of human language and mental grammars. Phonology, morphological derivation, Chomskyan transformational syntax, cognitive semantics, pragmatic context, and sociolinguistics. Targeted towards undergraduate and beginning graduate students in relevant university programs.",Humanities,MIT OpenCourseWare,Undergraduate
BIOT-811,Agricultural Biotechnology and Crop Genetic Engineering,"Agricultural Biotechnology and Crop Genetic Engineering. Application of genetic modification in plant science. Agrobacterium-mediated plant transformation, transgenic crop development, herbicide tolerance traits, pest resistance mechanisms, and biosafety protocols. Prerequisites: Upper-division undergraduate standing and permission of the instructor.",Biotechnology,Stanford Engineering Catalog,Graduate
BUSI-156,Investment Analysis and Portfolio Management,"Investment Analysis and Portfolio Management. Modern portfolio theory and capital asset pricing model (CAPM). Efficient market hypothesis, equity valuation models, fixed-income duration and convexity, hedge fund strategies, and risk metrics. Recommended background: Prior exposure to core analytical concepts and methodological reasoning.",Business,MIT OpenCourseWare,Advanced Undergraduate
BIOT-852,Immunology and Monoclonal Antibody Technology,"Immunology and Monoclonal Antibody Technology. Principles of humoral and cell-mediated immunity. Antigen recognition, antibody structure, hybridoma technology, recombinant therapeutic monoclonal antibodies, ELISA assays, and immunotherapy design. Prerequisites: Solid foundational coursework in the discipline and consent of the department.",Biotechnology,Stanford Engineering Catalog,Graduate
CIVI-350,Environmental Fluid Mechanics and Contaminant Transport,"Environmental Fluid Mechanics and Contaminant Transport. Fluid dynamics and mass transport in aquatic environments. Advection-diffusion equation, turbulent mixing in natural rivers, groundwater pollutant migration, and hydrologic basin modeling. Targeted towards undergraduate and beginning graduate students in relevant university programs.",Civil,MIT OpenCourseWare,Undergraduate
CHEM-500,Polymer Reaction Engineering and Processing,"Polymer Reaction Engineering and Processing. Polymerization kinetics and processing techniques. Step-growth and chain-growth polymerization, molecular weight distribution modeling, rheology of non-Newtonian polymer melts, and extrusion molding. Prerequisites: Completion of introductory undergraduate coursework in relevant engineering or scientific disciplines.",Chemical Engineering,Harvard University Course Catalog,Graduate
PHYS-757,Laser Physics and Modern Quantum Optics,"Laser Physics and Modern Quantum Optics. Physics of coherent optical radiation. Spontaneous and stimulated emission, population inversion, optical resonators, laser cavity modes, photon quantization, and nonlinear optical effects. Targeted towards undergraduate and beginning graduate students in relevant university programs.",Physics,MIT OpenCourseWare,Advanced Undergraduate
BIOT-253,Industrial Microbiology and Downstream Processing,"Industrial Microbiology and Downstream Processing. Production of pharmaceuticals and industrial metabolites using microbes. Secondary metabolite biosynthesis, cell disruption techniques, centrifugation, ultrafiltration, and preparative chromatography. Recommended background: Prior exposure to core analytical concepts and methodological reasoning.",Biotechnology,Harvard University Course Catalog,Graduate
CIVI-480,Environmental Water Treatment Engineering,"Environmental Water Treatment Engineering. Physical, chemical, and biological unit operations for municipal water purification. Coagulation, flocculation, rapid sand filtration, chlorination disinfection, and activated sludge wastewater treatment. Targeted towards undergraduate and beginning graduate students in relevant university programs.",Civil,MIT OpenCourseWare,Graduate
MECH-800,Viscous Fluid Dynamics,"Viscous Fluid Dynamics. Continuity, momentum, and energy conservation equations in fluid motion (Navier-Stokes equations). Incompressible viscous laminar flows, boundary layer separation, turbulent pipe flow, Moody friction diagrams, and aerodynamic drag. Prerequisites: Completion of introductory undergraduate coursework in relevant engineering or scientific disciplines.",Mechanical,Stanford Engineering Catalog,Undergraduate
PHYS-208,Electrodynamics and Classical Field Theory,"Electrodynamics and Classical Field Theory. Maxwell's equations and relativistic electromagnetic fields. Gauge transformations, electromagnetic radiation from accelerating charges, wave guides, Poynting vector energy flow, and dipole radiation. Recommended background: Prior exposure to core analytical concepts and methodological reasoning.",Physics,edX,Graduate
HUMA-163,Philosophy of Artificial Intelligence and Mind,"Philosophy of Artificial Intelligence and Mind. Philosophical implications of computational machine intelligence. The Turing Test, Searle's Chinese Room argument, machine consciousness, ethics of autonomous algorithms, and the nature of human cognition. Prerequisites: Upper-division undergraduate standing and permission of the instructor.",Humanities,Harvard University Course Catalog,Advanced Undergraduate
COMP-358,Distributed Cloud Systems Architecture,"Distributed Cloud Systems Architecture. Architectural principles of fault-tolerant distributed systems. Consensus algorithms (Paxos, Raft), replication consistency models, remote procedure calls (RPC), distributed key-value stores, and cloud microservices. Recommended background: Prior exposure to core analytical concepts and methodological reasoning.",Computer Science,MIT OpenCourseWare,Undergraduate
CIVI-200,Design of Reinforced Concrete Structures,"Design of Reinforced Concrete Structures. Behavior and limit state design of reinforced concrete members. Ultimate flexural strength of beams, shear reinforcement detailing, one-way and two-way floor slabs, and axial-flexural interaction of columns. Prerequisites: Solid foundational coursework in the discipline and consent of the department.",Civil,Harvard University Course Catalog,Undergraduate
CIVI-645,Structural Analysis and Matrix Methods,"Structural Analysis and Matrix Methods. Static analysis of indeterminate structural frames, trusses, and continuous beams. Moment distribution, slope deflection methods, influence lines, virtual work energy principles, and stiffness matrix formulations. Prerequisites: Solid foundational coursework in the discipline and consent of the department.",Civil,UC Berkeley Academic Guide,Undergraduate
MECH-247,Manufacturing Processes and Machining,"Manufacturing Processes and Machining. Engineering materials processing. Metal casting, bulk deformation, sheet metal forming, chip formation mechanics in turning and milling, tool wear mechanisms, and CNC machining operations. Prerequisites: Completion of introductory undergraduate coursework in relevant engineering or scientific disciplines.",Mechanical,edX,Graduate
CIVI-834,Hydraulic Engineering and Open Channel Flow,"Hydraulic Engineering and Open Channel Flow. Fluid flow in open channels and pipe networks. Manning's uniform flow equation, specific energy, hydraulic jumps, gradually varied flow profile computations, and culvert hydraulic sizing. Recommended background: Prior exposure to core analytical concepts and methodological reasoning.",Civil,Harvard University Course Catalog,Advanced Undergraduate
PHYS-588,Classical Mechanics and Lagrangian Dynamics,"Classical Mechanics and Lagrangian Dynamics. Advanced formulation of classical mechanics. Variational principles, Euler-Lagrange equations of motion, generalized coordinates, conservation laws, central force planetary motion, and Hamiltonian mechanics. Recommended background: Prior exposure to core analytical concepts and methodological reasoning.",Physics,Harvard University Course Catalog,Graduate
CIVI-263,Highway Geometric Design and Planning,"Highway Geometric Design and Planning. Principles of highway engineering. Horizontal and vertical alignment curves, sight distance requirements, highway cross-sections, intersection channelization, and AASHTO geometric standards. Prerequisites: Solid foundational coursework in the discipline and consent of the department.",Civil,Harvard University Course Catalog,Graduate
BUSI-728,Competitive Strategy and Industry Analysis,"Competitive Strategy and Industry Analysis. Frameworks for establishing sustainable competitive advantage. Porter's Five Forces, resource-based view of the firm, value chain configuration, corporate diversification, and industry disruption. Targeted towards undergraduate and beginning graduate students in relevant university programs.",Business,MIT OpenCourseWare,Advanced Undergraduate
BUSI-764,Competitive Strategy and Industry Analysis,"Competitive Strategy and Industry Analysis. Frameworks for establishing sustainable competitive advantage. Porter's Five Forces, resource-based view of the firm, value chain configuration, corporate diversification, and industry disruption. Targeted towards undergraduate and beginning graduate students in relevant university programs.",Business,Coursera,Undergraduate
CIVI-511,Environmental Fluid Mechanics and Contaminant Transport,"Environmental Fluid Mechanics and Contaminant Transport. Fluid dynamics and mass transport in aquatic environments. Advection-diffusion equation, turbulent mixing in natural rivers, groundwater pollutant migration, and hydrologic basin modeling. Prerequisites: Completion of introductory undergraduate coursework in relevant engineering or scientific disciplines.",Civil,edX,Advanced Undergraduate
CHEM-464,Biochemical Processing and Enzyme Reactors,"Biochemical Processing and Enzyme Reactors. Application of reaction engineering principles to biological catalysts. Michaelis-Menten kinetics in CSTRs, aeration mass transfer in fermenters, and downstream recovery of bio-products. Targeted towards undergraduate and beginning graduate students in relevant university programs.",Chemical Engineering,Stanford Engineering Catalog,Advanced Undergraduate
CIVI-186,Geotechnical Soil Mechanics,"Geotechnical Soil Mechanics. Fundamental physical and engineering properties of soils. Soil classification, Darcy's permeability law, 1D Terzaghi consolidation theory, effective stress, and Mohr-Coulomb shear strength criteria. Targeted towards undergraduate and beginning graduate students in relevant university programs.",Civil,edX,Graduate
CHEM-668,Polymer Reaction Engineering and Processing,"Polymer Reaction Engineering and Processing. Polymerization kinetics and processing techniques. Step-growth and chain-growth polymerization, molecular weight distribution modeling, rheology of non-Newtonian polymer melts, and extrusion molding. Prerequisites: Completion of introductory undergraduate coursework in relevant engineering or scientific disciplines.",Chemical Engineering,Coursera,Undergraduate
ELEC-743,Digital Signal Processing Systems,"Digital Signal Processing Systems. Theory and implementation of discrete-time signals and systems. Z-transforms, discrete Fourier transform (DFT), fast Fourier transform (FFT), FIR and IIR digital filter design, and hardware DSP architectures. Recommended background: Prior exposure to core analytical concepts and methodological reasoning.",Electronics,edX,Undergraduate
CHEM-387,Chemical Reaction Engineering and Reactor Kinetics,"Chemical Reaction Engineering and Reactor Kinetics. Kinetics of homogeneous and heterogeneous chemical reactions. Ideal batch, continuous stirred-tank (CSTR), and plug flow reactors (PFR). Catalytic kinetics, non-isothermal reactor operation, and thermal runaway prevention. Prerequisites: Completion of introductory undergraduate coursework in relevant engineering or scientific disciplines.",Chemical Engineering,UC Berkeley Academic Guide,Graduate
BIOT-135,Bioinformatics and Computational Genomics,"Bioinformatics and Computational Genomics. Computational methods for analyzing biological sequence data. Pairwise and multiple sequence alignment (BLAST), hidden Markov models, genome assembly, phylogenetic trees, and protein structural modeling. Recommended background: Prior exposure to core analytical concepts and methodological reasoning.",Biotechnology,MIT OpenCourseWare,Undergraduate
PHYS-206,Statistical Mechanics and Thermal Physics,"Statistical Mechanics and Thermal Physics. Microscopic foundations of macroscopic thermodynamic behavior. Microcanonical, canonical, and grand canonical ensembles, Maxwell-Boltzmann statistics, Bose-Einstein condensation, and Fermi-Dirac electron gas. Targeted towards undergraduate and beginning graduate students in relevant university programs.",Physics,UC Berkeley Academic Guide,Advanced Undergraduate
BIOT-227,Cellular Biochemistry and Metabolic Pathways,"Cellular Biochemistry and Metabolic Pathways. Structure and function of cellular macromolecules. Enzymatic biocatalysis, metabolic pathways (glycolysis, citric acid cycle, oxidative phosphorylation), bioenergetics, and allosteric enzyme regulation. Prerequisites: Solid foundational coursework in the discipline and consent of the department.",Biotechnology,UC Berkeley Academic Guide,Advanced Undergraduate
BUSI-485,Strategic Marketing and Brand Positioning,"Strategic Marketing and Brand Positioning. Core marketing management frameworks. Market segmentation, targeting, and brand positioning (STP), customer lifetime value, pricing strategies, promotional channels, and brand equity development. Targeted towards undergraduate and beginning graduate students in relevant university programs.",Business,Harvard University Course Catalog,Graduate
HUMA-489,World Literature and Comparative Literary Theory,"World Literature and Comparative Literary Theory. Critical analysis of global literary masterpieces across historical epochs. Textual hermeneutics, narrative theory, post-colonial literary critique, modernism, and thematic representations of human identity. Prerequisites: Completion of introductory undergraduate coursework in relevant engineering or scientific disciplines.",Humanities,Harvard University Course Catalog,Advanced Undergraduate
CHEM-830,Polymer Reaction Engineering and Processing,"Polymer Reaction Engineering and Processing. Polymerization kinetics and processing techniques. Step-growth and chain-growth polymerization, molecular weight distribution modeling, rheology of non-Newtonian polymer melts, and extrusion molding. Recommended background: Prior exposure to core analytical concepts and methodological reasoning.",Chemical Engineering,edX,Graduate
BUSI-168,Operations and Global Supply Chain Management,"Operations and Global Supply Chain Management. Design and control of operational supply chains. Process bottleneck analysis, Little's Law, aggregate production planning, economic order quantity (EOQ), safety stock, and lean manufacturing. Targeted towards undergraduate and beginning graduate students in relevant university programs.",Business,Coursera,Advanced Undergraduate
BUSI-283,Competitive Strategy and Industry Analysis,"Competitive Strategy and Industry Analysis. Frameworks for establishing sustainable competitive advantage. Porter's Five Forces, resource-based view of the firm, value chain configuration, corporate diversification, and industry disruption. Recommended background: Prior exposure to core analytical concepts and methodological reasoning.",Business,Stanford Engineering Catalog,Undergraduate
ELEC-438,Digital VLSI Architecture and Design,"Digital VLSI Architecture and Design. CMOS digital logic design and physical layout. Static and dynamic power consumption, propagation delay calculation, static timing analysis (STA), clock tree synthesis, and Verilog hardware description language. Recommended background: Prior exposure to core analytical concepts and methodological reasoning.",Electronics,MIT OpenCourseWare,Graduate
BIOT-795,Bioinformatics Pipeline Engineering and Transcriptomics,"Bioinformatics Pipeline Engineering and Transcriptomics. High-throughput computational pipeline design for next-generation RNA sequencing data. Statistical differential expression, variant calling algorithms, and cloud genomic workflows. Targeted towards undergraduate and beginning graduate students in relevant university programs.",Biotechnology,edX,Advanced Undergraduate
ELEC-158,Wireless Communications and RF Systems,"Wireless Communications and RF Systems. Physical principles of wireless transmission. Digital modulation formats (QAM, PSK), multipath fading channel modeling, orthogonal frequency division multiplexing (OFDM), and MIMO multi-antenna beamforming. Prerequisites: Completion of introductory undergraduate coursework in relevant engineering or scientific disciplines.",Electronics,Harvard University Course Catalog,Undergraduate
MECH-496,Manufacturing Processes and Machining,"Manufacturing Processes and Machining. Engineering materials processing. Metal casting, bulk deformation, sheet metal forming, chip formation mechanics in turning and milling, tool wear mechanisms, and CNC machining operations. Recommended background: Prior exposure to core analytical concepts and methodological reasoning.",Mechanical,MIT OpenCourseWare,Undergraduate
MECH-768,Kinematics and Dynamics of Mechanisms,"Kinematics and Dynamics of Mechanisms. Planar mechanism motion analysis. Four-bar linkages, velocity and acceleration polygon methods, dynamic force balancing, flywheel inertia determination, and balancing of rotating machinery. Prerequisites: Solid foundational coursework in the discipline and consent of the department.",Mechanical,Stanford Engineering Catalog,Graduate
CIVI-536,Design of Reinforced Concrete Structures,"Design of Reinforced Concrete Structures. Behavior and limit state design of reinforced concrete members. Ultimate flexural strength of beams, shear reinforcement detailing, one-way and two-way floor slabs, and axial-flexural interaction of columns. Recommended background: Prior exposure to core analytical concepts and methodological reasoning.",Civil,Coursera,Advanced Undergraduate
CIVI-857,Environmental Water Treatment Engineering,"Environmental Water Treatment Engineering. Physical, chemical, and biological unit operations for municipal water purification. Coagulation, flocculation, rapid sand filtration, chlorination disinfection, and activated sludge wastewater treatment. Prerequisites: Solid foundational coursework in the discipline and consent of the department.",Civil,MIT OpenCourseWare,Undergraduate
MECH-434,Mechanics of Deformable Solids,"Mechanics of Deformable Solids. Stress and strain tensors in structural elements. Axial loading, torsion of circular shafts, bending and shear stress distributions in beams, Mohr's circle analysis, column Euler buckling, and failure yield criteria. Recommended background: Prior exposure to core analytical concepts and methodological reasoning.",Mechanical,Stanford Engineering Catalog,Advanced Undergraduate
COMP-647,Computational Biology and Genome Informatics,"Computational Biology and Genome Informatics. Algorithm development for biological big data. Sequence alignment algorithms, phylogenetic tree clustering, genome assembly heuristics, and neural network models for protein folding. Prerequisites: Completion of introductory undergraduate coursework in relevant engineering or scientific disciplines.",Computer Science,Harvard University Course Catalog,Undergraduate
BUSI-534,Investment Analysis and Portfolio Management,"Investment Analysis and Portfolio Management. Modern portfolio theory and capital asset pricing model (CAPM). Efficient market hypothesis, equity valuation models, fixed-income duration and convexity, hedge fund strategies, and risk metrics. Prerequisites: Completion of introductory undergraduate coursework in relevant engineering or scientific disciplines.",Business,edX,Advanced Undergraduate
CHEM-652,Biochemical Processing and Enzyme Reactors,"Biochemical Processing and Enzyme Reactors. Application of reaction engineering principles to biological catalysts. Michaelis-Menten kinetics in CSTRs, aeration mass transfer in fermenters, and downstream recovery of bio-products. Prerequisites: Solid foundational coursework in the discipline and consent of the department.",Chemical Engineering,MIT OpenCourseWare,Graduate
PHYS-469,General Relativity and Gravitational Physics,"General Relativity and Gravitational Physics. Geometric theory of gravitation. Tensor calculus on Riemannian manifolds, Einstein field equations, geodesic motion in curved spacetime, Schwarzschild black holes, and gravitational waves. Prerequisites: Solid foundational coursework in the discipline and consent of the department.",Physics,Coursera,Graduate
CHEM-717,Polymer Reaction Engineering and Processing,"Polymer Reaction Engineering and Processing. Polymerization kinetics and processing techniques. Step-growth and chain-growth polymerization, molecular weight distribution modeling, rheology of non-Newtonian polymer melts, and extrusion molding. Recommended background: Prior exposure to core analytical concepts and methodological reasoning.",Chemical Engineering,Harvard University Course Catalog,Graduate
HUMA-550,Philosophy of Artificial Intelligence and Mind,"Philosophy of Artificial Intelligence and Mind. Philosophical implications of computational machine intelligence. The Turing Test, Searle's Chinese Room argument, machine consciousness, ethics of autonomous algorithms, and the nature of human cognition. Prerequisites: Solid foundational coursework in the discipline and consent of the department.",Humanities,Stanford Engineering Catalog,Graduate
CHEM-530,Chemical Process Dynamics and Automated Control,"Chemical Process Dynamics and Automated Control. Mathematical modeling of dynamic chemical processes. Laplace transforms, transfer functions, feedback PID controller tuning, feedback-feedforward control, frequency response analysis, and process stability limits. Targeted towards undergraduate and beginning graduate students in relevant university programs.",Chemical Engineering,Stanford Engineering Catalog,Graduate
PHYS-561,Quantum Mechanics and Atomic Structure,"Quantum Mechanics and Atomic Structure. Fundamental postulates of quantum mechanics. Wave-particle duality, Schrodinger wave equation, square wells, quantum harmonic oscillator, angular momentum operators, and hydrogen atom quantum states. Targeted towards undergraduate and beginning graduate students in relevant university programs.",Physics,Coursera,Undergraduate
CIVI-581,Environmental Water Treatment Engineering,"Environmental Water Treatment Engineering. Physical, chemical, and biological unit operations for municipal water purification. Coagulation, flocculation, rapid sand filtration, chlorination disinfection, and activated sludge wastewater treatment. Prerequisites: Solid foundational coursework in the discipline and consent of the department.",Civil,Stanford Engineering Catalog,Undergraduate
CHEM-777,Biochemical Processing and Enzyme Reactors,"Biochemical Processing and Enzyme Reactors. Application of reaction engineering principles to biological catalysts. Michaelis-Menten kinetics in CSTRs, aeration mass transfer in fermenters, and downstream recovery of bio-products. Targeted towards undergraduate and beginning graduate students in relevant university programs.",Chemical Engineering,Coursera,Graduate
MECH-763,Micro-Electro-Mechanical Systems (MEMS) Actuators,"Micro-Electro-Mechanical Systems (MEMS) Actuators. Multiphysics design of silicon micro-actuators. Electrostatic comb drives, piezoelectric micro-beams, cleanroom photolithography fabrication, and coupled thermal-fluid simulation. Recommended background: Prior exposure to core analytical concepts and methodological reasoning.",Mechanical,edX,Advanced Undergraduate
ELEC-259,Microprocessor Hardware and Interfacing,"Microprocessor Hardware and Interfacing. Architecture of 32-bit RISC microcontrollers. Instruction pipelines, memory hierarchies, cache organization, bus protocols, interrupt controllers, timer peripherals, SPI/I2C interfaces, and low-level firmware integration. Prerequisites: Solid foundational coursework in the discipline and consent of the department.",Electronics,MIT OpenCourseWare,Advanced Undergraduate
PHYS-868,Classical Mechanics and Lagrangian Dynamics,"Classical Mechanics and Lagrangian Dynamics. Advanced formulation of classical mechanics. Variational principles, Euler-Lagrange equations of motion, generalized coordinates, conservation laws, central force planetary motion, and Hamiltonian mechanics. Prerequisites: Upper-division undergraduate standing and permission of the instructor.",Physics,MIT OpenCourseWare,Advanced Undergraduate
BIOT-179,Bioprocess Engineering and Microbial Fermentation,"Bioprocess Engineering and Microbial Fermentation. Engineering principles of microbial cell cultivation. Stoichiometry of cell growth, batch and fed-batch fermentation kinetics, oxygen mass transfer rate (kLa), bioreactor scale-up, and continuous bioprocessing. Prerequisites: Solid foundational coursework in the discipline and consent of the department.",Biotechnology,Harvard University Course Catalog,Undergraduate
CHEM-829,Process Safety and Plant Design in Chemical Industry,"Process Safety and Plant Design in Chemical Industry. Design and hazard mitigation in chemical production facilities. Process flow diagrams (PFD), piping and instrumentation diagrams (P&ID), HAZOP safety reviews, pressure relief sizing, and capital cost estimation. Prerequisites: Completion of introductory undergraduate coursework in relevant engineering or scientific disciplines.",Chemical Engineering,MIT OpenCourseWare,Undergraduate
PHYS-823,Solid State and Condensed Matter Physics,"Solid State and Condensed Matter Physics. Electronic and crystal structure of solids. Bravais crystal lattices, X-ray Bragg diffraction, phonon vibrations, Bloch's theorem, energy band dispersion, and semiconductor electrical conduction. Prerequisites: Solid foundational coursework in the discipline and consent of the department.",Physics,UC Berkeley Academic Guide,Advanced Undergraduate
COMP-193,Modern Compiler Construction,"Modern Compiler Construction. Theory and design of programming language compilers. Lexical analysis, context-free grammars, LL/LR parsing, intermediate representations (SSA form), data-flow optimization, and machine code generation. Prerequisites: Upper-division undergraduate standing and permission of the instructor.",Computer Science,Stanford Engineering Catalog,Undergraduate
MECH-464,Mechanical Vibrations and Modal Analysis,"Mechanical Vibrations and Modal Analysis. Vibration analysis of single and multi-degree-of-freedom mechanical systems. Harmonic excitation, resonance response, vibration isolation dampers, continuous beam vibration, and modal extraction. Prerequisites: Completion of introductory undergraduate coursework in relevant engineering or scientific disciplines.",Mechanical,Coursera,Undergraduate
PHYS-397,Quantum Information Theory and Quantum Gates,"Quantum Information Theory and Quantum Gates. Physics of quantum computing architectures. Qubits, superposition states, quantum entanglement, unitary quantum logic gates, decoherence models, and quantum error-correcting codes. Prerequisites: Upper-division undergraduate standing and permission of the instructor.",Physics,edX,Advanced Undergraduate
MECH-777,Mechanical Vibrations and Modal Analysis,"Mechanical Vibrations and Modal Analysis. Vibration analysis of single and multi-degree-of-freedom mechanical systems. Harmonic excitation, resonance response, vibration isolation dampers, continuous beam vibration, and modal extraction. Prerequisites: Completion of introductory undergraduate coursework in relevant engineering or scientific disciplines.",Mechanical,edX,Graduate
HUMA-387,Cognitive Linguistics and Semantic Structures,"Cognitive Linguistics and Semantic Structures. Scientific study of human language and mental grammars. Phonology, morphological derivation, Chomskyan transformational syntax, cognitive semantics, pragmatic context, and sociolinguistics. Targeted towards undergraduate and beginning graduate students in relevant university programs.",Humanities,Coursera,Advanced Undergraduate
PHYS-543,Quantum Mechanics and Atomic Structure,"Quantum Mechanics and Atomic Structure. Fundamental postulates of quantum mechanics. Wave-particle duality, Schrodinger wave equation, square wells, quantum harmonic oscillator, angular momentum operators, and hydrogen atom quantum states. Prerequisites: Solid foundational coursework in the discipline and consent of the department.",Physics,Coursera,Graduate
HUMA-175,Global Economic and Civilizational History,"Global Economic and Civilizational History. Historical evolution of human societies and global trade networks. Rise and fall of ancient empires, the Enlightenment, Industrial Revolution, imperialism, and social transformations in the modern world. Targeted towards undergraduate and beginning graduate students in relevant university programs.",Humanities,Coursera,Graduate
CHEM-790,Process Safety and Plant Design in Chemical Industry,"Process Safety and Plant Design in Chemical Industry. Design and hazard mitigation in chemical production facilities. Process flow diagrams (PFD), piping and instrumentation diagrams (P&ID), HAZOP safety reviews, pressure relief sizing, and capital cost estimation. Prerequisites: Upper-division undergraduate standing and permission of the instructor.",Chemical Engineering,Harvard University Course Catalog,Graduate
BIOT-519,Bioprocess Engineering and Microbial Fermentation,"Bioprocess Engineering and Microbial Fermentation. Engineering principles of microbial cell cultivation. Stoichiometry of cell growth, batch and fed-batch fermentation kinetics, oxygen mass transfer rate (kLa), bioreactor scale-up, and continuous bioprocessing. Recommended background: Prior exposure to core analytical concepts and methodological reasoning.",Biotechnology,MIT OpenCourseWare,Undergraduate
CHEM-604,Polymer Reaction Engineering and Processing,"Polymer Reaction Engineering and Processing. Polymerization kinetics and processing techniques. Step-growth and chain-growth polymerization, molecular weight distribution modeling, rheology of non-Newtonian polymer melts, and extrusion molding. Recommended background: Prior exposure to core analytical concepts and methodological reasoning.",Chemical Engineering,Stanford Engineering Catalog,Advanced Undergraduate
PHYS-349,Solid State and Condensed Matter Physics,"Solid State and Condensed Matter Physics. Electronic and crystal structure of solids. Bravais crystal lattices, X-ray Bragg diffraction, phonon vibrations, Bloch's theorem, energy band dispersion, and semiconductor electrical conduction. Prerequisites: Upper-division undergraduate standing and permission of the instructor.",Physics,UC Berkeley Academic Guide,Graduate
HUMA-666,Critical Media Studies and Cultural Communication,"Critical Media Studies and Cultural Communication. Critical analysis of mass media institutions, digital communication networks, and popular culture. Semiotic media decoding, ideological framing, digital disinformation, and algorithmic culture. Prerequisites: Completion of introductory undergraduate coursework in relevant engineering or scientific disciplines.",Humanities,UC Berkeley Academic Guide,Undergraduate
COMP-368,Modern Compiler Construction,"Modern Compiler Construction. Theory and design of programming language compilers. Lexical analysis, context-free grammars, LL/LR parsing, intermediate representations (SSA form), data-flow optimization, and machine code generation. Prerequisites: Upper-division undergraduate standing and permission of the instructor.",Computer Science,Coursera,Graduate
MATH-304,Partial Differential Equations in Mathematical Physics,"Partial Differential Equations in Mathematical Physics. Boundary value problems for linear partial differential equations. Heat equation, wave equation, Laplace equation, separation of variables, Fourier transform methods, and Green's functions. Prerequisites: Upper-division undergraduate standing and permission of the instructor.",Mathematics,MIT OpenCourseWare,Advanced Undergraduate
MATH-612,Advanced Linear Algebra and Vector Spaces,"Advanced Linear Algebra and Vector Spaces. Vector spaces over arbitrary fields. Linear transformations, dual spaces, spectral theorem for normal operators, Jordan canonical forms, minimal polynomials, and inner product geometry. Prerequisites: Upper-division undergraduate standing and permission of the instructor.",Mathematics,Coursera,Advanced Undergraduate
BIOT-868,Molecular Biology and Recombinant DNA Technology,"Molecular Biology and Recombinant DNA Technology. Molecular mechanisms of gene expression and genetic engineering. DNA replication, transcription, translation, restriction endonucleases, plasmid cloning vectors, CRISPR-Cas9 gene editing, and PCR amplification. Prerequisites: Upper-division undergraduate standing and permission of the instructor.",Biotechnology,Coursera,Undergraduate
COMP-152,Advanced Operating Systems Design,"Advanced Operating Systems Design. Principles of operating system architecture, process scheduling, multithreading primitives, virtual memory management, inter-process communication, file system internals, and kernel concurrency synchronization locks. Prerequisites: Solid foundational coursework in the discipline and consent of the department.",Computer Science,Harvard University Course Catalog,Graduate
MECH-469,Classical Applied Thermodynamics,"Classical Applied Thermodynamics. Fundamental thermodynamic principles for engineering systems. First and second laws, closed and control volume energy balance, entropy generation, exergy analysis, vapor power Rankine cycles, and gas turbine Brayton cycles. Targeted towards undergraduate and beginning graduate students in relevant university programs.",Mechanical,Harvard University Course Catalog,Graduate
PHYS-774,Quantum Information Theory and Quantum Gates,"Quantum Information Theory and Quantum Gates. Physics of quantum computing architectures. Qubits, superposition states, quantum entanglement, unitary quantum logic gates, decoherence models, and quantum error-correcting codes. Prerequisites: Solid foundational coursework in the discipline and consent of the department.",Physics,MIT OpenCourseWare,Graduate
MATH-808,Real Analysis and Measure Theory,"Real Analysis and Measure Theory. Rigorous mathematical analysis of Euclidean spaces. Metric topologies, compactness, sequences, Cauchy convergence, Riemann-Stieltjes integration, Lebesgue measure, and dominated convergence theorem. Prerequisites: Upper-division undergraduate standing and permission of the instructor.",Mathematics,Harvard University Course Catalog,Undergraduate
CIVI-388,Design of Reinforced Concrete Structures,"Design of Reinforced Concrete Structures. Behavior and limit state design of reinforced concrete members. Ultimate flexural strength of beams, shear reinforcement detailing, one-way and two-way floor slabs, and axial-flexural interaction of columns. Prerequisites: Completion of introductory undergraduate coursework in relevant engineering or scientific disciplines.",Civil,Coursera,Graduate
COMP-627,Principles of Cybersecurity and Cryptography,"Principles of Cybersecurity and Cryptography. Foundations of computer systems security. Cryptographic primitives, symmetric and asymmetric ciphers, public-key infrastructure, memory exploit defenses, buffer overflows, and zero-trust security architectures. Targeted towards undergraduate and beginning graduate students in relevant university programs.",Computer Science,MIT OpenCourseWare,Graduate
CHEM-419,Polymer Reaction Engineering and Processing,"Polymer Reaction Engineering and Processing. Polymerization kinetics and processing techniques. Step-growth and chain-growth polymerization, molecular weight distribution modeling, rheology of non-Newtonian polymer melts, and extrusion molding. Prerequisites: Completion of introductory undergraduate coursework in relevant engineering or scientific disciplines.",Chemical Engineering,UC Berkeley Academic Guide,Graduate
HUMA-431,Philosophy of Artificial Intelligence and Mind,"Philosophy of Artificial Intelligence and Mind. Philosophical implications of computational machine intelligence. The Turing Test, Searle's Chinese Room argument, machine consciousness, ethics of autonomous algorithms, and the nature of human cognition. Prerequisites: Upper-division undergraduate standing and permission of the instructor.",Humanities,Harvard University Course Catalog,Undergraduate
BUSI-504,Organizational Behavior and Leadership,"Organizational Behavior and Leadership. Behavioral dynamics within modern corporations. Team leadership, employee motivation theories, transformational leadership styles, organizational culture, conflict management, and change execution. Targeted towards undergraduate and beginning graduate students in relevant university programs.",Business,UC Berkeley Academic Guide,Graduate
COMP-181,Deep Learning and Neural Representation,"Deep Learning and Neural Representation. Theoretical foundations and architectures of deep neural networks. Convolutional neural networks, recurrent architectures, transformer self-attention, loss surface optimization, backpropagation calculus, and GPU model training. Targeted towards undergraduate and beginning graduate students in relevant university programs.",Computer Science,UC Berkeley Academic Guide,Advanced Undergraduate
MECH-490,Manufacturing Processes and Machining,"Manufacturing Processes and Machining. Engineering materials processing. Metal casting, bulk deformation, sheet metal forming, chip formation mechanics in turning and milling, tool wear mechanisms, and CNC machining operations. Prerequisites: Upper-division undergraduate standing and permission of the instructor.",Mechanical,MIT OpenCourseWare,Graduate
BUSI-593,Strategic Marketing and Brand Positioning,"Strategic Marketing and Brand Positioning. Core marketing management frameworks. Market segmentation, targeting, and brand positioning (STP), customer lifetime value, pricing strategies, promotional channels, and brand equity development. Recommended background: Prior exposure to core analytical concepts and methodological reasoning.",Business,UC Berkeley Academic Guide,Undergraduate
HUMA-104,Cognitive Linguistics and Semantic Structures,"Cognitive Linguistics and Semantic Structures. Scientific study of human language and mental grammars. Phonology, morphological derivation, Chomskyan transformational syntax, cognitive semantics, pragmatic context, and sociolinguistics. Recommended background: Prior exposure to core analytical concepts and methodological reasoning.",Humanities,Stanford Engineering Catalog,Undergraduate
MATH-411,Probability Theory and Mathematical Statistics,"Probability Theory and Mathematical Statistics. Measure-theoretic probability foundations. Random variables, characteristic functions, laws of large numbers, central limit theorem, and maximum likelihood statistical estimation. Prerequisites: Upper-division undergraduate standing and permission of the instructor.",Mathematics,UC Berkeley Academic Guide,Graduate
BIOT-818,Stem Cell Biology and Tissue Engineering,"Stem Cell Biology and Tissue Engineering. Mechanisms of cellular pluripotency and regenerative medicine. Embryonic and induced pluripotent stem cells, biomaterial scaffolds, cell-matrix interactions, and bioreactor culture of functional engineered tissues. Targeted towards undergraduate and beginning graduate students in relevant university programs.",Biotechnology,UC Berkeley Academic Guide,Advanced Undergraduate
HUMA-533,Critical Media Studies and Cultural Communication,"Critical Media Studies and Cultural Communication. Critical analysis of mass media institutions, digital communication networks, and popular culture. Semiotic media decoding, ideological framing, digital disinformation, and algorithmic culture. Recommended background: Prior exposure to core analytical concepts and methodological reasoning.",Humanities,edX,Undergraduate
BIOT-200,Industrial Microbiology and Downstream Processing,"Industrial Microbiology and Downstream Processing. Production of pharmaceuticals and industrial metabolites using microbes. Secondary metabolite biosynthesis, cell disruption techniques, centrifugation, ultrafiltration, and preparative chromatography. Targeted towards undergraduate and beginning graduate students in relevant university programs.",Biotechnology,Coursera,Advanced Undergraduate
ELEC-342,Digital Signal Processing Systems,"Digital Signal Processing Systems. Theory and implementation of discrete-time signals and systems. Z-transforms, discrete Fourier transform (DFT), fast Fourier transform (FFT), FIR and IIR digital filter design, and hardware DSP architectures. Prerequisites: Upper-division undergraduate standing and permission of the instructor.",Electronics,Stanford Engineering Catalog,Undergraduate
CHEM-480,Biochemical Reaction and Bioseparation Engineering,"Biochemical Reaction and Bioseparation Engineering. Engineering analysis of biological reaction systems. Enzyme kinetics (Michaelis-Menten), bioreactor design and oxygen transfer aeration, sterilization protocols, and downstream protein purification chromatography. Prerequisites: Solid foundational coursework in the discipline and consent of the department.",Chemical Engineering,Coursera,Advanced Undergraduate
MECH-730,Kinematics and Dynamics of Mechanisms,"Kinematics and Dynamics of Mechanisms. Planar mechanism motion analysis. Four-bar linkages, velocity and acceleration polygon methods, dynamic force balancing, flywheel inertia determination, and balancing of rotating machinery. Prerequisites: Completion of introductory undergraduate coursework in relevant engineering or scientific disciplines.",Mechanical,UC Berkeley Academic Guide,Undergraduate
ELEC-393,Wireless Communications and RF Systems,"Wireless Communications and RF Systems. Physical principles of wireless transmission. Digital modulation formats (QAM, PSK), multipath fading channel modeling, orthogonal frequency division multiplexing (OFDM), and MIMO multi-antenna beamforming. Prerequisites: Solid foundational coursework in the discipline and consent of the department.",Electronics,UC Berkeley Academic Guide,Undergraduate
MATH-879,"Abstract Algebra: Groups, Rings and Fields","Abstract Algebra: Groups, Rings and Fields. Axiomatic algebraic structures. Group homomorphisms, normal subgroups, quotient groups, Lagrange's theorem, ring ideals, unique factorization domains (UFD), and field extensions. Targeted towards undergraduate and beginning graduate students in relevant university programs.",Mathematics,MIT OpenCourseWare,Graduate
CIVI-179,Geotechnical Soil Mechanics,"Geotechnical Soil Mechanics. Fundamental physical and engineering properties of soils. Soil classification, Darcy's permeability law, 1D Terzaghi consolidation theory, effective stress, and Mohr-Coulomb shear strength criteria. Prerequisites: Upper-division undergraduate standing and permission of the instructor.",Civil,UC Berkeley Academic Guide,Graduate
CHEM-208,Chemical Engineering Thermodynamics and Phase Equilibria,"Chemical Engineering Thermodynamics and Phase Equilibria. Thermodynamics of multicomponent fluid mixtures. Equations of state (Peng-Robinson), chemical potentials, fugacity coefficients, activity coefficient models (NRTL, UNIQUAC), and vapor-liquid equilibria (VLE). Recommended background: Prior exposure to core analytical concepts and methodological reasoning.",Chemical Engineering,Stanford Engineering Catalog,Undergraduate
CIVI-574,Hydraulic Engineering and Open Channel Flow,"Hydraulic Engineering and Open Channel Flow. Fluid flow in open channels and pipe networks. Manning's uniform flow equation, specific energy, hydraulic jumps, gradually varied flow profile computations, and culvert hydraulic sizing. Prerequisites: Upper-division undergraduate standing and permission of the instructor.",Civil,Stanford Engineering Catalog,Advanced Undergraduate
BUSI-180,Competitive Strategy and Industry Analysis,"Competitive Strategy and Industry Analysis. Frameworks for establishing sustainable competitive advantage. Porter's Five Forces, resource-based view of the firm, value chain configuration, corporate diversification, and industry disruption. Prerequisites: Solid foundational coursework in the discipline and consent of the department.",Business,Coursera,Graduate
COMP-668,Computer Networks and Internet Protocols,"Computer Networks and Internet Protocols. Architecture and layered protocols of internet systems. TCP flow and congestion control, BGP routing protocols, packet switching, DNS resolution, transport layer security (TLS), and software-defined networking. Recommended background: Prior exposure to core analytical concepts and methodological reasoning.",Computer Science,Coursera,Undergraduate
MECH-570,Mechanical Elements Machine Design,"Mechanical Elements Machine Design. Design principles for mechanical machine components. Fatigue loading life calculation, hydrodynamic journal bearings, spur and helical gear rating, bolted joint preload, compression springs, clutches, and brakes. Targeted towards undergraduate and beginning graduate students in relevant university programs.",Mechanical,Harvard University Course Catalog,Undergraduate
MECH-584,Viscous Fluid Dynamics,"Viscous Fluid Dynamics. Continuity, momentum, and energy conservation equations in fluid motion (Navier-Stokes equations). Incompressible viscous laminar flows, boundary layer separation, turbulent pipe flow, Moody friction diagrams, and aerodynamic drag. Prerequisites: Solid foundational coursework in the discipline and consent of the department.",Mechanical,Coursera,Graduate
ELEC-347,Analog Integrated Circuit Design,"Analog Integrated Circuit Design. Analysis and design of CMOS analog integrated circuits. MOSFET small-signal modeling, single-stage and differential amplifiers, active current mirrors, frequency response, feedback stability margins, and SPICE op-amp simulation. Prerequisites: Solid foundational coursework in the discipline and consent of the department.",Electronics,Coursera,Undergraduate
BUSI-734,Financial Statement Analysis and Accounting,"Financial Statement Analysis and Accounting. Interpretation and construction of financial statements under GAAP and IFRS. Balance sheets, income statements, cash flow statements, revenue recognition rules, inventory costing, and ratio analysis. Targeted towards undergraduate and beginning graduate students in relevant university programs.",Business,edX,Graduate
CHEM-562,Biochemical Processing and Enzyme Reactors,"Biochemical Processing and Enzyme Reactors. Application of reaction engineering principles to biological catalysts. Michaelis-Menten kinetics in CSTRs, aeration mass transfer in fermenters, and downstream recovery of bio-products. Prerequisites: Completion of introductory undergraduate coursework in relevant engineering or scientific disciplines.",Chemical Engineering,Coursera,Advanced Undergraduate
CIVI-662,Design of Structural Steel Buildings,"Design of Structural Steel Buildings. Design of steel structures according to AISC specifications. Tension members, compact and non-compact compression columns, laterally unsupported beams, bolted moment connections, and braced frames. Prerequisites: Upper-division undergraduate standing and permission of the instructor.",Civil,edX,Undergraduate
HUMA-267,Cultural Anthropology and Ethnographic Inquiry,"Cultural Anthropology and Ethnographic Inquiry. Comparative study of human cultures, kinship systems, and social institutions. Ethnographic fieldwork methodologies, cultural relativism, ritual symbolic systems, and globalization impacts. Prerequisites: Completion of introductory undergraduate coursework in relevant engineering or scientific disciplines.",Humanities,Stanford Engineering Catalog,Graduate
HUMA-579,Cognitive Linguistics and Semantic Structures,"Cognitive Linguistics and Semantic Structures. Scientific study of human language and mental grammars. Phonology, morphological derivation, Chomskyan transformational syntax, cognitive semantics, pragmatic context, and sociolinguistics. Prerequisites: Solid foundational coursework in the discipline and consent of the department.",Humanities,edX,Undergraduate
BUSI-248,Financial Statement Analysis and Accounting,"Financial Statement Analysis and Accounting. Interpretation and construction of financial statements under GAAP and IFRS. Balance sheets, income statements, cash flow statements, revenue recognition rules, inventory costing, and ratio analysis. Prerequisites: Completion of introductory undergraduate coursework in relevant engineering or scientific disciplines.",Business,UC Berkeley Academic Guide,Advanced Undergraduate
BIOT-494,Bioinformatics and Computational Genomics,"Bioinformatics and Computational Genomics. Computational methods for analyzing biological sequence data. Pairwise and multiple sequence alignment (BLAST), hidden Markov models, genome assembly, phylogenetic trees, and protein structural modeling. Recommended background: Prior exposure to core analytical concepts and methodological reasoning.",Biotechnology,MIT OpenCourseWare,Graduate
CIVI-206,Highway Geometric Design and Planning,"Highway Geometric Design and Planning. Principles of highway engineering. Horizontal and vertical alignment curves, sight distance requirements, highway cross-sections, intersection channelization, and AASHTO geometric standards. Prerequisites: Upper-division undergraduate standing and permission of the instructor.",Civil,Harvard University Course Catalog,Graduate
CHEM-526,Chemical Reaction Engineering and Reactor Kinetics,"Chemical Reaction Engineering and Reactor Kinetics. Kinetics of homogeneous and heterogeneous chemical reactions. Ideal batch, continuous stirred-tank (CSTR), and plug flow reactors (PFR). Catalytic kinetics, non-isothermal reactor operation, and thermal runaway prevention. Prerequisites: Upper-division undergraduate standing and permission of the instructor.",Chemical Engineering,UC Berkeley Academic Guide,Undergraduate
CHEM-651,Mass Transfer Operations and Separation Processes,"Mass Transfer Operations and Separation Processes. Equilibrium stage and rate-based separation processes. Multicomponent distillation column design, liquid-liquid extraction, gas absorption columns, membrane separations, and McCabe-Thiele stage calculations. Recommended background: Prior exposure to core analytical concepts and methodological reasoning.",Chemical Engineering,Stanford Engineering Catalog,Graduate
ELEC-486,RF and Microwave Engineering,"RF and Microwave Engineering. High-frequency electromagnetic wave propagation in transmission lines and microstrips. Smith chart impedance matching, S-parameters, microwave filter design, high-frequency power amplifiers, and directional couplers. Recommended background: Prior exposure to core analytical concepts and methodological reasoning.",Electronics,Coursera,Graduate
PHYS-533,Quantum Information Theory and Quantum Gates,"Quantum Information Theory and Quantum Gates. Physics of quantum computing architectures. Qubits, superposition states, quantum entanglement, unitary quantum logic gates, decoherence models, and quantum error-correcting codes. Prerequisites: Upper-division undergraduate standing and permission of the instructor.",Physics,Stanford Engineering Catalog,Undergraduate
MECH-726,Mechanical Vibrations and Modal Analysis,"Mechanical Vibrations and Modal Analysis. Vibration analysis of single and multi-degree-of-freedom mechanical systems. Harmonic excitation, resonance response, vibration isolation dampers, continuous beam vibration, and modal extraction. Prerequisites: Solid foundational coursework in the discipline and consent of the department.",Mechanical,Stanford Engineering Catalog,Graduate
COMP-793,Relational Database Management Systems,"Relational Database Management Systems. Database management internals, relational data algebra, declarative SQL optimization, B+ tree indexing structures, query execution plans, ACID transaction concurrency, and write-ahead logging protocols. Recommended background: Prior exposure to core analytical concepts and methodological reasoning.",Computer Science,Harvard University Course Catalog,Graduate
CIVI-611,Design of Structural Steel Buildings,"Design of Structural Steel Buildings. Design of steel structures according to AISC specifications. Tension members, compact and non-compact compression columns, laterally unsupported beams, bolted moment connections, and braced frames. Prerequisites: Solid foundational coursework in the discipline and consent of the department.",Civil,MIT OpenCourseWare,Graduate
PHYS-387,Laser Physics and Modern Quantum Optics,"Laser Physics and Modern Quantum Optics. Physics of coherent optical radiation. Spontaneous and stimulated emission, population inversion, optical resonators, laser cavity modes, photon quantization, and nonlinear optical effects. Prerequisites: Completion of introductory undergraduate coursework in relevant engineering or scientific disciplines.",Physics,MIT OpenCourseWare,Undergraduate
BIOT-355,Bioinformatics Pipeline Engineering and Transcriptomics,"Bioinformatics Pipeline Engineering and Transcriptomics. High-throughput computational pipeline design for next-generation RNA sequencing data. Statistical differential expression, variant calling algorithms, and cloud genomic workflows. Targeted towards undergraduate and beginning graduate students in relevant university programs.",Biotechnology,edX,Undergraduate
PHYS-692,Statistical Mechanics and Thermal Physics,"Statistical Mechanics and Thermal Physics. Microscopic foundations of macroscopic thermodynamic behavior. Microcanonical, canonical, and grand canonical ensembles, Maxwell-Boltzmann statistics, Bose-Einstein condensation, and Fermi-Dirac electron gas. Recommended background: Prior exposure to core analytical concepts and methodological reasoning.",Physics,Stanford Engineering Catalog,Graduate
BIOT-589,Industrial Microbiology and Downstream Processing,"Industrial Microbiology and Downstream Processing. Production of pharmaceuticals and industrial metabolites using microbes. Secondary metabolite biosynthesis, cell disruption techniques, centrifugation, ultrafiltration, and preparative chromatography. Prerequisites: Upper-division undergraduate standing and permission of the instructor.",Biotechnology,UC Berkeley Academic Guide,Undergraduate
ELEC-662,Microprocessor Hardware and Interfacing,"Microprocessor Hardware and Interfacing. Architecture of 32-bit RISC microcontrollers. Instruction pipelines, memory hierarchies, cache organization, bus protocols, interrupt controllers, timer peripherals, SPI/I2C interfaces, and low-level firmware integration. Targeted towards undergraduate and beginning graduate students in relevant university programs.",Electronics,Harvard University Course Catalog,Graduate
HUMA-284,Cultural Anthropology and Ethnographic Inquiry,"Cultural Anthropology and Ethnographic Inquiry. Comparative study of human cultures, kinship systems, and social institutions. Ethnographic fieldwork methodologies, cultural relativism, ritual symbolic systems, and globalization impacts. Recommended background: Prior exposure to core analytical concepts and methodological reasoning.",Humanities,edX,Advanced Undergraduate
MECH-224,Conduction and Convective Heat Transfer,"Conduction and Convective Heat Transfer. Heat transfer mechanisms in mechanical systems. Steady and transient conduction, Fourier's law, forced and natural convection boundary layers, dimensionless Nusselt numbers, and heat exchanger effectiveness (NTU method). Prerequisites: Completion of introductory undergraduate coursework in relevant engineering or scientific disciplines.",Mechanical,Stanford Engineering Catalog,Undergraduate
HUMA-790,Cognitive Linguistics and Semantic Structures,"Cognitive Linguistics and Semantic Structures. Scientific study of human language and mental grammars. Phonology, morphological derivation, Chomskyan transformational syntax, cognitive semantics, pragmatic context, and sociolinguistics. Recommended background: Prior exposure to core analytical concepts and methodological reasoning.",Humanities,Coursera,Advanced Undergraduate
CHEM-409,Mass Transfer Operations and Separation Processes,"Mass Transfer Operations and Separation Processes. Equilibrium stage and rate-based separation processes. Multicomponent distillation column design, liquid-liquid extraction, gas absorption columns, membrane separations, and McCabe-Thiele stage calculations. Targeted towards undergraduate and beginning graduate students in relevant university programs.",Chemical Engineering,MIT OpenCourseWare,Undergraduate
ELEC-725,RF and Microwave Engineering,"RF and Microwave Engineering. High-frequency electromagnetic wave propagation in transmission lines and microstrips. Smith chart impedance matching, S-parameters, microwave filter design, high-frequency power amplifiers, and directional couplers. Prerequisites: Completion of introductory undergraduate coursework in relevant engineering or scientific disciplines.",Electronics,Stanford Engineering Catalog,Undergraduate
ELEC-218,RF and Microwave Engineering,"RF and Microwave Engineering. High-frequency electromagnetic wave propagation in transmission lines and microstrips. Smith chart impedance matching, S-parameters, microwave filter design, high-frequency power amplifiers, and directional couplers. Prerequisites: Upper-division undergraduate standing and permission of the instructor.",Electronics,Stanford Engineering Catalog,Undergraduate
ELEC-228,RF and Microwave Engineering,"RF and Microwave Engineering. High-frequency electromagnetic wave propagation in transmission lines and microstrips. Smith chart impedance matching, S-parameters, microwave filter design, high-frequency power amplifiers, and directional couplers. Recommended background: Prior exposure to core analytical concepts and methodological reasoning.",Electronics,edX,Advanced Undergraduate
MATH-627,"Abstract Algebra: Groups, Rings and Fields","Abstract Algebra: Groups, Rings and Fields. Axiomatic algebraic structures. Group homomorphisms, normal subgroups, quotient groups, Lagrange's theorem, ring ideals, unique factorization domains (UFD), and field extensions. Prerequisites: Completion of introductory undergraduate coursework in relevant engineering or scientific disciplines.",Mathematics,Coursera,Graduate
CHEM-840,Biochemical Reaction and Bioseparation Engineering,"Biochemical Reaction and Bioseparation Engineering. Engineering analysis of biological reaction systems. Enzyme kinetics (Michaelis-Menten), bioreactor design and oxygen transfer aeration, sterilization protocols, and downstream protein purification chromatography. Prerequisites: Solid foundational coursework in the discipline and consent of the department.",Chemical Engineering,Stanford Engineering Catalog,Advanced Undergraduate
HUMA-114,Cognitive Linguistics and Semantic Structures,"Cognitive Linguistics and Semantic Structures. Scientific study of human language and mental grammars. Phonology, morphological derivation, Chomskyan transformational syntax, cognitive semantics, pragmatic context, and sociolinguistics. Targeted towards undergraduate and beginning graduate students in relevant university programs.",Humanities,MIT OpenCourseWare,Undergraduate
PHYS-455,Quantum Information Theory and Quantum Gates,"Quantum Information Theory and Quantum Gates. Physics of quantum computing architectures. Qubits, superposition states, quantum entanglement, unitary quantum logic gates, decoherence models, and quantum error-correcting codes. Targeted towards undergraduate and beginning graduate students in relevant university programs.",Physics,MIT OpenCourseWare,Advanced Undergraduate
ELEC-292,Digital VLSI Architecture and Design,"Digital VLSI Architecture and Design. CMOS digital logic design and physical layout. Static and dynamic power consumption, propagation delay calculation, static timing analysis (STA), clock tree synthesis, and Verilog hardware description language. Targeted towards undergraduate and beginning graduate students in relevant university programs.",Electronics,Stanford Engineering Catalog,Advanced Undergraduate
ELEC-682,RF and Microwave Engineering,"RF and Microwave Engineering. High-frequency electromagnetic wave propagation in transmission lines and microstrips. Smith chart impedance matching, S-parameters, microwave filter design, high-frequency power amplifiers, and directional couplers. Prerequisites: Completion of introductory undergraduate coursework in relevant engineering or scientific disciplines.",Electronics,Harvard University Course Catalog,Undergraduate
CHEM-530,Mass Transfer Operations and Separation Processes,"Mass Transfer Operations and Separation Processes. Equilibrium stage and rate-based separation processes. Multicomponent distillation column design, liquid-liquid extraction, gas absorption columns, membrane separations, and McCabe-Thiele stage calculations. Recommended background: Prior exposure to core analytical concepts and methodological reasoning.",Chemical Engineering,Stanford Engineering Catalog,Graduate
COMP-102,Principles of Cybersecurity and Cryptography,"Principles of Cybersecurity and Cryptography. Foundations of computer systems security. Cryptographic primitives, symmetric and asymmetric ciphers, public-key infrastructure, memory exploit defenses, buffer overflows, and zero-trust security architectures. Prerequisites: Completion of introductory undergraduate coursework in relevant engineering or scientific disciplines.",Computer Science,UC Berkeley Academic Guide,Graduate
MECH-449,Conduction and Convective Heat Transfer,"Conduction and Convective Heat Transfer. Heat transfer mechanisms in mechanical systems. Steady and transient conduction, Fourier's law, forced and natural convection boundary layers, dimensionless Nusselt numbers, and heat exchanger effectiveness (NTU method). Prerequisites: Upper-division undergraduate standing and permission of the instructor.",Mechanical,Harvard University Course Catalog,Undergraduate
CHEM-538,Process Safety and Plant Design in Chemical Industry,"Process Safety and Plant Design in Chemical Industry. Design and hazard mitigation in chemical production facilities. Process flow diagrams (PFD), piping and instrumentation diagrams (P&ID), HAZOP safety reviews, pressure relief sizing, and capital cost estimation. Targeted towards undergraduate and beginning graduate students in relevant university programs.",Chemical Engineering,MIT OpenCourseWare,Advanced Undergraduate
BUSI-610,Entrepreneurial Finance and Venture Capital,"Entrepreneurial Finance and Venture Capital. Financing emerging high-growth ventures. Term sheets, convertible notes, venture valuation methods, capitalization tables, angel financing, and startup exit strategies. Prerequisites: Solid foundational coursework in the discipline and consent of the department.",Business,Coursera,Undergraduate
COMP-766,Principles of Cybersecurity and Cryptography,"Principles of Cybersecurity and Cryptography. Foundations of computer systems security. Cryptographic primitives, symmetric and asymmetric ciphers, public-key infrastructure, memory exploit defenses, buffer overflows, and zero-trust security architectures. Targeted towards undergraduate and beginning graduate students in relevant university programs.",Computer Science,MIT OpenCourseWare,Advanced Undergraduate
BUSI-761,Corporate Finance and Capital Structure,"Corporate Finance and Capital Structure. Financial decision making in corporations. Capital budgeting discounted cash flows (NPV, IRR), weighted average cost of capital (WACC), debt vs equity financing, dividend policy, and corporate governance. Prerequisites: Completion of introductory undergraduate coursework in relevant engineering or scientific disciplines.",Business,edX,Advanced Undergraduate
HUMA-529,Critical Media Studies and Cultural Communication,"Critical Media Studies and Cultural Communication. Critical analysis of mass media institutions, digital communication networks, and popular culture. Semiotic media decoding, ideological framing, digital disinformation, and algorithmic culture. Prerequisites: Solid foundational coursework in the discipline and consent of the department.",Humanities,Stanford Engineering Catalog,Undergraduate
COMP-727,Computational Biology and Genome Informatics,"Computational Biology and Genome Informatics. Algorithm development for biological big data. Sequence alignment algorithms, phylogenetic tree clustering, genome assembly heuristics, and neural network models for protein folding. Prerequisites: Solid foundational coursework in the discipline and consent of the department.",Computer Science,Harvard University Course Catalog,Graduate
